monster,game,input,value,unit,source
abyssal-lagiacrus,MH3U,hitzone_max_raw,45,"raw hitzone % (max of cut/impact/shot, sentinels excluded)",https://raw.githubusercontent.com/dbooga/MonsterHunter3UDatabase/master/MonsterHunter3UDatabase/assets/mh3u.sqlite
acidic-glavenus,MHWorld,base_hp,2990,HP,https://mhworld.kiranico.com/en/monsters/KpViL/acidic-glavenus
acidic-glavenus,MHWorld,enrage_attack_mult,1,"multiplier (Low Rank/High Rank column, not Master Rank)",https://mhworld.kiranico.com/en/monsters/KpViL/acidic-glavenus
acidic-glavenus,MHWorld,enrage_duration,130,"seconds (Low Rank/High Rank column, not Master Rank)",https://mhworld.kiranico.com/en/monsters/KpViL/acidic-glavenus
acidic-glavenus,MHWorld,enrage_speed_mult,1.1,"multiplier (Low Rank/High Rank column, not Master Rank)",https://mhworld.kiranico.com/en/monsters/KpViL/acidic-glavenus
acidic-glavenus,MHWorld,enrage_trigger,370,"damage points (Low Rank/High Rank column, not Master Rank)",https://mhworld.kiranico.com/en/monsters/KpViL/acidic-glavenus
acidic-glavenus,MHWorld,head_stagger,350,"damage (Part Breakability, exact ""Head"" row)",https://mhworld.kiranico.com/en/monsters/KpViL/acidic-glavenus
acidic-glavenus,MHWorld,hitzone_max_raw,65,"raw hitzone % (max sever/blunt/shot over LR/HR Physiology rows, including state-variant parts e.g. ""Head (White)"", excluding Master Rank override rows)",https://mhworld.kiranico.com/en/monsters/KpViL/acidic-glavenus
acidic-glavenus,MHWorld,move_power_max,100,motion value (max over Monster Attacks rows; poedb only lists a subset so is not used here),https://mhworld.kiranico.com/en/monsters/KpViL/acidic-glavenus
acidic-glavenus,MHWorld,size_base,2372.44,cm (poedb Base; never derived as gold/1.23 — crown thresholds are per-monster),https://mhw.poedb.tw/eng/monster/67/Acidic%20Glavenus
acidic-glavenus,MHWorld,size_gold,2846.93,cm (gold crown threshold),https://mhworld.kiranico.com/en/monsters/KpViL/acidic-glavenus
acidic-glavenus,MHWorld,tolerance_paralysis,180,status build-up points,https://mhworld.kiranico.com/en/monsters/KpViL/acidic-glavenus
acidic-glavenus,MHWorld,tolerance_poison,150,status build-up points,https://mhworld.kiranico.com/en/monsters/KpViL/acidic-glavenus
acidic-glavenus,MHWorld,tolerance_sleep,150,status build-up points,https://mhworld.kiranico.com/en/monsters/KpViL/acidic-glavenus
acidic-glavenus,MHWorld,tolerance_stun,150,status build-up points,https://mhworld.kiranico.com/en/monsters/KpViL/acidic-glavenus
agnaktor,MHGU,base_hp,4600,HP,https://raw.githubusercontent.com/gatheringhallstudios/MHGenDatabase/master/app/src/main/assets/databases/mhgu.db.zip
agnaktor,MHGU,head_stagger,200,stagger threshold (raw),https://mhgu.kiranico.com/monster/677b6
agnaktor,MHGU,hitzone_max_raw,60,raw hitzone percent (max over all Kiranico GU states),https://mhgu.kiranico.com/monster/677b6
agnaktor,MHGU,size_base,2737.31,cm,https://mhgu.kiranico.com/monster/677b6
agnaktor,MHGU,size_gold,3366.89,cm,https://mhgu.kiranico.com/monster/677b6
agnaktor,MHGU,tolerance_paralysis,180,status build-up points,https://raw.githubusercontent.com/gatheringhallstudios/MHGenDatabase/master/app/src/main/assets/databases/mhgu.db.zip
agnaktor,MHGU,tolerance_poison,180,status build-up points,https://raw.githubusercontent.com/gatheringhallstudios/MHGenDatabase/master/app/src/main/assets/databases/mhgu.db.zip
agnaktor,MHGU,tolerance_sleep,180,status build-up points,https://raw.githubusercontent.com/gatheringhallstudios/MHGenDatabase/master/app/src/main/assets/databases/mhgu.db.zip
agnaktor,MHGU,tolerance_stun,200,status build-up points,https://raw.githubusercontent.com/gatheringhallstudios/MHGenDatabase/master/app/src/main/assets/databases/mhgu.db.zip
ahtal-ka,MHGU,base_hp,4900,HP,https://raw.githubusercontent.com/gatheringhallstudios/MHGenDatabase/master/app/src/main/assets/databases/mhgu.db.zip
ahtal-ka,MHGU,head_stagger,350,stagger threshold (raw),https://mhgu.kiranico.com/monster/6eaad
ahtal-ka,MHGU,hitzone_max_raw,70,raw hitzone percent (max over all Kiranico GU states),https://mhgu.kiranico.com/monster/6eaad
ahtal-ka,MHGU,size_base,1223.67,cm,https://mhgu.kiranico.com/monster/6eaad
ahtal-ka,MHGU,tolerance_paralysis,350,status build-up points,https://raw.githubusercontent.com/gatheringhallstudios/MHGenDatabase/master/app/src/main/assets/databases/mhgu.db.zip
ahtal-ka,MHGU,tolerance_poison,180,status build-up points,https://raw.githubusercontent.com/gatheringhallstudios/MHGenDatabase/master/app/src/main/assets/databases/mhgu.db.zip
ahtal-ka,MHGU,tolerance_sleep,350,status build-up points,https://raw.githubusercontent.com/gatheringhallstudios/MHGenDatabase/master/app/src/main/assets/databases/mhgu.db.zip
ahtal-ka,MHGU,tolerance_stun,150,status build-up points,https://raw.githubusercontent.com/gatheringhallstudios/MHGenDatabase/master/app/src/main/assets/databases/mhgu.db.zip
ajarakan,MHWilds,base_hp,5200,HP points,https://wilds.mhdb.io/en/monsters
ajarakan,MHWilds,enrage_attack_mult,1.1,multiplier (High Rank),https://raw.githubusercontent.com/robomeche/MHWilds-Database/main/monster/assets/json/MHWilds_Data_compact.json.gz
ajarakan,MHWilds,enrage_duration,120,seconds (High Rank),https://raw.githubusercontent.com/robomeche/MHWilds-Database/main/monster/assets/json/MHWilds_Data_compact.json.gz
ajarakan,MHWilds,enrage_speed_mult,1.05,motion-speed multiplier (High Rank),https://raw.githubusercontent.com/robomeche/MHWilds-Database/main/monster/assets/json/MHWilds_Data_compact.json.gz
ajarakan,MHWilds,enrage_trigger,1500,damage points (High Rank),https://raw.githubusercontent.com/robomeche/MHWilds-Database/main/monster/assets/json/MHWilds_Data_compact.json.gz
ajarakan,MHWilds,head_stagger,600,damage points (base),https://raw.githubusercontent.com/robomeche/MHWilds-Database/main/monster/assets/json/MHWilds_Data_compact.json.gz
ajarakan,MHWilds,hitzone_max_raw,50,"percent (robomeche Meat, default state max)",https://raw.githubusercontent.com/robomeche/MHWilds-Database/main/monster/assets/json/MHWilds_Data_compact.json.gz
ajarakan,MHWilds,size_base,1164.36,cm,https://wilds.mhdb.io/en/monsters
ajarakan,MHWilds,size_gold,1432.1628,cm,https://wilds.mhdb.io/en/monsters
ajarakan,MHWilds,tolerance_paralysis,180,status build-up points,https://raw.githubusercontent.com/robomeche/MHWilds-Database/main/monster/assets/json/MHWilds_Data_compact.json.gz
ajarakan,MHWilds,tolerance_poison,150,status build-up points,https://raw.githubusercontent.com/robomeche/MHWilds-Database/main/monster/assets/json/MHWilds_Data_compact.json.gz
ajarakan,MHWilds,tolerance_sleep,150,status build-up points,https://raw.githubusercontent.com/robomeche/MHWilds-Database/main/monster/assets/json/MHWilds_Data_compact.json.gz
ajarakan,MHWilds,tolerance_stun,120,stun (KO) build-up points,https://raw.githubusercontent.com/robomeche/MHWilds-Database/main/monster/assets/json/MHWilds_Data_compact.json.gz
akantor,MH4U,base_hp,6000,HP,https://kiranico.com/en/mh4u/monster/akantor
akantor,MHGU,base_hp,7100,HP,https://raw.githubusercontent.com/gatheringhallstudios/MHGenDatabase/master/app/src/main/assets/databases/mhgu.db.zip
akantor,MH4U,enrage_attack_mult,1.4,multiplier,https://kiranico.com/en/mh4u/monster/akantor
akantor,MH4U,enrage_duration,100,seconds,https://kiranico.com/en/mh4u/monster/akantor
akantor,MH4U,enrage_speed_mult,1.3,multiplier,https://kiranico.com/en/mh4u/monster/akantor
akantor,MH4U,head_stagger,260,damage,https://kiranico.com/en/mh4u/monster/akantor
akantor,MHGU,head_stagger,260,stagger threshold (raw),https://mhgu.kiranico.com/monster/678b6
akantor,MH4U,hitzone_max_raw,60,hitzone %,https://kiranico.com/en/mh4u/monster/akantor
akantor,MHGU,hitzone_max_raw,65,raw hitzone percent (max over all Kiranico GU states),https://mhgu.kiranico.com/monster/678b6
akantor,MHGU,size_base,3049,cm,https://mhgu.kiranico.com/monster/678b6
akantor,MH4U,tolerance_paralysis,350,status build-up points,https://kiranico.com/en/mh4u/monster/akantor
akantor,MHGU,tolerance_paralysis,350,status build-up points,https://raw.githubusercontent.com/gatheringhallstudios/MHGenDatabase/master/app/src/main/assets/databases/mhgu.db.zip
akantor,MH4U,tolerance_poison,400,status build-up points,https://kiranico.com/en/mh4u/monster/akantor
akantor,MHGU,tolerance_poison,400,status build-up points,https://raw.githubusercontent.com/gatheringhallstudios/MHGenDatabase/master/app/src/main/assets/databases/mhgu.db.zip
akantor,MH4U,tolerance_sleep,350,status build-up points,https://kiranico.com/en/mh4u/monster/akantor
akantor,MHGU,tolerance_sleep,350,status build-up points,https://raw.githubusercontent.com/gatheringhallstudios/MHGenDatabase/master/app/src/main/assets/databases/mhgu.db.zip
akantor,MH4U,tolerance_stun,200,status build-up points,https://kiranico.com/en/mh4u/monster/akantor
akantor,MHGU,tolerance_stun,200,status build-up points,https://raw.githubusercontent.com/gatheringhallstudios/MHGenDatabase/master/app/src/main/assets/databases/mhgu.db.zip
aknosom,MHRS,base_hp,4500,"HP (base_hp_vital, LR/HR)",https://mhrice.info/mhrice.json
aknosom,MHRS,enrage_attack_mult,1.1,multiplier,https://mhrice.info/mhrice.json
aknosom,MHRS,enrage_duration,90,seconds,https://mhrice.info/mhrice.json
aknosom,MHRS,enrage_speed_mult,1.1,motion-rate multiplier,https://mhrice.info/mhrice.json
aknosom,MHRS,enrage_trigger,1050,damage points (High Rank),https://mhrice.info/mhrice.json
aknosom,MHRS,head_stagger,250,"part vital (flinch value, LR/HR)",https://mhrice.info/mhrice.json
aknosom,MHRS,hitzone_max_raw,80,hitzone percent (max over all parts and phases),https://mhrice.info/mhrice.json
aknosom,MHRS,move_power_max,80,raw damage (max base_damage),https://mhrice.info/mhrice.json
aknosom,MHRS,size_base,998.33,cm,https://mhrice.info/mhrice.json
aknosom,MHRS,size_gold,1043.7540150000002,cm (base_size * king_boarder),https://mhrice.info/mhrice.json
aknosom,MHRS,tolerance_paralysis,180,status build-up points,https://mhrice.info/mhrice.json
aknosom,MHRS,tolerance_poison,150,status build-up points,https://mhrice.info/mhrice.json
aknosom,MHRS,tolerance_sleep,150,status build-up points,https://mhrice.info/mhrice.json
aknosom,MHRS,tolerance_stun,120,status build-up points,https://mhrice.info/mhrice.json
alatreon,MHGU,base_hp,6000,HP,https://raw.githubusercontent.com/gatheringhallstudios/MHGenDatabase/master/app/src/main/assets/databases/mhgu.db.zip
alatreon,MHWorld,base_hp,5000,HP,https://mhworld.kiranico.com/en/monsters/ErdcV/alatreon
alatreon,MHWorld,enrage_attack_mult,1.2,"multiplier (Low Rank/High Rank column, not Master Rank)",https://mhworld.kiranico.com/en/monsters/ErdcV/alatreon
alatreon,MHWorld,enrage_duration,150,"seconds (Low Rank/High Rank column, not Master Rank)",https://mhworld.kiranico.com/en/monsters/ErdcV/alatreon
alatreon,MHWorld,enrage_speed_mult,1.05,"multiplier (Low Rank/High Rank column, not Master Rank)",https://mhworld.kiranico.com/en/monsters/ErdcV/alatreon
alatreon,MHWorld,enrage_trigger,500,"damage points (Low Rank/High Rank column, not Master Rank)",https://mhworld.kiranico.com/en/monsters/ErdcV/alatreon
alatreon,MHGU,head_stagger,400,stagger threshold (raw),https://mhgu.kiranico.com/monster/6bd96
alatreon,MHWorld,head_stagger,555,"damage (Part Breakability, exact ""Head"" row)",https://mhworld.kiranico.com/en/monsters/ErdcV/alatreon
alatreon,MHGU,hitzone_max_raw,65,raw hitzone percent (max over all Kiranico GU states),https://mhgu.kiranico.com/monster/6bd96
alatreon,MHWorld,hitzone_max_raw,85,"raw hitzone % (max sever/blunt/shot over LR/HR Physiology rows, including state-variant parts e.g. ""Head (White)"", excluding Master Rank override rows)",https://mhworld.kiranico.com/en/monsters/ErdcV/alatreon
alatreon,MHWorld,move_power_max,75,motion value (max over Monster Attacks rows; poedb only lists a subset so is not used here),https://mhworld.kiranico.com/en/monsters/ErdcV/alatreon
alatreon,MHGU,size_base,2872.48,cm,https://mhgu.kiranico.com/monster/6bd96
alatreon,MHWorld,size_base,2969.63,cm (poedb Base; never derived as gold/1.23 — crown thresholds are per-monster),https://mhw.poedb.tw/eng/monster/87/Alatreon
alatreon,MHWorld,size_gold,3652.64,cm (gold crown threshold),https://mhworld.kiranico.com/en/monsters/ErdcV/alatreon
alatreon,MHGU,tolerance_paralysis,250,status build-up points,https://raw.githubusercontent.com/gatheringhallstudios/MHGenDatabase/master/app/src/main/assets/databases/mhgu.db.zip
alatreon,MHWorld,tolerance_paralysis,300,status build-up points,https://mhworld.kiranico.com/en/monsters/ErdcV/alatreon
alatreon,MHGU,tolerance_poison,180,status build-up points,https://raw.githubusercontent.com/gatheringhallstudios/MHGenDatabase/master/app/src/main/assets/databases/mhgu.db.zip
alatreon,MHWorld,tolerance_poison,300,status build-up points,https://mhworld.kiranico.com/en/monsters/ErdcV/alatreon
alatreon,MHGU,tolerance_sleep,250,status build-up points,https://raw.githubusercontent.com/gatheringhallstudios/MHGenDatabase/master/app/src/main/assets/databases/mhgu.db.zip
alatreon,MHWorld,tolerance_sleep,300,status build-up points,https://mhworld.kiranico.com/en/monsters/ErdcV/alatreon
alatreon,MHGU,tolerance_stun,200,status build-up points,https://raw.githubusercontent.com/gatheringhallstudios/MHGenDatabase/master/app/src/main/assets/databases/mhgu.db.zip
alatreon,MHWorld,tolerance_stun,200,status build-up points,https://mhworld.kiranico.com/en/monsters/ErdcV/alatreon
almudron,MHRS,base_hp,4500,"HP (base_hp_vital, LR/HR)",https://mhrice.info/mhrice.json
almudron,MHRS,enrage_attack_mult,1.1,multiplier,https://mhrice.info/mhrice.json
almudron,MHRS,enrage_duration,90,seconds,https://mhrice.info/mhrice.json
almudron,MHRS,enrage_speed_mult,1.1,motion-rate multiplier,https://mhrice.info/mhrice.json
almudron,MHRS,enrage_trigger,1050,damage points (High Rank),https://mhrice.info/mhrice.json
almudron,MHRS,head_stagger,300,"part vital (flinch value, LR/HR)",https://mhrice.info/mhrice.json
almudron,MHRS,hitzone_max_raw,100,hitzone percent (max over all parts and phases),https://mhrice.info/mhrice.json
almudron,MHRS,move_power_max,90,raw damage (max base_damage),https://mhrice.info/mhrice.json
almudron,MHRS,size_base,2694.5,cm,https://mhrice.info/mhrice.json
almudron,MHRS,size_gold,3314.235,cm (base_size * king_boarder),https://mhrice.info/mhrice.json
almudron,MHRS,tolerance_paralysis,180,status build-up points,https://mhrice.info/mhrice.json
almudron,MHRS,tolerance_poison,150,status build-up points,https://mhrice.info/mhrice.json
almudron,MHRS,tolerance_sleep,150,status build-up points,https://mhrice.info/mhrice.json
almudron,MHRS,tolerance_stun,150,status build-up points,https://mhrice.info/mhrice.json
amatsu,MHGU,base_hp,8700,HP,https://raw.githubusercontent.com/gatheringhallstudios/MHGenDatabase/master/app/src/main/assets/databases/mhgu.db.zip
amatsu,MHRS,base_hp,6000,"HP (base_hp_vital, LR/HR)",https://mhrice.info/mhrice.json
amatsu,MHRS,enrage_attack_mult,1.2,multiplier,https://mhrice.info/mhrice.json
amatsu,MHRS,enrage_duration,150,seconds,https://mhrice.info/mhrice.json
amatsu,MHRS,enrage_speed_mult,1.15,motion-rate multiplier,https://mhrice.info/mhrice.json
amatsu,MHRS,enrage_trigger,2000,damage points (High Rank),https://mhrice.info/mhrice.json
amatsu,MHGU,head_stagger,380,stagger threshold (raw),https://mhgu.kiranico.com/monster/69946
amatsu,MHRS,head_stagger,400,"part vital (flinch value, LR/HR)",https://mhrice.info/mhrice.json
amatsu,MHGU,hitzone_max_raw,80,raw hitzone percent (max over all Kiranico GU states),https://mhgu.kiranico.com/monster/69946
amatsu,MHRS,hitzone_max_raw,75,hitzone percent (max over all parts and phases),https://mhrice.info/mhrice.json
amatsu,MHRS,move_power_max,100,raw damage (max base_damage),https://mhrice.info/mhrice.json
amatsu,MHGU,size_base,2611.48,cm,https://mhgu.kiranico.com/monster/69946
amatsu,MHRS,size_base,3440.72,cm,https://mhrice.info/mhrice.json
amatsu,MHRS,size_gold,4232.085599999999,cm (base_size * king_boarder),https://mhrice.info/mhrice.json
amatsu,MHGU,tolerance_paralysis,250,status build-up points,https://raw.githubusercontent.com/gatheringhallstudios/MHGenDatabase/master/app/src/main/assets/databases/mhgu.db.zip
amatsu,MHRS,tolerance_paralysis,300,status build-up points,https://mhrice.info/mhrice.json
amatsu,MHGU,tolerance_poison,180,status build-up points,https://raw.githubusercontent.com/gatheringhallstudios/MHGenDatabase/master/app/src/main/assets/databases/mhgu.db.zip
amatsu,MHRS,tolerance_poison,250,status build-up points,https://mhrice.info/mhrice.json
amatsu,MHGU,tolerance_sleep,250,status build-up points,https://raw.githubusercontent.com/gatheringhallstudios/MHGenDatabase/master/app/src/main/assets/databases/mhgu.db.zip
amatsu,MHRS,tolerance_sleep,300,status build-up points,https://mhrice.info/mhrice.json
amatsu,MHGU,tolerance_stun,230,status build-up points,https://raw.githubusercontent.com/gatheringhallstudios/MHGenDatabase/master/app/src/main/assets/databases/mhgu.db.zip
amatsu,MHRS,tolerance_stun,300,status build-up points,https://mhrice.info/mhrice.json
ancient-leshen,MHWorld,base_hp,13500,HP,https://mhworld.kiranico.com/en/monsters/N3vuk/ancient-leshen
ancient-leshen,MHWorld,head_stagger,2000,"damage (Part Breakability, exact ""Head"" row)",https://mhworld.kiranico.com/en/monsters/N3vuk/ancient-leshen
ancient-leshen,MHWorld,hitzone_max_raw,65,"raw hitzone % (max sever/blunt/shot over LR/HR Physiology rows, including state-variant parts e.g. ""Head (White)"", excluding Master Rank override rows)",https://mhworld.kiranico.com/en/monsters/N3vuk/ancient-leshen
ancient-leshen,MHWorld,move_power_max,250,motion value (max over Monster Attacks rows; poedb only lists a subset so is not used here),https://mhworld.kiranico.com/en/monsters/N3vuk/ancient-leshen
ancient-leshen,MHWorld,size_base,633.81,cm (poedb Base; never derived as gold/1.23 — crown thresholds are per-monster),https://mhw.poedb.tw/eng/monster/51/Ancient%20Leshen
ancient-leshen,MHWorld,size_gold,779.59,cm (gold crown threshold),https://mhworld.kiranico.com/en/monsters/N3vuk/ancient-leshen
ancient-leshen,MHWorld,tolerance_paralysis,300,status build-up points,https://mhworld.kiranico.com/en/monsters/N3vuk/ancient-leshen
ancient-leshen,MHWorld,tolerance_poison,150,status build-up points,https://mhworld.kiranico.com/en/monsters/N3vuk/ancient-leshen
ancient-leshen,MHWorld,tolerance_stun,250,status build-up points,https://mhworld.kiranico.com/en/monsters/N3vuk/ancient-leshen
anjanath,MHRS,base_hp,4000,"HP (base_hp_vital, LR/HR)",https://mhrice.info/mhrice.json
anjanath,MHRS,enrage_attack_mult,1.1,multiplier,https://mhrice.info/mhrice.json
anjanath,MHRS,enrage_duration,130,seconds,https://mhrice.info/mhrice.json
anjanath,MHRS,enrage_speed_mult,1.14,motion-rate multiplier,https://mhrice.info/mhrice.json
anjanath,MHRS,enrage_trigger,750,damage points (High Rank),https://mhrice.info/mhrice.json
anjanath,MHRS,head_stagger,240,"part vital (flinch value, LR/HR)",https://mhrice.info/mhrice.json
anjanath,MHRS,hitzone_max_raw,80,hitzone percent (max over all parts and phases),https://mhrice.info/mhrice.json
anjanath,MHRS,move_power_max,120,raw damage (max base_damage),https://mhrice.info/mhrice.json
anjanath,MHRS,size_base,1646.46,cm,https://mhrice.info/mhrice.json
anjanath,MHRS,size_gold,2025.1458,cm (base_size * king_boarder),https://mhrice.info/mhrice.json
anjanath,MHRS,tolerance_paralysis,180,status build-up points,https://mhrice.info/mhrice.json
anjanath,MHRS,tolerance_poison,150,status build-up points,https://mhrice.info/mhrice.json
anjanath,MHRS,tolerance_sleep,150,status build-up points,https://mhrice.info/mhrice.json
anjanath,MHRS,tolerance_stun,150,status build-up points,https://mhrice.info/mhrice.json
apex-arzuros,MHRS,base_hp,4500,"HP (base_hp_vital, LR/HR)",https://mhrice.info/mhrice.json
apex-arzuros,MHRS,enrage_attack_mult,1.2,multiplier,https://mhrice.info/mhrice.json
apex-arzuros,MHRS,enrage_duration,80,seconds,https://mhrice.info/mhrice.json
apex-arzuros,MHRS,enrage_speed_mult,0.85,motion-rate multiplier,https://mhrice.info/mhrice.json
apex-arzuros,MHRS,enrage_trigger,900,damage points (High Rank),https://mhrice.info/mhrice.json
apex-arzuros,MHRS,head_stagger,300,"part vital (flinch value, LR/HR)",https://mhrice.info/mhrice.json
apex-arzuros,MHRS,hitzone_max_raw,70,hitzone percent (max over all parts and phases),https://mhrice.info/mhrice.json
apex-arzuros,MHRS,move_power_max,90,raw damage (max base_damage),https://mhrice.info/mhrice.json
apex-arzuros,MHRS,size_base,710.3,cm,https://mhrice.info/mhrice.json
apex-arzuros,MHRS,size_gold,745.8149999999999,cm (base_size * king_boarder),https://mhrice.info/mhrice.json
apex-arzuros,MHRS,tolerance_paralysis,300,status build-up points,https://mhrice.info/mhrice.json
apex-arzuros,MHRS,tolerance_poison,150,status build-up points,https://mhrice.info/mhrice.json
apex-arzuros,MHRS,tolerance_sleep,250,status build-up points,https://mhrice.info/mhrice.json
apex-arzuros,MHRS,tolerance_stun,150,status build-up points,https://mhrice.info/mhrice.json
apex-diablos,MHRS,base_hp,4800,"HP (base_hp_vital, LR/HR)",https://mhrice.info/mhrice.json
apex-diablos,MHRS,enrage_attack_mult,1.2,multiplier,https://mhrice.info/mhrice.json
apex-diablos,MHRS,enrage_duration,80,seconds,https://mhrice.info/mhrice.json
apex-diablos,MHRS,enrage_speed_mult,1.1,motion-rate multiplier,https://mhrice.info/mhrice.json
apex-diablos,MHRS,enrage_trigger,800,damage points (High Rank),https://mhrice.info/mhrice.json
apex-diablos,MHRS,head_stagger,400,"part vital (flinch value, LR/HR)",https://mhrice.info/mhrice.json
apex-diablos,MHRS,hitzone_max_raw,63,hitzone percent (max over all parts and phases),https://mhrice.info/mhrice.json
apex-diablos,MHRS,move_power_max,140,raw damage (max base_damage),https://mhrice.info/mhrice.json
apex-diablos,MHRS,size_base,2270.94,cm,https://mhrice.info/mhrice.json
apex-diablos,MHRS,size_gold,2793.2562,cm (base_size * king_boarder),https://mhrice.info/mhrice.json
apex-diablos,MHRS,tolerance_paralysis,300,status build-up points,https://mhrice.info/mhrice.json
apex-diablos,MHRS,tolerance_poison,150,status build-up points,https://mhrice.info/mhrice.json
apex-diablos,MHRS,tolerance_sleep,250,status build-up points,https://mhrice.info/mhrice.json
apex-diablos,MHRS,tolerance_stun,150,status build-up points,https://mhrice.info/mhrice.json
apex-mizutsune,MHRS,base_hp,5100,"HP (base_hp_vital, LR/HR)",https://mhrice.info/mhrice.json
apex-mizutsune,MHRS,enrage_attack_mult,1.15,multiplier,https://mhrice.info/mhrice.json
apex-mizutsune,MHRS,enrage_duration,999,seconds,https://mhrice.info/mhrice.json
apex-mizutsune,MHRS,enrage_speed_mult,1.1,motion-rate multiplier,https://mhrice.info/mhrice.json
apex-mizutsune,MHRS,enrage_trigger,1150,damage points (High Rank),https://mhrice.info/mhrice.json
apex-mizutsune,MHRS,head_stagger,450,"part vital (flinch value, LR/HR)",https://mhrice.info/mhrice.json
apex-mizutsune,MHRS,hitzone_max_raw,73,hitzone percent (max over all parts and phases),https://mhrice.info/mhrice.json
apex-mizutsune,MHRS,move_power_max,120,raw damage (max base_damage),https://mhrice.info/mhrice.json
apex-mizutsune,MHRS,size_base,2198.52,cm,https://mhrice.info/mhrice.json
apex-mizutsune,MHRS,size_gold,2506.3127999999997,cm (base_size * king_boarder),https://mhrice.info/mhrice.json
apex-mizutsune,MHRS,tolerance_paralysis,300,status build-up points,https://mhrice.info/mhrice.json
apex-mizutsune,MHRS,tolerance_poison,150,status build-up points,https://mhrice.info/mhrice.json
apex-mizutsune,MHRS,tolerance_sleep,250,status build-up points,https://mhrice.info/mhrice.json
apex-mizutsune,MHRS,tolerance_stun,150,status build-up points,https://mhrice.info/mhrice.json
apex-rathalos,MHRS,base_hp,5100,"HP (base_hp_vital, LR/HR)",https://mhrice.info/mhrice.json
apex-rathalos,MHRS,enrage_attack_mult,1.2,multiplier,https://mhrice.info/mhrice.json
apex-rathalos,MHRS,enrage_duration,80,seconds,https://mhrice.info/mhrice.json
apex-rathalos,MHRS,enrage_speed_mult,1.15,motion-rate multiplier,https://mhrice.info/mhrice.json
apex-rathalos,MHRS,enrage_trigger,800,damage points (High Rank),https://mhrice.info/mhrice.json
apex-rathalos,MHRS,head_stagger,290,"part vital (flinch value, LR/HR)",https://mhrice.info/mhrice.json
apex-rathalos,MHRS,hitzone_max_raw,80,hitzone percent (max over all parts and phases),https://mhrice.info/mhrice.json
apex-rathalos,MHRS,move_power_max,200,raw damage (max base_damage),https://mhrice.info/mhrice.json
apex-rathalos,MHRS,size_base,1874.64,cm,https://mhrice.info/mhrice.json
apex-rathalos,MHRS,size_gold,2305.8072,cm (base_size * king_boarder),https://mhrice.info/mhrice.json
apex-rathalos,MHRS,tolerance_paralysis,300,status build-up points,https://mhrice.info/mhrice.json
apex-rathalos,MHRS,tolerance_poison,250,status build-up points,https://mhrice.info/mhrice.json
apex-rathalos,MHRS,tolerance_sleep,250,status build-up points,https://mhrice.info/mhrice.json
apex-rathalos,MHRS,tolerance_stun,150,status build-up points,https://mhrice.info/mhrice.json
apex-rathian,MHRS,base_hp,4500,"HP (base_hp_vital, LR/HR)",https://mhrice.info/mhrice.json
apex-rathian,MHRS,enrage_attack_mult,1.2,multiplier,https://mhrice.info/mhrice.json
apex-rathian,MHRS,enrage_duration,80,seconds,https://mhrice.info/mhrice.json
apex-rathian,MHRS,enrage_speed_mult,1.08,motion-rate multiplier,https://mhrice.info/mhrice.json
apex-rathian,MHRS,enrage_trigger,1150,damage points (High Rank),https://mhrice.info/mhrice.json
apex-rathian,MHRS,head_stagger,290,"part vital (flinch value, LR/HR)",https://mhrice.info/mhrice.json
apex-rathian,MHRS,hitzone_max_raw,70,hitzone percent (max over all parts and phases),https://mhrice.info/mhrice.json
apex-rathian,MHRS,move_power_max,75,raw damage (max base_damage),https://mhrice.info/mhrice.json
apex-rathian,MHRS,size_base,2017.53,cm,https://mhrice.info/mhrice.json
apex-rathian,MHRS,size_gold,2299.9842,cm (base_size * king_boarder),https://mhrice.info/mhrice.json
apex-rathian,MHRS,tolerance_paralysis,300,status build-up points,https://mhrice.info/mhrice.json
apex-rathian,MHRS,tolerance_poison,250,status build-up points,https://mhrice.info/mhrice.json
apex-rathian,MHRS,tolerance_sleep,250,status build-up points,https://mhrice.info/mhrice.json
apex-rathian,MHRS,tolerance_stun,150,status build-up points,https://mhrice.info/mhrice.json
apex-zinogre,MHRS,base_hp,4500,"HP (base_hp_vital, LR/HR)",https://mhrice.info/mhrice.json
apex-zinogre,MHRS,enrage_attack_mult,1.2,multiplier,https://mhrice.info/mhrice.json
apex-zinogre,MHRS,enrage_duration,70,seconds,https://mhrice.info/mhrice.json
apex-zinogre,MHRS,enrage_speed_mult,1.15,motion-rate multiplier,https://mhrice.info/mhrice.json
apex-zinogre,MHRS,enrage_trigger,1050,damage points (High Rank),https://mhrice.info/mhrice.json
apex-zinogre,MHRS,head_stagger,300,"part vital (flinch value, LR/HR)",https://mhrice.info/mhrice.json
apex-zinogre,MHRS,hitzone_max_raw,70,hitzone percent (max over all parts and phases),https://mhrice.info/mhrice.json
apex-zinogre,MHRS,move_power_max,256,raw damage (max base_damage),https://mhrice.info/mhrice.json
apex-zinogre,MHRS,size_base,1540.66,cm,https://mhrice.info/mhrice.json
apex-zinogre,MHRS,size_gold,1895.0118,cm (base_size * king_boarder),https://mhrice.info/mhrice.json
apex-zinogre,MHRS,tolerance_paralysis,300,status build-up points,https://mhrice.info/mhrice.json
apex-zinogre,MHRS,tolerance_poison,150,status build-up points,https://mhrice.info/mhrice.json
apex-zinogre,MHRS,tolerance_sleep,250,status build-up points,https://mhrice.info/mhrice.json
apex-zinogre,MHRS,tolerance_stun,150,status build-up points,https://mhrice.info/mhrice.json
arkveld,MHWilds,base_hp,5200,HP points,https://wilds.mhdb.io/en/monsters
arkveld,MHWilds,enrage_attack_mult,1.1,multiplier (High Rank),https://raw.githubusercontent.com/robomeche/MHWilds-Database/main/monster/assets/json/MHWilds_Data_compact.json.gz
arkveld,MHWilds,enrage_duration,160,seconds (High Rank),https://raw.githubusercontent.com/robomeche/MHWilds-Database/main/monster/assets/json/MHWilds_Data_compact.json.gz
arkveld,MHWilds,enrage_speed_mult,1.05,motion-speed multiplier (High Rank),https://raw.githubusercontent.com/robomeche/MHWilds-Database/main/monster/assets/json/MHWilds_Data_compact.json.gz
arkveld,MHWilds,enrage_trigger,1400,damage points (High Rank),https://raw.githubusercontent.com/robomeche/MHWilds-Database/main/monster/assets/json/MHWilds_Data_compact.json.gz
arkveld,MHWilds,head_stagger,800,damage points (base),https://raw.githubusercontent.com/robomeche/MHWilds-Database/main/monster/assets/json/MHWilds_Data_compact.json.gz
arkveld,MHWilds,hitzone_max_raw,50,"percent (robomeche Meat, default state max)",https://raw.githubusercontent.com/robomeche/MHWilds-Database/main/monster/assets/json/MHWilds_Data_compact.json.gz
arkveld,MHWilds,size_base,1666.54,cm,https://wilds.mhdb.io/en/monsters
arkveld,MHWilds,size_gold,2049.8442,cm,https://wilds.mhdb.io/en/monsters
arkveld,MHWilds,tolerance_paralysis,180,status build-up points,https://raw.githubusercontent.com/robomeche/MHWilds-Database/main/monster/assets/json/MHWilds_Data_compact.json.gz
arkveld,MHWilds,tolerance_poison,150,status build-up points,https://raw.githubusercontent.com/robomeche/MHWilds-Database/main/monster/assets/json/MHWilds_Data_compact.json.gz
arkveld,MHWilds,tolerance_sleep,150,status build-up points,https://raw.githubusercontent.com/robomeche/MHWilds-Database/main/monster/assets/json/MHWilds_Data_compact.json.gz
arkveld,MHWilds,tolerance_stun,120,stun (KO) build-up points,https://raw.githubusercontent.com/robomeche/MHWilds-Database/main/monster/assets/json/MHWilds_Data_compact.json.gz
arzuros,MHGU,base_hp,2400,HP,https://raw.githubusercontent.com/gatheringhallstudios/MHGenDatabase/master/app/src/main/assets/databases/mhgu.db.zip
arzuros,MHRS,base_hp,3300,"HP (base_hp_vital, LR/HR)",https://mhrice.info/mhrice.json
arzuros,MHRS,enrage_attack_mult,1.2,multiplier,https://mhrice.info/mhrice.json
arzuros,MHRS,enrage_duration,60,seconds,https://mhrice.info/mhrice.json
arzuros,MHRS,enrage_speed_mult,1.1,motion-rate multiplier,https://mhrice.info/mhrice.json
arzuros,MHRS,enrage_trigger,550,damage points (High Rank),https://mhrice.info/mhrice.json
arzuros,MHGU,head_stagger,130,stagger threshold (raw),https://mhgu.kiranico.com/monster/65776
arzuros,MHRS,head_stagger,150,"part vital (flinch value, LR/HR)",https://mhrice.info/mhrice.json
arzuros,MHGU,hitzone_max_raw,66,raw hitzone percent (max over all Kiranico GU states),https://mhgu.kiranico.com/monster/65776
arzuros,MHRS,hitzone_max_raw,66,hitzone percent (max over all parts and phases),https://mhrice.info/mhrice.json
arzuros,MHRS,move_power_max,70,raw damage (max base_damage),https://mhrice.info/mhrice.json
arzuros,MHGU,size_base,562.63,cm,https://mhgu.kiranico.com/monster/65776
arzuros,MHRS,size_base,558.1,cm,https://mhrice.info/mhrice.json
arzuros,MHGU,size_gold,692.03,cm,https://mhgu.kiranico.com/monster/65776
arzuros,MHRS,size_gold,686.463,cm (base_size * king_boarder),https://mhrice.info/mhrice.json
arzuros,MHGU,tolerance_paralysis,80,status build-up points,https://raw.githubusercontent.com/gatheringhallstudios/MHGenDatabase/master/app/src/main/assets/databases/mhgu.db.zip
arzuros,MHRS,tolerance_paralysis,130,status build-up points,https://mhrice.info/mhrice.json
arzuros,MHGU,tolerance_poison,60,status build-up points,https://raw.githubusercontent.com/gatheringhallstudios/MHGenDatabase/master/app/src/main/assets/databases/mhgu.db.zip
arzuros,MHRS,tolerance_poison,100,status build-up points,https://mhrice.info/mhrice.json
arzuros,MHGU,tolerance_sleep,80,status build-up points,https://raw.githubusercontent.com/gatheringhallstudios/MHGenDatabase/master/app/src/main/assets/databases/mhgu.db.zip
arzuros,MHRS,tolerance_sleep,100,status build-up points,https://mhrice.info/mhrice.json
arzuros,MHGU,tolerance_stun,100,status build-up points,https://raw.githubusercontent.com/gatheringhallstudios/MHGenDatabase/master/app/src/main/assets/databases/mhgu.db.zip
arzuros,MHRS,tolerance_stun,100,status build-up points,https://mhrice.info/mhrice.json
ash-kecha-wacha,MH4U,base_hp,3500,HP,https://kiranico.com/en/mh4u/monster/ash-kecha-wacha
ash-kecha-wacha,MH4U,enrage_attack_mult,1.2,multiplier,https://kiranico.com/en/mh4u/monster/ash-kecha-wacha
ash-kecha-wacha,MH4U,enrage_duration,90,seconds,https://kiranico.com/en/mh4u/monster/ash-kecha-wacha
ash-kecha-wacha,MH4U,enrage_speed_mult,1.1,multiplier,https://kiranico.com/en/mh4u/monster/ash-kecha-wacha
ash-kecha-wacha,MH4U,head_stagger,160,damage,https://kiranico.com/en/mh4u/monster/ash-kecha-wacha
ash-kecha-wacha,MH4U,hitzone_max_raw,70,hitzone %,https://kiranico.com/en/mh4u/monster/ash-kecha-wacha
ash-kecha-wacha,MH4U,size_base,886.1111111111111,cm,https://kiranico.com/en/mh4u/monster/ash-kecha-wacha
ash-kecha-wacha,MH4U,size_gold,1010.2,cm,https://kiranico.com/en/mh4u/monster/ash-kecha-wacha
ash-kecha-wacha,MH4U,tolerance_paralysis,150,status build-up points,https://kiranico.com/en/mh4u/monster/ash-kecha-wacha
ash-kecha-wacha,MH4U,tolerance_poison,150,status build-up points,https://kiranico.com/en/mh4u/monster/ash-kecha-wacha
ash-kecha-wacha,MH4U,tolerance_sleep,150,status build-up points,https://kiranico.com/en/mh4u/monster/ash-kecha-wacha
ash-kecha-wacha,MH4U,tolerance_stun,150,status build-up points,https://kiranico.com/en/mh4u/monster/ash-kecha-wacha
ashen-lao-shan-lung,MHFU,base_hp,26666,"HP points (raw, min of appear[].health across quests)",https://raw.githubusercontent.com/Kolyn090/mhfu-db/394b2f99a9d56c83153d9dc045e207334bbd1095/Monsters/stats.json
ashen-lao-shan-lung,MHFU,enrage_attack_mult,1.5,multiplier (x),https://raw.githubusercontent.com/Kolyn090/mhfu-db/394b2f99a9d56c83153d9dc045e207334bbd1095/Monsters/stats.json
ashen-lao-shan-lung,MHFU,head_stagger,400,flinch/stagger damage threshold (raw),https://raw.githubusercontent.com/Kolyn090/mhfu-db/394b2f99a9d56c83153d9dc045e207334bbd1095/Monsters/basic-parts-duration.json
ashen-lao-shan-lung,MHFU,hitzone_max_raw,55,"percent (raw hitzone, external non-conditional parts, max of slash/strike/shooting)",https://raw.githubusercontent.com/Kolyn090/mhfu-db/394b2f99a9d56c83153d9dc045e207334bbd1095/Monsters/weapon-effectiveness.json
astalos,MHGU,base_hp,4500,HP,https://raw.githubusercontent.com/gatheringhallstudios/MHGenDatabase/master/app/src/main/assets/databases/mhgu.db.zip
astalos,MHRS,base_hp,4500,"HP (base_hp_vital, LR/HR)",https://mhrice.info/mhrice.json
astalos,MHRS,enrage_attack_mult,1.26,multiplier,https://mhrice.info/mhrice.json
astalos,MHRS,enrage_duration,65,seconds,https://mhrice.info/mhrice.json
astalos,MHRS,enrage_speed_mult,1.14,motion-rate multiplier,https://mhrice.info/mhrice.json
astalos,MHRS,enrage_trigger,1000,damage points (High Rank),https://mhrice.info/mhrice.json
astalos,MHGU,head_stagger,200,stagger threshold (raw),https://mhgu.kiranico.com/monster/649d6
astalos,MHRS,head_stagger,250,"part vital (flinch value, LR/HR)",https://mhrice.info/mhrice.json
astalos,MHGU,hitzone_max_raw,63,raw hitzone percent (max over all Kiranico GU states),https://mhgu.kiranico.com/monster/649d6
astalos,MHRS,hitzone_max_raw,63,hitzone percent (max over all parts and phases),https://mhrice.info/mhrice.json
astalos,MHRS,move_power_max,65,raw damage (max base_damage),https://mhrice.info/mhrice.json
astalos,MHGU,size_base,1755.26,cm,https://mhgu.kiranico.com/monster/649d6
astalos,MHRS,size_base,1740.84,cm,https://mhrice.info/mhrice.json
astalos,MHGU,size_gold,2158.97,cm,https://mhgu.kiranico.com/monster/649d6
astalos,MHRS,size_gold,2141.2331999999997,cm (base_size * king_boarder),https://mhrice.info/mhrice.json
astalos,MHGU,tolerance_paralysis,180,status build-up points,https://raw.githubusercontent.com/gatheringhallstudios/MHGenDatabase/master/app/src/main/assets/databases/mhgu.db.zip
astalos,MHRS,tolerance_paralysis,180,status build-up points,https://mhrice.info/mhrice.json
astalos,MHGU,tolerance_poison,180,status build-up points,https://raw.githubusercontent.com/gatheringhallstudios/MHGenDatabase/master/app/src/main/assets/databases/mhgu.db.zip
astalos,MHRS,tolerance_poison,250,status build-up points,https://mhrice.info/mhrice.json
astalos,MHGU,tolerance_sleep,180,status build-up points,https://raw.githubusercontent.com/gatheringhallstudios/MHGenDatabase/master/app/src/main/assets/databases/mhgu.db.zip
astalos,MHRS,tolerance_sleep,150,status build-up points,https://mhrice.info/mhrice.json
astalos,MHGU,tolerance_stun,150,status build-up points,https://raw.githubusercontent.com/gatheringhallstudios/MHGenDatabase/master/app/src/main/assets/databases/mhgu.db.zip
astalos,MHRS,tolerance_stun,120,status build-up points,https://mhrice.info/mhrice.json
aurora-somnacanth,MHRS,base_hp,4500,"HP (base_hp_vital, LR/HR)",https://mhrice.info/mhrice.json
aurora-somnacanth,MHRS,enrage_attack_mult,1.1,multiplier,https://mhrice.info/mhrice.json
aurora-somnacanth,MHRS,enrage_duration,100,seconds,https://mhrice.info/mhrice.json
aurora-somnacanth,MHRS,enrage_speed_mult,1.1,motion-rate multiplier,https://mhrice.info/mhrice.json
aurora-somnacanth,MHRS,enrage_trigger,400,damage points (High Rank),https://mhrice.info/mhrice.json
aurora-somnacanth,MHRS,head_stagger,250,"part vital (flinch value, LR/HR)",https://mhrice.info/mhrice.json
aurora-somnacanth,MHRS,hitzone_max_raw,70,hitzone percent (max over all parts and phases),https://mhrice.info/mhrice.json
aurora-somnacanth,MHRS,move_power_max,80,raw damage (max base_damage),https://mhrice.info/mhrice.json
aurora-somnacanth,MHRS,size_base,1545,cm,https://mhrice.info/mhrice.json
aurora-somnacanth,MHRS,size_gold,1900.35,cm (base_size * king_boarder),https://mhrice.info/mhrice.json
aurora-somnacanth,MHRS,tolerance_paralysis,180,status build-up points,https://mhrice.info/mhrice.json
aurora-somnacanth,MHRS,tolerance_poison,150,status build-up points,https://mhrice.info/mhrice.json
aurora-somnacanth,MHRS,tolerance_sleep,250,status build-up points,https://mhrice.info/mhrice.json
aurora-somnacanth,MHRS,tolerance_stun,120,status build-up points,https://mhrice.info/mhrice.json
azure-rathalos,MH4U,base_hp,4300,HP,https://kiranico.com/en/mh4u/monster/azure-rathalos
azure-rathalos,MHWorld,base_hp,3250,HP,https://mhworld.kiranico.com/en/monsters/BaYte/azure-rathalos
azure-rathalos,MH4U,enrage_attack_mult,1.2,multiplier,https://kiranico.com/en/mh4u/monster/azure-rathalos
azure-rathalos,MHWorld,enrage_attack_mult,1.05,"multiplier (Low Rank/High Rank column, not Master Rank)",https://mhworld.kiranico.com/en/monsters/BaYte/azure-rathalos
azure-rathalos,MH4U,enrage_duration,90,seconds,https://kiranico.com/en/mh4u/monster/azure-rathalos
azure-rathalos,MHWorld,enrage_duration,100,"seconds (Low Rank/High Rank column, not Master Rank)",https://mhworld.kiranico.com/en/monsters/BaYte/azure-rathalos
azure-rathalos,MH4U,enrage_speed_mult,1.3,multiplier,https://kiranico.com/en/mh4u/monster/azure-rathalos
azure-rathalos,MHWorld,enrage_speed_mult,1.15,"multiplier (Low Rank/High Rank column, not Master Rank)",https://mhworld.kiranico.com/en/monsters/BaYte/azure-rathalos
azure-rathalos,MHWorld,enrage_trigger,650,"damage points (Low Rank/High Rank column, not Master Rank)",https://mhworld.kiranico.com/en/monsters/BaYte/azure-rathalos
azure-rathalos,MH4U,head_stagger,230,damage,https://kiranico.com/en/mh4u/monster/azure-rathalos
azure-rathalos,MHWorld,head_stagger,240,"damage (Part Breakability, exact ""Head"" row)",https://mhworld.kiranico.com/en/monsters/BaYte/azure-rathalos
azure-rathalos,MH4U,hitzone_max_raw,70,hitzone %,https://kiranico.com/en/mh4u/monster/azure-rathalos
azure-rathalos,MHWorld,hitzone_max_raw,65,"raw hitzone % (max sever/blunt/shot over LR/HR Physiology rows, including state-variant parts e.g. ""Head (White)"", excluding Master Rank override rows)",https://mhworld.kiranico.com/en/monsters/BaYte/azure-rathalos
azure-rathalos,MHWorld,move_power_max,80,motion value (max over Monster Attacks rows; poedb only lists a subset so is not used here),https://mhworld.kiranico.com/en/monsters/BaYte/azure-rathalos
azure-rathalos,MH4U,size_base,1844.4444444444443,cm,https://kiranico.com/en/mh4u/monster/azure-rathalos
azure-rathalos,MHWorld,size_base,1704.22,cm (poedb Base; never derived as gold/1.23 — crown thresholds are per-monster),https://mhw.poedb.tw/eng/monster/11/Azure%20Rathalos
azure-rathalos,MH4U,size_gold,2104.9,cm,https://kiranico.com/en/mh4u/monster/azure-rathalos
azure-rathalos,MHWorld,size_gold,2096.19,cm (gold crown threshold),https://mhworld.kiranico.com/en/monsters/BaYte/azure-rathalos
azure-rathalos,MH4U,tolerance_paralysis,180,status build-up points,https://kiranico.com/en/mh4u/monster/azure-rathalos
azure-rathalos,MHWorld,tolerance_paralysis,180,status build-up points,https://mhworld.kiranico.com/en/monsters/BaYte/azure-rathalos
azure-rathalos,MH4U,tolerance_poison,180,status build-up points,https://kiranico.com/en/mh4u/monster/azure-rathalos
azure-rathalos,MHWorld,tolerance_poison,250,status build-up points,https://mhworld.kiranico.com/en/monsters/BaYte/azure-rathalos
azure-rathalos,MH4U,tolerance_sleep,180,status build-up points,https://kiranico.com/en/mh4u/monster/azure-rathalos
azure-rathalos,MHWorld,tolerance_sleep,150,status build-up points,https://mhworld.kiranico.com/en/monsters/BaYte/azure-rathalos
azure-rathalos,MH4U,tolerance_stun,100,status build-up points,https://kiranico.com/en/mh4u/monster/azure-rathalos
azure-rathalos,MHWorld,tolerance_stun,150,status build-up points,https://mhworld.kiranico.com/en/monsters/BaYte/azure-rathalos
balahara,MHWilds,base_hp,4400,HP points,https://wilds.mhdb.io/en/monsters
balahara,MHWilds,enrage_attack_mult,1.1,multiplier (High Rank),https://raw.githubusercontent.com/robomeche/MHWilds-Database/main/monster/assets/json/MHWilds_Data_compact.json.gz
balahara,MHWilds,enrage_duration,90,seconds (High Rank),https://raw.githubusercontent.com/robomeche/MHWilds-Database/main/monster/assets/json/MHWilds_Data_compact.json.gz
balahara,MHWilds,enrage_speed_mult,1.05,motion-speed multiplier (High Rank),https://raw.githubusercontent.com/robomeche/MHWilds-Database/main/monster/assets/json/MHWilds_Data_compact.json.gz
balahara,MHWilds,enrage_trigger,1400,damage points (High Rank),https://raw.githubusercontent.com/robomeche/MHWilds-Database/main/monster/assets/json/MHWilds_Data_compact.json.gz
balahara,MHWilds,head_stagger,400,damage points (base),https://raw.githubusercontent.com/robomeche/MHWilds-Database/main/monster/assets/json/MHWilds_Data_compact.json.gz
balahara,MHWilds,hitzone_max_raw,60,"percent (robomeche Meat, default state max)",https://raw.githubusercontent.com/robomeche/MHWilds-Database/main/monster/assets/json/MHWilds_Data_compact.json.gz
balahara,MHWilds,size_base,1912.616,cm,https://wilds.mhdb.io/en/monsters
balahara,MHWilds,size_gold,2352.5176,cm,https://wilds.mhdb.io/en/monsters
balahara,MHWilds,tolerance_paralysis,130,status build-up points,https://raw.githubusercontent.com/robomeche/MHWilds-Database/main/monster/assets/json/MHWilds_Data_compact.json.gz
balahara,MHWilds,tolerance_poison,150,status build-up points,https://raw.githubusercontent.com/robomeche/MHWilds-Database/main/monster/assets/json/MHWilds_Data_compact.json.gz
balahara,MHWilds,tolerance_sleep,150,status build-up points,https://raw.githubusercontent.com/robomeche/MHWilds-Database/main/monster/assets/json/MHWilds_Data_compact.json.gz
balahara,MHWilds,tolerance_stun,120,stun (KO) build-up points,https://raw.githubusercontent.com/robomeche/MHWilds-Database/main/monster/assets/json/MHWilds_Data_compact.json.gz
baleful-gigginox,MH3U,enrage_attack_mult,1.3,multiplier,http://mh3g.org/book/giginebura-b.html
baleful-gigginox,MH3U,enrage_duration,80,seconds,http://mh3g.org/book/giginebura-b.html
baleful-gigginox,MH3U,enrage_speed_mult,1.1,multiplier,http://mh3g.org/book/giginebura-b.html
baleful-gigginox,MH3U,head_stagger,250,damage points (village-quest base),http://mh3g.org/book/giginebura-b.html
baleful-gigginox,MH3U,hitzone_max_raw,55,"raw hitzone % (max of cut/impact/shot, sentinels excluded)",https://raw.githubusercontent.com/dbooga/MonsterHunter3UDatabase/master/MonsterHunter3UDatabase/assets/mh3u.sqlite
baleful-gigginox,MH3U,size_base,1092,cm,https://monsterhunterwiki.org/wiki/Baleful_Gigginox_(MH3U)
baleful-gigginox,MH3U,size_gold,1266.72,cm,https://monsterhunterwiki.org/wiki/Baleful_Gigginox_(MH3U)
baleful-gigginox,MH3U,tolerance_paralysis,240,status build-up points (village base),http://mh3g.trigwiki.jp/data/932.html
baleful-gigginox,MH3U,tolerance_poison,200,status build-up points (village base),http://mh3g.trigwiki.jp/data/932.html
baleful-gigginox,MH3U,tolerance_sleep,200,status build-up points (village base),http://mh3g.trigwiki.jp/data/932.html
baleful-gigginox,MH3U,tolerance_stun,180,status build-up points (village base),http://mh3g.trigwiki.jp/data/932.html
banbaro,MHWorld,base_hp,2800,HP,https://mhworld.kiranico.com/en/monsters/6dJI8/banbaro
banbaro,MHWorld,enrage_attack_mult,1.1,"multiplier (Low Rank/High Rank column, not Master Rank)",https://mhworld.kiranico.com/en/monsters/6dJI8/banbaro
banbaro,MHWorld,enrage_duration,90,"seconds (Low Rank/High Rank column, not Master Rank)",https://mhworld.kiranico.com/en/monsters/6dJI8/banbaro
banbaro,MHWorld,enrage_speed_mult,1.03,"multiplier (Low Rank/High Rank column, not Master Rank)",https://mhworld.kiranico.com/en/monsters/6dJI8/banbaro
banbaro,MHWorld,enrage_trigger,600,"damage points (Low Rank/High Rank column, not Master Rank)",https://mhworld.kiranico.com/en/monsters/6dJI8/banbaro
banbaro,MHWorld,head_stagger,250,"damage (Part Breakability, exact ""Head"" row)",https://mhworld.kiranico.com/en/monsters/6dJI8/banbaro
banbaro,MHWorld,hitzone_max_raw,65,"raw hitzone % (max sever/blunt/shot over LR/HR Physiology rows, including state-variant parts e.g. ""Head (White)"", excluding Master Rank override rows)",https://mhworld.kiranico.com/en/monsters/6dJI8/banbaro
banbaro,MHWorld,move_power_max,500,motion value (max over Monster Attacks rows; poedb only lists a subset so is not used here),https://mhworld.kiranico.com/en/monsters/6dJI8/banbaro
banbaro,MHWorld,size_base,2404.84,cm (poedb Base; never derived as gold/1.23 — crown thresholds are per-monster),https://mhw.poedb.tw/eng/monster/78/Banbaro
banbaro,MHWorld,size_gold,2957.95,cm (gold crown threshold),https://mhworld.kiranico.com/en/monsters/6dJI8/banbaro
banbaro,MHWorld,tolerance_paralysis,180,status build-up points,https://mhworld.kiranico.com/en/monsters/6dJI8/banbaro
banbaro,MHWorld,tolerance_poison,150,status build-up points,https://mhworld.kiranico.com/en/monsters/6dJI8/banbaro
banbaro,MHWorld,tolerance_sleep,150,status build-up points,https://mhworld.kiranico.com/en/monsters/6dJI8/banbaro
banbaro,MHWorld,tolerance_stun,100,status build-up points,https://mhworld.kiranico.com/en/monsters/6dJI8/banbaro
barioth,MHGU,base_hp,4400,HP,https://raw.githubusercontent.com/gatheringhallstudios/MHGenDatabase/master/app/src/main/assets/databases/mhgu.db.zip
barioth,MHRS,base_hp,4200,"HP (base_hp_vital, LR/HR)",https://mhrice.info/mhrice.json
barioth,MHRS,enrage_attack_mult,1.2,multiplier,https://mhrice.info/mhrice.json
barioth,MHRS,enrage_duration,90,seconds,https://mhrice.info/mhrice.json
barioth,MHRS,enrage_speed_mult,1.1,motion-rate multiplier,https://mhrice.info/mhrice.json
barioth,MHRS,enrage_trigger,550,damage points (High Rank),https://mhrice.info/mhrice.json
barioth,MHGU,head_stagger,180,stagger threshold (raw),https://mhgu.kiranico.com/monster/6ea4d
barioth,MHRS,head_stagger,160,"part vital (flinch value, LR/HR)",https://mhrice.info/mhrice.json
barioth,MHGU,hitzone_max_raw,60,raw hitzone percent (max over all Kiranico GU states),https://mhgu.kiranico.com/monster/6ea4d
barioth,MHRS,hitzone_max_raw,70,hitzone percent (max over all parts and phases),https://mhrice.info/mhrice.json
barioth,MHRS,move_power_max,80,raw damage (max base_damage),https://mhrice.info/mhrice.json
barioth,MHGU,size_base,1821.74,cm,https://mhgu.kiranico.com/monster/6ea4d
barioth,MHRS,size_base,2091,cm,https://mhrice.info/mhrice.json
barioth,MHGU,size_gold,2240.74,cm,https://mhgu.kiranico.com/monster/6ea4d
barioth,MHRS,size_gold,2571.93,cm (base_size * king_boarder),https://mhrice.info/mhrice.json
barioth,MHGU,tolerance_paralysis,180,status build-up points,https://raw.githubusercontent.com/gatheringhallstudios/MHGenDatabase/master/app/src/main/assets/databases/mhgu.db.zip
barioth,MHRS,tolerance_paralysis,180,status build-up points,https://mhrice.info/mhrice.json
barioth,MHGU,tolerance_poison,180,status build-up points,https://raw.githubusercontent.com/gatheringhallstudios/MHGenDatabase/master/app/src/main/assets/databases/mhgu.db.zip
barioth,MHRS,tolerance_poison,150,status build-up points,https://mhrice.info/mhrice.json
barioth,MHGU,tolerance_sleep,180,status build-up points,https://raw.githubusercontent.com/gatheringhallstudios/MHGenDatabase/master/app/src/main/assets/databases/mhgu.db.zip
barioth,MHRS,tolerance_sleep,150,status build-up points,https://mhrice.info/mhrice.json
barioth,MHGU,tolerance_stun,130,status build-up points,https://raw.githubusercontent.com/gatheringhallstudios/MHGenDatabase/master/app/src/main/assets/databases/mhgu.db.zip
barioth,MHRS,tolerance_stun,150,status build-up points,https://mhrice.info/mhrice.json
barroth,MHGU,base_hp,3800,HP,https://raw.githubusercontent.com/gatheringhallstudios/MHGenDatabase/master/app/src/main/assets/databases/mhgu.db.zip
barroth,MHRS,base_hp,3800,"HP (base_hp_vital, LR/HR)",https://mhrice.info/mhrice.json
barroth,MHRS,enrage_attack_mult,1.1,multiplier,https://mhrice.info/mhrice.json
barroth,MHRS,enrage_duration,130,seconds,https://mhrice.info/mhrice.json
barroth,MHRS,enrage_speed_mult,1.1,motion-rate multiplier,https://mhrice.info/mhrice.json
barroth,MHRS,enrage_trigger,650,damage points (High Rank),https://mhrice.info/mhrice.json
barroth,MHGU,head_stagger,150,stagger threshold (raw),https://mhgu.kiranico.com/monster/69879
barroth,MHRS,head_stagger,300,"part vital (flinch value, LR/HR)",https://mhrice.info/mhrice.json
barroth,MHGU,hitzone_max_raw,55,raw hitzone percent (max over all Kiranico GU states),https://mhgu.kiranico.com/monster/69879
barroth,MHRS,hitzone_max_raw,55,hitzone percent (max over all parts and phases),https://mhrice.info/mhrice.json
barroth,MHRS,move_power_max,80,raw damage (max base_damage),https://mhrice.info/mhrice.json
barroth,MHGU,size_base,1406.19,cm,https://mhgu.kiranico.com/monster/69879
barroth,MHRS,size_base,1383.07,cm,https://mhrice.info/mhrice.json
barroth,MHGU,size_gold,1729.61,cm,https://mhgu.kiranico.com/monster/69879
barroth,MHRS,size_gold,1701.1761,cm (base_size * king_boarder),https://mhrice.info/mhrice.json
barroth,MHGU,tolerance_paralysis,180,status build-up points,https://raw.githubusercontent.com/gatheringhallstudios/MHGenDatabase/master/app/src/main/assets/databases/mhgu.db.zip
barroth,MHRS,tolerance_paralysis,130,status build-up points,https://mhrice.info/mhrice.json
barroth,MHGU,tolerance_poison,150,status build-up points,https://raw.githubusercontent.com/gatheringhallstudios/MHGenDatabase/master/app/src/main/assets/databases/mhgu.db.zip
barroth,MHRS,tolerance_poison,100,status build-up points,https://mhrice.info/mhrice.json
barroth,MHGU,tolerance_sleep,180,status build-up points,https://raw.githubusercontent.com/gatheringhallstudios/MHGenDatabase/master/app/src/main/assets/databases/mhgu.db.zip
barroth,MHRS,tolerance_sleep,150,status build-up points,https://mhrice.info/mhrice.json
barroth,MHGU,tolerance_stun,90,status build-up points,https://raw.githubusercontent.com/gatheringhallstudios/MHGenDatabase/master/app/src/main/assets/databases/mhgu.db.zip
barroth,MHRS,tolerance_stun,200,status build-up points,https://mhrice.info/mhrice.json
basarios,MH4U,base_hp,2400,HP,https://kiranico.com/en/mh4u/monster/basarios
basarios,MHGU,base_hp,3400,HP,https://raw.githubusercontent.com/gatheringhallstudios/MHGenDatabase/master/app/src/main/assets/databases/mhgu.db.zip
basarios,MHRS,base_hp,3800,"HP (base_hp_vital, LR/HR)",https://mhrice.info/mhrice.json
basarios,MH4U,enrage_attack_mult,1.4,multiplier,https://kiranico.com/en/mh4u/monster/basarios
basarios,MHRS,enrage_attack_mult,1.4,multiplier,https://mhrice.info/mhrice.json
basarios,MH4U,enrage_duration,80,seconds,https://kiranico.com/en/mh4u/monster/basarios
basarios,MHRS,enrage_duration,80,seconds,https://mhrice.info/mhrice.json
basarios,MH4U,enrage_speed_mult,1.2,multiplier,https://kiranico.com/en/mh4u/monster/basarios
basarios,MHRS,enrage_speed_mult,1.2,motion-rate multiplier,https://mhrice.info/mhrice.json
basarios,MHRS,enrage_trigger,800,damage points (High Rank),https://mhrice.info/mhrice.json
basarios,MH4U,head_stagger,100,damage,https://kiranico.com/en/mh4u/monster/basarios
basarios,MHGU,head_stagger,100,stagger threshold (raw),https://mhgu.kiranico.com/monster/6eed6
basarios,MHRS,head_stagger,250,"part vital (flinch value, LR/HR)",https://mhrice.info/mhrice.json
basarios,MH4U,hitzone_max_raw,30,hitzone %,https://kiranico.com/en/mh4u/monster/basarios
basarios,MHGU,hitzone_max_raw,55,raw hitzone percent (max over all Kiranico GU states),https://mhgu.kiranico.com/monster/6eed6
basarios,MHRS,hitzone_max_raw,62,hitzone percent (max over all parts and phases),https://mhrice.info/mhrice.json
basarios,MHRS,move_power_max,65,raw damage (max base_damage),https://mhrice.info/mhrice.json
basarios,MH4U,size_base,1426.5271199088802,cm,https://kiranico.com/en/mh4u/monster/basarios
basarios,MHGU,size_base,1426.5,cm,https://mhgu.kiranico.com/monster/6eed6
basarios,MHRS,size_base,1413.01,cm,https://mhrice.info/mhrice.json
basarios,MH4U,size_gold,1754.6,cm,https://kiranico.com/en/mh4u/monster/basarios
basarios,MHGU,size_gold,1754.6,cm,https://mhgu.kiranico.com/monster/6eed6
basarios,MHRS,size_gold,1738.0022999999999,cm (base_size * king_boarder),https://mhrice.info/mhrice.json
basarios,MH4U,tolerance_paralysis,200,status build-up points,https://kiranico.com/en/mh4u/monster/basarios
basarios,MHGU,tolerance_paralysis,200,status build-up points,https://raw.githubusercontent.com/gatheringhallstudios/MHGenDatabase/master/app/src/main/assets/databases/mhgu.db.zip
basarios,MHRS,tolerance_paralysis,180,status build-up points,https://mhrice.info/mhrice.json
basarios,MH4U,tolerance_poison,200,status build-up points,https://kiranico.com/en/mh4u/monster/basarios
basarios,MHGU,tolerance_poison,200,status build-up points,https://raw.githubusercontent.com/gatheringhallstudios/MHGenDatabase/master/app/src/main/assets/databases/mhgu.db.zip
basarios,MHRS,tolerance_poison,180,status build-up points,https://mhrice.info/mhrice.json
basarios,MH4U,tolerance_sleep,100,status build-up points,https://kiranico.com/en/mh4u/monster/basarios
basarios,MHGU,tolerance_sleep,100,status build-up points,https://raw.githubusercontent.com/gatheringhallstudios/MHGenDatabase/master/app/src/main/assets/databases/mhgu.db.zip
basarios,MHRS,tolerance_sleep,100,status build-up points,https://mhrice.info/mhrice.json
basarios,MH4U,tolerance_stun,200,status build-up points,https://kiranico.com/en/mh4u/monster/basarios
basarios,MHGU,tolerance_stun,200,status build-up points,https://raw.githubusercontent.com/gatheringhallstudios/MHGenDatabase/master/app/src/main/assets/databases/mhgu.db.zip
basarios,MHRS,tolerance_stun,150,status build-up points,https://mhrice.info/mhrice.json
bazelgeuse,MHRS,base_hp,4600,"HP (base_hp_vital, LR/HR)",https://mhrice.info/mhrice.json
bazelgeuse,MHRS,enrage_attack_mult,1.2,multiplier,https://mhrice.info/mhrice.json
bazelgeuse,MHRS,enrage_duration,120,seconds,https://mhrice.info/mhrice.json
bazelgeuse,MHRS,enrage_speed_mult,1.14,motion-rate multiplier,https://mhrice.info/mhrice.json
bazelgeuse,MHRS,enrage_trigger,1100,damage points (High Rank),https://mhrice.info/mhrice.json
bazelgeuse,MHRS,head_stagger,270,"part vital (flinch value, LR/HR)",https://mhrice.info/mhrice.json
bazelgeuse,MHRS,hitzone_max_raw,85,hitzone percent (max over all parts and phases),https://mhrice.info/mhrice.json
bazelgeuse,MHRS,move_power_max,280,raw damage (max base_damage),https://mhrice.info/mhrice.json
bazelgeuse,MHRS,size_base,1928.38,cm,https://mhrice.info/mhrice.json
bazelgeuse,MHRS,size_gold,2371.9074,cm (base_size * king_boarder),https://mhrice.info/mhrice.json
bazelgeuse,MHRS,tolerance_paralysis,180,status build-up points,https://mhrice.info/mhrice.json
bazelgeuse,MHRS,tolerance_poison,150,status build-up points,https://mhrice.info/mhrice.json
bazelgeuse,MHRS,tolerance_sleep,150,status build-up points,https://mhrice.info/mhrice.json
bazelgeuse,MHRS,tolerance_stun,200,status build-up points,https://mhrice.info/mhrice.json
behemoth,MHWorld,base_hp,35000,HP,https://mhworld.kiranico.com/en/monsters/yA8Ub/behemoth
behemoth,MHWorld,enrage_attack_mult,1.25,"multiplier (Low Rank/High Rank column, not Master Rank)",https://mhworld.kiranico.com/en/monsters/yA8Ub/behemoth
behemoth,MHWorld,enrage_duration,120,"seconds (Low Rank/High Rank column, not Master Rank)",https://mhworld.kiranico.com/en/monsters/yA8Ub/behemoth
behemoth,MHWorld,enrage_speed_mult,1.1,"multiplier (Low Rank/High Rank column, not Master Rank)",https://mhworld.kiranico.com/en/monsters/yA8Ub/behemoth
behemoth,MHWorld,enrage_trigger,2000,"damage points (Low Rank/High Rank column, not Master Rank)",https://mhworld.kiranico.com/en/monsters/yA8Ub/behemoth
behemoth,MHWorld,head_stagger,2500,"damage (Part Breakability, exact ""Head"" row)",https://mhworld.kiranico.com/en/monsters/yA8Ub/behemoth
behemoth,MHWorld,hitzone_max_raw,60,"raw hitzone % (max sever/blunt/shot over LR/HR Physiology rows, including state-variant parts e.g. ""Head (White)"", excluding Master Rank override rows)",https://mhworld.kiranico.com/en/monsters/yA8Ub/behemoth
behemoth,MHWorld,move_power_max,1500,motion value (max over Monster Attacks rows; poedb only lists a subset so is not used here),https://mhworld.kiranico.com/en/monsters/yA8Ub/behemoth
behemoth,MHWorld,size_base,3423.65,cm (poedb Base; never derived as gold/1.23 — crown thresholds are per-monster),https://mhw.poedb.tw/eng/monster/15/Behemoth
behemoth,MHWorld,size_gold,4211.09,cm (gold crown threshold),https://mhworld.kiranico.com/en/monsters/yA8Ub/behemoth
behemoth,MHWorld,tolerance_paralysis,180,status build-up points,https://mhworld.kiranico.com/en/monsters/yA8Ub/behemoth
behemoth,MHWorld,tolerance_poison,150,status build-up points,https://mhworld.kiranico.com/en/monsters/yA8Ub/behemoth
behemoth,MHWorld,tolerance_sleep,180,status build-up points,https://mhworld.kiranico.com/en/monsters/yA8Ub/behemoth
behemoth,MHWorld,tolerance_stun,150,status build-up points,https://mhworld.kiranico.com/en/monsters/yA8Ub/behemoth
beotodus,MHWorld,base_hp,2120,HP,https://mhworld.kiranico.com/en/monsters/OqOIX/beotodus
beotodus,MHWorld,enrage_attack_mult,1.1,"multiplier (Low Rank/High Rank column, not Master Rank)",https://mhworld.kiranico.com/en/monsters/OqOIX/beotodus
beotodus,MHWorld,enrage_duration,120,"seconds (Low Rank/High Rank column, not Master Rank)",https://mhworld.kiranico.com/en/monsters/OqOIX/beotodus
beotodus,MHWorld,enrage_speed_mult,1.05,"multiplier (Low Rank/High Rank column, not Master Rank)",https://mhworld.kiranico.com/en/monsters/OqOIX/beotodus
beotodus,MHWorld,enrage_trigger,350,"damage points (Low Rank/High Rank column, not Master Rank)",https://mhworld.kiranico.com/en/monsters/OqOIX/beotodus
beotodus,MHWorld,head_stagger,140,"damage (Part Breakability, exact ""Head"" row)",https://mhworld.kiranico.com/en/monsters/OqOIX/beotodus
beotodus,MHWorld,hitzone_max_raw,70,"raw hitzone % (max sever/blunt/shot over LR/HR Physiology rows, including state-variant parts e.g. ""Head (White)"", excluding Master Rank override rows)",https://mhworld.kiranico.com/en/monsters/OqOIX/beotodus
beotodus,MHWorld,move_power_max,80,motion value (max over Monster Attacks rows; poedb only lists a subset so is not used here),https://mhworld.kiranico.com/en/monsters/OqOIX/beotodus
beotodus,MHWorld,size_base,1661.99,cm (poedb Base; never derived as gold/1.23 — crown thresholds are per-monster),https://mhw.poedb.tw/eng/monster/77/Beotodus
beotodus,MHWorld,size_gold,2044.25,cm (gold crown threshold),https://mhworld.kiranico.com/en/monsters/OqOIX/beotodus
beotodus,MHWorld,tolerance_paralysis,180,status build-up points,https://mhworld.kiranico.com/en/monsters/OqOIX/beotodus
beotodus,MHWorld,tolerance_poison,150,status build-up points,https://mhworld.kiranico.com/en/monsters/OqOIX/beotodus
beotodus,MHWorld,tolerance_sleep,150,status build-up points,https://mhworld.kiranico.com/en/monsters/OqOIX/beotodus
beotodus,MHWorld,tolerance_stun,150,status build-up points,https://mhworld.kiranico.com/en/monsters/OqOIX/beotodus
berserk-tetsucabra,MH4U,base_hp,4200,HP,https://kiranico.com/en/mh4u/monster/berserk-tetsucabra
berserk-tetsucabra,MH4U,enrage_attack_mult,1.3,multiplier,https://kiranico.com/en/mh4u/monster/berserk-tetsucabra
berserk-tetsucabra,MH4U,enrage_duration,90,seconds,https://kiranico.com/en/mh4u/monster/berserk-tetsucabra
berserk-tetsucabra,MH4U,enrage_speed_mult,1.2,multiplier,https://kiranico.com/en/mh4u/monster/berserk-tetsucabra
berserk-tetsucabra,MH4U,head_stagger,325,damage,https://kiranico.com/en/mh4u/monster/berserk-tetsucabra
berserk-tetsucabra,MH4U,hitzone_max_raw,55,hitzone %,https://kiranico.com/en/mh4u/monster/berserk-tetsucabra
berserk-tetsucabra,MH4U,size_base,1364.2222222222222,cm,https://kiranico.com/en/mh4u/monster/berserk-tetsucabra
berserk-tetsucabra,MH4U,size_gold,1556.9,cm,https://kiranico.com/en/mh4u/monster/berserk-tetsucabra
berserk-tetsucabra,MH4U,tolerance_paralysis,200,status build-up points,https://kiranico.com/en/mh4u/monster/berserk-tetsucabra
berserk-tetsucabra,MH4U,tolerance_poison,100,status build-up points,https://kiranico.com/en/mh4u/monster/berserk-tetsucabra
berserk-tetsucabra,MH4U,tolerance_sleep,150,status build-up points,https://kiranico.com/en/mh4u/monster/berserk-tetsucabra
berserk-tetsucabra,MH4U,tolerance_stun,200,status build-up points,https://kiranico.com/en/mh4u/monster/berserk-tetsucabra
bishaten,MHRS,base_hp,4200,"HP (base_hp_vital, LR/HR)",https://mhrice.info/mhrice.json
bishaten,MHRS,enrage_attack_mult,1.1,multiplier,https://mhrice.info/mhrice.json
bishaten,MHRS,enrage_duration,100,seconds,https://mhrice.info/mhrice.json
bishaten,MHRS,enrage_speed_mult,1.1,motion-rate multiplier,https://mhrice.info/mhrice.json
bishaten,MHRS,enrage_trigger,1150,damage points (High Rank),https://mhrice.info/mhrice.json
bishaten,MHRS,head_stagger,300,"part vital (flinch value, LR/HR)",https://mhrice.info/mhrice.json
bishaten,MHRS,hitzone_max_raw,70,hitzone percent (max over all parts and phases),https://mhrice.info/mhrice.json
bishaten,MHRS,move_power_max,75,raw damage (max base_damage),https://mhrice.info/mhrice.json
bishaten,MHRS,size_base,924.79,cm,https://mhrice.info/mhrice.json
bishaten,MHRS,size_gold,1054.2605999999998,cm (base_size * king_boarder),https://mhrice.info/mhrice.json
bishaten,MHRS,tolerance_paralysis,180,status build-up points,https://mhrice.info/mhrice.json
bishaten,MHRS,tolerance_poison,250,status build-up points,https://mhrice.info/mhrice.json
bishaten,MHRS,tolerance_sleep,150,status build-up points,https://mhrice.info/mhrice.json
bishaten,MHRS,tolerance_stun,120,status build-up points,https://mhrice.info/mhrice.json
black-diablos,MH4U,base_hp,4300,HP,https://kiranico.com/en/mh4u/monster/black-diablos
black-diablos,MHWorld,base_hp,3450,HP,https://mhworld.kiranico.com/en/monsters/RoXHw/black-diablos
black-diablos,MH4U,enrage_attack_mult,1.4,multiplier,https://kiranico.com/en/mh4u/monster/black-diablos
black-diablos,MHWorld,enrage_attack_mult,1.2,"multiplier (Low Rank/High Rank column, not Master Rank)",https://mhworld.kiranico.com/en/monsters/RoXHw/black-diablos
black-diablos,MH4U,enrage_duration,90,seconds,https://kiranico.com/en/mh4u/monster/black-diablos
black-diablos,MHWorld,enrage_duration,75,"seconds (Low Rank/High Rank column, not Master Rank)",https://mhworld.kiranico.com/en/monsters/RoXHw/black-diablos
black-diablos,MH4U,enrage_speed_mult,1.3,multiplier,https://kiranico.com/en/mh4u/monster/black-diablos
black-diablos,MHWorld,enrage_speed_mult,1.15,"multiplier (Low Rank/High Rank column, not Master Rank)",https://mhworld.kiranico.com/en/monsters/RoXHw/black-diablos
black-diablos,MHWorld,enrage_trigger,300,"damage points (Low Rank/High Rank column, not Master Rank)",https://mhworld.kiranico.com/en/monsters/RoXHw/black-diablos
black-diablos,MH4U,head_stagger,150,damage,https://kiranico.com/en/mh4u/monster/black-diablos
black-diablos,MHWorld,head_stagger,200,"damage (Part Breakability, exact ""Head"" row)",https://mhworld.kiranico.com/en/monsters/RoXHw/black-diablos
black-diablos,MH4U,hitzone_max_raw,75,hitzone %,https://kiranico.com/en/mh4u/monster/black-diablos
black-diablos,MHWorld,hitzone_max_raw,68,"raw hitzone % (max sever/blunt/shot over LR/HR Physiology rows, including state-variant parts e.g. ""Head (White)"", excluding Master Rank override rows)",https://mhworld.kiranico.com/en/monsters/RoXHw/black-diablos
black-diablos,MHWorld,move_power_max,100,motion value (max over Monster Attacks rows; poedb only lists a subset so is not used here),https://mhworld.kiranico.com/en/monsters/RoXHw/black-diablos
black-diablos,MH4U,size_base,2200,cm,https://kiranico.com/en/mh4u/monster/black-diablos
black-diablos,MHWorld,size_base,2096.25,cm (poedb Base; never derived as gold/1.23 — crown thresholds are per-monster),https://mhw.poedb.tw/eng/monster/13/Black%20Diablos
black-diablos,MH4U,size_gold,2510.7,cm,https://kiranico.com/en/mh4u/monster/black-diablos
black-diablos,MHWorld,size_gold,2578.39,cm (gold crown threshold),https://mhworld.kiranico.com/en/monsters/RoXHw/black-diablos
black-diablos,MH4U,tolerance_paralysis,200,status build-up points,https://kiranico.com/en/mh4u/monster/black-diablos
black-diablos,MHWorld,tolerance_paralysis,100,status build-up points,https://mhworld.kiranico.com/en/monsters/RoXHw/black-diablos
black-diablos,MH4U,tolerance_poison,100,status build-up points,https://kiranico.com/en/mh4u/monster/black-diablos
black-diablos,MHWorld,tolerance_poison,150,status build-up points,https://mhworld.kiranico.com/en/monsters/RoXHw/black-diablos
black-diablos,MH4U,tolerance_sleep,150,status build-up points,https://kiranico.com/en/mh4u/monster/black-diablos
black-diablos,MHWorld,tolerance_sleep,150,status build-up points,https://mhworld.kiranico.com/en/monsters/RoXHw/black-diablos
black-diablos,MH4U,tolerance_stun,150,status build-up points,https://kiranico.com/en/mh4u/monster/black-diablos
black-diablos,MHWorld,tolerance_stun,200,status build-up points,https://mhworld.kiranico.com/en/monsters/RoXHw/black-diablos
black-gravios,MH4U,base_hp,4600,HP,https://kiranico.com/en/mh4u/monster/black-gravios
black-gravios,MH4U,enrage_attack_mult,1.3,multiplier,https://kiranico.com/en/mh4u/monster/black-gravios
black-gravios,MH4U,enrage_duration,80,seconds,https://kiranico.com/en/mh4u/monster/black-gravios
black-gravios,MH4U,enrage_speed_mult,1.2,multiplier,https://kiranico.com/en/mh4u/monster/black-gravios
black-gravios,MH4U,head_stagger,150,damage,https://kiranico.com/en/mh4u/monster/black-gravios
black-gravios,MH4U,hitzone_max_raw,30,hitzone %,https://kiranico.com/en/mh4u/monster/black-gravios
black-gravios,MH4U,size_base,2261.8888888888887,cm,https://kiranico.com/en/mh4u/monster/black-gravios
black-gravios,MH4U,size_gold,2581.4,cm,https://kiranico.com/en/mh4u/monster/black-gravios
black-gravios,MH4U,tolerance_paralysis,200,status build-up points,https://kiranico.com/en/mh4u/monster/black-gravios
black-gravios,MH4U,tolerance_poison,150,status build-up points,https://kiranico.com/en/mh4u/monster/black-gravios
black-gravios,MH4U,tolerance_sleep,200,status build-up points,https://kiranico.com/en/mh4u/monster/black-gravios
black-gravios,MH4U,tolerance_stun,200,status build-up points,https://kiranico.com/en/mh4u/monster/black-gravios
blackveil-vaal-hazak,MHWorld,base_hp,4300,HP,https://mhworld.kiranico.com/en/monsters/WQzsl/blackveil-vaal-hazak
blackveil-vaal-hazak,MHWorld,enrage_attack_mult,1.05,"multiplier (Low Rank/High Rank column, not Master Rank)",https://mhworld.kiranico.com/en/monsters/WQzsl/blackveil-vaal-hazak
blackveil-vaal-hazak,MHWorld,enrage_duration,120,"seconds (Low Rank/High Rank column, not Master Rank)",https://mhworld.kiranico.com/en/monsters/WQzsl/blackveil-vaal-hazak
blackveil-vaal-hazak,MHWorld,enrage_speed_mult,1.1,"multiplier (Low Rank/High Rank column, not Master Rank)",https://mhworld.kiranico.com/en/monsters/WQzsl/blackveil-vaal-hazak
blackveil-vaal-hazak,MHWorld,enrage_trigger,430,"damage points (Low Rank/High Rank column, not Master Rank)",https://mhworld.kiranico.com/en/monsters/WQzsl/blackveil-vaal-hazak
blackveil-vaal-hazak,MHWorld,head_stagger,300,"damage (Part Breakability, exact ""Head"" row)",https://mhworld.kiranico.com/en/monsters/WQzsl/blackveil-vaal-hazak
blackveil-vaal-hazak,MHWorld,hitzone_max_raw,85,"raw hitzone % (max sever/blunt/shot over LR/HR Physiology rows, including state-variant parts e.g. ""Head (White)"", excluding Master Rank override rows)",https://mhworld.kiranico.com/en/monsters/WQzsl/blackveil-vaal-hazak
blackveil-vaal-hazak,MHWorld,move_power_max,120,motion value (max over Monster Attacks rows; poedb only lists a subset so is not used here),https://mhworld.kiranico.com/en/monsters/WQzsl/blackveil-vaal-hazak
blackveil-vaal-hazak,MHWorld,size_base,2095.4,cm (poedb Base; never derived as gold/1.23 — crown thresholds are per-monster),https://mhw.poedb.tw/eng/monster/75/Blackveil%20Vaal%20Hazak
blackveil-vaal-hazak,MHWorld,size_gold,2577.34,cm (gold crown threshold),https://mhworld.kiranico.com/en/monsters/WQzsl/blackveil-vaal-hazak
blackveil-vaal-hazak,MHWorld,tolerance_paralysis,300,status build-up points,https://mhworld.kiranico.com/en/monsters/WQzsl/blackveil-vaal-hazak
blackveil-vaal-hazak,MHWorld,tolerance_poison,250,status build-up points,https://mhworld.kiranico.com/en/monsters/WQzsl/blackveil-vaal-hazak
blackveil-vaal-hazak,MHWorld,tolerance_sleep,250,status build-up points,https://mhworld.kiranico.com/en/monsters/WQzsl/blackveil-vaal-hazak
blackveil-vaal-hazak,MHWorld,tolerance_stun,200,status build-up points,https://mhworld.kiranico.com/en/monsters/WQzsl/blackveil-vaal-hazak
blangonga,MHGU,base_hp,4200,HP,https://raw.githubusercontent.com/gatheringhallstudios/MHGenDatabase/master/app/src/main/assets/databases/mhgu.db.zip
blangonga,MHWilds,base_hp,4500,HP points,https://wilds.mhdb.io/en/monsters
blangonga,MHWilds,enrage_attack_mult,1.1,multiplier (High Rank),https://raw.githubusercontent.com/robomeche/MHWilds-Database/main/monster/assets/json/MHWilds_Data_compact.json.gz
blangonga,MHWilds,enrage_duration,90,seconds (High Rank),https://raw.githubusercontent.com/robomeche/MHWilds-Database/main/monster/assets/json/MHWilds_Data_compact.json.gz
blangonga,MHWilds,enrage_speed_mult,1.1,motion-speed multiplier (High Rank),https://raw.githubusercontent.com/robomeche/MHWilds-Database/main/monster/assets/json/MHWilds_Data_compact.json.gz
blangonga,MHWilds,enrage_trigger,1200,damage points (High Rank),https://raw.githubusercontent.com/robomeche/MHWilds-Database/main/monster/assets/json/MHWilds_Data_compact.json.gz
blangonga,MHGU,head_stagger,300,stagger threshold (raw),https://mhgu.kiranico.com/monster/6a056
blangonga,MHWilds,head_stagger,400,damage points (base),https://raw.githubusercontent.com/robomeche/MHWilds-Database/main/monster/assets/json/MHWilds_Data_compact.json.gz
blangonga,MHGU,hitzone_max_raw,60,raw hitzone percent (max over all Kiranico GU states),https://mhgu.kiranico.com/monster/6a056
blangonga,MHWilds,hitzone_max_raw,70,"percent (robomeche Meat, default state max)",https://raw.githubusercontent.com/robomeche/MHWilds-Database/main/monster/assets/json/MHWilds_Data_compact.json.gz
blangonga,MHGU,size_base,859.91,cm,https://mhgu.kiranico.com/monster/6a056
blangonga,MHWilds,size_base,899.3712,cm,https://wilds.mhdb.io/en/monsters
blangonga,MHGU,size_gold,1057.69,cm,https://mhgu.kiranico.com/monster/6a056
blangonga,MHWilds,size_gold,1106.2266,cm,https://wilds.mhdb.io/en/monsters
blangonga,MHGU,tolerance_paralysis,200,status build-up points,https://raw.githubusercontent.com/gatheringhallstudios/MHGenDatabase/master/app/src/main/assets/databases/mhgu.db.zip
blangonga,MHWilds,tolerance_paralysis,180,status build-up points,https://raw.githubusercontent.com/robomeche/MHWilds-Database/main/monster/assets/json/MHWilds_Data_compact.json.gz
blangonga,MHGU,tolerance_poison,180,status build-up points,https://raw.githubusercontent.com/gatheringhallstudios/MHGenDatabase/master/app/src/main/assets/databases/mhgu.db.zip
blangonga,MHWilds,tolerance_poison,150,status build-up points,https://raw.githubusercontent.com/robomeche/MHWilds-Database/main/monster/assets/json/MHWilds_Data_compact.json.gz
blangonga,MHGU,tolerance_sleep,150,status build-up points,https://raw.githubusercontent.com/gatheringhallstudios/MHGenDatabase/master/app/src/main/assets/databases/mhgu.db.zip
blangonga,MHWilds,tolerance_sleep,150,status build-up points,https://raw.githubusercontent.com/robomeche/MHWilds-Database/main/monster/assets/json/MHWilds_Data_compact.json.gz
blangonga,MHGU,tolerance_stun,150,status build-up points,https://raw.githubusercontent.com/gatheringhallstudios/MHGenDatabase/master/app/src/main/assets/databases/mhgu.db.zip
blangonga,MHWilds,tolerance_stun,120,stun (KO) build-up points,https://raw.githubusercontent.com/robomeche/MHWilds-Database/main/monster/assets/json/MHWilds_Data_compact.json.gz
blood-orange-bishaten,MHRS,base_hp,4200,"HP (base_hp_vital, LR/HR)",https://mhrice.info/mhrice.json
blood-orange-bishaten,MHRS,enrage_attack_mult,1.15,multiplier,https://mhrice.info/mhrice.json
blood-orange-bishaten,MHRS,enrage_duration,150,seconds,https://mhrice.info/mhrice.json
blood-orange-bishaten,MHRS,enrage_speed_mult,1.1,motion-rate multiplier,https://mhrice.info/mhrice.json
blood-orange-bishaten,MHRS,enrage_trigger,1150,damage points (High Rank),https://mhrice.info/mhrice.json
blood-orange-bishaten,MHRS,head_stagger,300,"part vital (flinch value, LR/HR)",https://mhrice.info/mhrice.json
blood-orange-bishaten,MHRS,hitzone_max_raw,70,hitzone percent (max over all parts and phases),https://mhrice.info/mhrice.json
blood-orange-bishaten,MHRS,move_power_max,200,raw damage (max base_damage),https://mhrice.info/mhrice.json
blood-orange-bishaten,MHRS,size_base,924.79,cm,https://mhrice.info/mhrice.json
blood-orange-bishaten,MHRS,size_gold,1054.2605999999998,cm (base_size * king_boarder),https://mhrice.info/mhrice.json
blood-orange-bishaten,MHRS,tolerance_paralysis,180,status build-up points,https://mhrice.info/mhrice.json
blood-orange-bishaten,MHRS,tolerance_poison,150,status build-up points,https://mhrice.info/mhrice.json
blood-orange-bishaten,MHRS,tolerance_sleep,150,status build-up points,https://mhrice.info/mhrice.json
blood-orange-bishaten,MHRS,tolerance_stun,120,status build-up points,https://mhrice.info/mhrice.json
bloodbath-diablos,MHGU,base_hp,5800,HP,https://raw.githubusercontent.com/gatheringhallstudios/MHGenDatabase/master/app/src/main/assets/databases/mhgu.db.zip
bloodbath-diablos,MHGU,head_stagger,230,stagger threshold (raw),https://mhgu.kiranico.com/monster/60806
bloodbath-diablos,MHGU,hitzone_max_raw,57,raw hitzone percent (max over all Kiranico GU states),https://mhgu.kiranico.com/monster/60806
bloodbath-diablos,MHGU,size_base,2409.35,cm,https://mhgu.kiranico.com/monster/60806
bloodbath-diablos,MHGU,size_gold,2746.66,cm,https://mhgu.kiranico.com/monster/60806
bloodbath-diablos,MHGU,tolerance_paralysis,200,status build-up points,https://raw.githubusercontent.com/gatheringhallstudios/MHGenDatabase/master/app/src/main/assets/databases/mhgu.db.zip
bloodbath-diablos,MHGU,tolerance_poison,100,status build-up points,https://raw.githubusercontent.com/gatheringhallstudios/MHGenDatabase/master/app/src/main/assets/databases/mhgu.db.zip
bloodbath-diablos,MHGU,tolerance_sleep,150,status build-up points,https://raw.githubusercontent.com/gatheringhallstudios/MHGenDatabase/master/app/src/main/assets/databases/mhgu.db.zip
bloodbath-diablos,MHGU,tolerance_stun,120,status build-up points,https://raw.githubusercontent.com/gatheringhallstudios/MHGenDatabase/master/app/src/main/assets/databases/mhgu.db.zip
blue-yian-kut-ku,MH4U,base_hp,4000,HP,https://kiranico.com/en/mh4u/monster/blue-yian-kut-ku
blue-yian-kut-ku,MH4U,enrage_attack_mult,1.3,multiplier,https://kiranico.com/en/mh4u/monster/blue-yian-kut-ku
blue-yian-kut-ku,MH4U,enrage_duration,70,seconds,https://kiranico.com/en/mh4u/monster/blue-yian-kut-ku
blue-yian-kut-ku,MH4U,enrage_speed_mult,1.3,multiplier,https://kiranico.com/en/mh4u/monster/blue-yian-kut-ku
blue-yian-kut-ku,MH4U,head_stagger,160,damage,https://kiranico.com/en/mh4u/monster/blue-yian-kut-ku
blue-yian-kut-ku,MH4U,hitzone_max_raw,70,hitzone %,https://kiranico.com/en/mh4u/monster/blue-yian-kut-ku
blue-yian-kut-ku,MH4U,size_base,898.5555555555555,cm,https://kiranico.com/en/mh4u/monster/blue-yian-kut-ku
blue-yian-kut-ku,MH4U,size_gold,1105.3,cm,https://kiranico.com/en/mh4u/monster/blue-yian-kut-ku
blue-yian-kut-ku,MH4U,tolerance_paralysis,150,status build-up points,https://kiranico.com/en/mh4u/monster/blue-yian-kut-ku
blue-yian-kut-ku,MH4U,tolerance_poison,150,status build-up points,https://kiranico.com/en/mh4u/monster/blue-yian-kut-ku
blue-yian-kut-ku,MH4U,tolerance_sleep,160,status build-up points,https://kiranico.com/en/mh4u/monster/blue-yian-kut-ku
blue-yian-kut-ku,MH4U,tolerance_stun,160,status build-up points,https://kiranico.com/en/mh4u/monster/blue-yian-kut-ku
boltreaver-astalos,MHGU,base_hp,5800,HP,https://raw.githubusercontent.com/gatheringhallstudios/MHGenDatabase/master/app/src/main/assets/databases/mhgu.db.zip
boltreaver-astalos,MHGU,head_stagger,320,stagger threshold (raw),https://mhgu.kiranico.com/monster/67d50
boltreaver-astalos,MHGU,hitzone_max_raw,60,raw hitzone percent (max over all Kiranico GU states),https://mhgu.kiranico.com/monster/67d50
boltreaver-astalos,MHGU,size_base,2219.42,cm,https://mhgu.kiranico.com/monster/67d50
boltreaver-astalos,MHGU,size_gold,2419.17,cm,https://mhgu.kiranico.com/monster/67d50
boltreaver-astalos,MHGU,tolerance_paralysis,180,status build-up points,https://raw.githubusercontent.com/gatheringhallstudios/MHGenDatabase/master/app/src/main/assets/databases/mhgu.db.zip
boltreaver-astalos,MHGU,tolerance_poison,180,status build-up points,https://raw.githubusercontent.com/gatheringhallstudios/MHGenDatabase/master/app/src/main/assets/databases/mhgu.db.zip
boltreaver-astalos,MHGU,tolerance_sleep,180,status build-up points,https://raw.githubusercontent.com/gatheringhallstudios/MHGenDatabase/master/app/src/main/assets/databases/mhgu.db.zip
boltreaver-astalos,MHGU,tolerance_stun,150,status build-up points,https://raw.githubusercontent.com/gatheringhallstudios/MHGenDatabase/master/app/src/main/assets/databases/mhgu.db.zip
brachydios,MH4U,base_hp,4600,HP,https://kiranico.com/en/mh4u/monster/brachydios
brachydios,MHGU,base_hp,4600,HP,https://raw.githubusercontent.com/gatheringhallstudios/MHGenDatabase/master/app/src/main/assets/databases/mhgu.db.zip
brachydios,MHWorld,base_hp,2990,HP,https://mhworld.kiranico.com/en/monsters/qpVH8/brachydios
brachydios,MH4U,enrage_attack_mult,1.3,multiplier,https://kiranico.com/en/mh4u/monster/brachydios
brachydios,MHWorld,enrage_attack_mult,1,"multiplier (Low Rank/High Rank column, not Master Rank)",https://mhworld.kiranico.com/en/monsters/qpVH8/brachydios
brachydios,MH4U,enrage_duration,120,seconds,https://kiranico.com/en/mh4u/monster/brachydios
brachydios,MHWorld,enrage_duration,130,"seconds (Low Rank/High Rank column, not Master Rank)",https://mhworld.kiranico.com/en/monsters/qpVH8/brachydios
brachydios,MH4U,enrage_speed_mult,1.1,multiplier,https://kiranico.com/en/mh4u/monster/brachydios
brachydios,MHWorld,enrage_speed_mult,0.8,"multiplier (Low Rank/High Rank column, not Master Rank)",https://mhworld.kiranico.com/en/monsters/qpVH8/brachydios
brachydios,MHWorld,enrage_trigger,370,"damage points (Low Rank/High Rank column, not Master Rank)",https://mhworld.kiranico.com/en/monsters/qpVH8/brachydios
brachydios,MH4U,head_stagger,230,damage,https://kiranico.com/en/mh4u/monster/brachydios
brachydios,MHGU,head_stagger,230,stagger threshold (raw),https://mhgu.kiranico.com/monster/6b096
brachydios,MHWorld,head_stagger,250,"damage (Part Breakability, exact ""Head"" row)",https://mhworld.kiranico.com/en/monsters/qpVH8/brachydios
brachydios,MH4U,hitzone_max_raw,70,hitzone %,https://kiranico.com/en/mh4u/monster/brachydios
brachydios,MHGU,hitzone_max_raw,70,raw hitzone percent (max over all Kiranico GU states),https://mhgu.kiranico.com/monster/6b096
brachydios,MHWorld,hitzone_max_raw,60,"raw hitzone % (max sever/blunt/shot over LR/HR Physiology rows, including state-variant parts e.g. ""Head (White)"", excluding Master Rank override rows)",https://mhworld.kiranico.com/en/monsters/qpVH8/brachydios
brachydios,MHWorld,move_power_max,90,motion value (max over Monster Attacks rows; poedb only lists a subset so is not used here),https://mhworld.kiranico.com/en/monsters/qpVH8/brachydios
brachydios,MH4U,size_base,1521.797494206826,cm,https://kiranico.com/en/mh4u/monster/brachydios
brachydios,MHGU,size_base,1521.8,cm,https://mhgu.kiranico.com/monster/6b096
brachydios,MHWorld,size_base,1630.55,cm (poedb Base; never derived as gold/1.23 — crown thresholds are per-monster),https://mhw.poedb.tw/eng/monster/65/Brachydios
brachydios,MH4U,size_gold,1871.8,cm,https://kiranico.com/en/mh4u/monster/brachydios
brachydios,MHGU,size_gold,1871.81,cm,https://mhgu.kiranico.com/monster/6b096
brachydios,MHWorld,size_gold,2005.58,cm (gold crown threshold),https://mhworld.kiranico.com/en/monsters/qpVH8/brachydios
brachydios,MH4U,tolerance_paralysis,200,status build-up points,https://kiranico.com/en/mh4u/monster/brachydios
brachydios,MHGU,tolerance_paralysis,200,status build-up points,https://raw.githubusercontent.com/gatheringhallstudios/MHGenDatabase/master/app/src/main/assets/databases/mhgu.db.zip
brachydios,MHWorld,tolerance_paralysis,180,status build-up points,https://mhworld.kiranico.com/en/monsters/qpVH8/brachydios
brachydios,MH4U,tolerance_poison,150,status build-up points,https://kiranico.com/en/mh4u/monster/brachydios
brachydios,MHGU,tolerance_poison,150,status build-up points,https://raw.githubusercontent.com/gatheringhallstudios/MHGenDatabase/master/app/src/main/assets/databases/mhgu.db.zip
brachydios,MHWorld,tolerance_poison,150,status build-up points,https://mhworld.kiranico.com/en/monsters/qpVH8/brachydios
brachydios,MH4U,tolerance_sleep,150,status build-up points,https://kiranico.com/en/mh4u/monster/brachydios
brachydios,MHGU,tolerance_sleep,150,status build-up points,https://raw.githubusercontent.com/gatheringhallstudios/MHGenDatabase/master/app/src/main/assets/databases/mhgu.db.zip
brachydios,MHWorld,tolerance_sleep,150,status build-up points,https://mhworld.kiranico.com/en/monsters/qpVH8/brachydios
brachydios,MH4U,tolerance_stun,90,status build-up points,https://kiranico.com/en/mh4u/monster/brachydios
brachydios,MHGU,tolerance_stun,90,status build-up points,https://raw.githubusercontent.com/gatheringhallstudios/MHGenDatabase/master/app/src/main/assets/databases/mhgu.db.zip
brachydios,MHWorld,tolerance_stun,150,status build-up points,https://mhworld.kiranico.com/en/monsters/qpVH8/brachydios
brute-tigrex,MH4U,base_hp,4500,HP,https://kiranico.com/en/mh4u/monster/brute-tigrex
brute-tigrex,MHWorld,base_hp,3000,HP,https://mhworld.kiranico.com/en/monsters/j1ohM/brute-tigrex
brute-tigrex,MH4U,enrage_attack_mult,1.3,multiplier,https://kiranico.com/en/mh4u/monster/brute-tigrex
brute-tigrex,MHWorld,enrage_attack_mult,1.1,"multiplier (Low Rank/High Rank column, not Master Rank)",https://mhworld.kiranico.com/en/monsters/j1ohM/brute-tigrex
brute-tigrex,MH4U,enrage_duration,80,seconds,https://kiranico.com/en/mh4u/monster/brute-tigrex
brute-tigrex,MHWorld,enrage_duration,120,"seconds (Low Rank/High Rank column, not Master Rank)",https://mhworld.kiranico.com/en/monsters/j1ohM/brute-tigrex
brute-tigrex,MH4U,enrage_speed_mult,1.2,multiplier,https://kiranico.com/en/mh4u/monster/brute-tigrex
brute-tigrex,MHWorld,enrage_speed_mult,1.1,"multiplier (Low Rank/High Rank column, not Master Rank)",https://mhworld.kiranico.com/en/monsters/j1ohM/brute-tigrex
brute-tigrex,MHWorld,enrage_trigger,450,"damage points (Low Rank/High Rank column, not Master Rank)",https://mhworld.kiranico.com/en/monsters/j1ohM/brute-tigrex
brute-tigrex,MH4U,head_stagger,220,damage,https://kiranico.com/en/mh4u/monster/brute-tigrex
brute-tigrex,MHWorld,head_stagger,300,"damage (Part Breakability, exact ""Head"" row)",https://mhworld.kiranico.com/en/monsters/j1ohM/brute-tigrex
brute-tigrex,MH4U,hitzone_max_raw,70,hitzone %,https://kiranico.com/en/mh4u/monster/brute-tigrex
brute-tigrex,MHWorld,hitzone_max_raw,60,"raw hitzone % (max sever/blunt/shot over LR/HR Physiology rows, including state-variant parts e.g. ""Head (White)"", excluding Master Rank override rows)",https://mhworld.kiranico.com/en/monsters/j1ohM/brute-tigrex
brute-tigrex,MHWorld,move_power_max,90,motion value (max over Monster Attacks rows; poedb only lists a subset so is not used here),https://mhworld.kiranico.com/en/monsters/j1ohM/brute-tigrex
brute-tigrex,MH4U,size_base,1870.3333333333333,cm,https://kiranico.com/en/mh4u/monster/brute-tigrex
brute-tigrex,MHWorld,size_base,1943.2,cm (poedb Base; never derived as gold/1.23 — crown thresholds are per-monster),https://mhw.poedb.tw/eng/monster/93/Brute%20Tigrex
brute-tigrex,MH4U,size_gold,2134.5,cm,https://kiranico.com/en/mh4u/monster/brute-tigrex
brute-tigrex,MHWorld,size_gold,2390.14,cm (gold crown threshold),https://mhworld.kiranico.com/en/monsters/j1ohM/brute-tigrex
brute-tigrex,MH4U,tolerance_paralysis,200,status build-up points,https://kiranico.com/en/mh4u/monster/brute-tigrex
brute-tigrex,MHWorld,tolerance_paralysis,180,status build-up points,https://mhworld.kiranico.com/en/monsters/j1ohM/brute-tigrex
brute-tigrex,MH4U,tolerance_poison,180,status build-up points,https://kiranico.com/en/mh4u/monster/brute-tigrex
brute-tigrex,MHWorld,tolerance_poison,150,status build-up points,https://mhworld.kiranico.com/en/monsters/j1ohM/brute-tigrex
brute-tigrex,MH4U,tolerance_sleep,180,status build-up points,https://kiranico.com/en/mh4u/monster/brute-tigrex
brute-tigrex,MHWorld,tolerance_sleep,150,status build-up points,https://mhworld.kiranico.com/en/monsters/j1ohM/brute-tigrex
brute-tigrex,MH4U,tolerance_stun,200,status build-up points,https://kiranico.com/en/mh4u/monster/brute-tigrex
brute-tigrex,MHWorld,tolerance_stun,150,status build-up points,https://mhworld.kiranico.com/en/monsters/j1ohM/brute-tigrex
bulldrome,MHGU,base_hp,1800,HP,https://raw.githubusercontent.com/gatheringhallstudios/MHGenDatabase/master/app/src/main/assets/databases/mhgu.db.zip
bulldrome,MHGU,hitzone_max_raw,80,raw hitzone percent (max over all Kiranico GU states),https://mhgu.kiranico.com/monster/60b36
bulldrome,MHGU,size_base,565.85,cm,https://mhgu.kiranico.com/monster/60b36
bulldrome,MHGU,size_gold,696,cm,https://mhgu.kiranico.com/monster/60b36
bulldrome,MHGU,tolerance_paralysis,150,status build-up points,https://raw.githubusercontent.com/gatheringhallstudios/MHGenDatabase/master/app/src/main/assets/databases/mhgu.db.zip
bulldrome,MHGU,tolerance_poison,30,status build-up points,https://raw.githubusercontent.com/gatheringhallstudios/MHGenDatabase/master/app/src/main/assets/databases/mhgu.db.zip
bulldrome,MHGU,tolerance_sleep,30,status build-up points,https://raw.githubusercontent.com/gatheringhallstudios/MHGenDatabase/master/app/src/main/assets/databases/mhgu.db.zip
bulldrome,MHGU,tolerance_stun,100,status build-up points,https://raw.githubusercontent.com/gatheringhallstudios/MHGenDatabase/master/app/src/main/assets/databases/mhgu.db.zip
ceadeus,MH3U,enrage_attack_mult,1.25,multiplier,http://mh3g.org/book/nabarudeusu.html
ceadeus,MH3U,enrage_duration,120,seconds,http://mh3g.org/book/nabarudeusu.html
ceadeus,MH3U,enrage_speed_mult,1,multiplier,http://mh3g.org/book/nabarudeusu.html
ceadeus,MH3U,head_stagger,300,damage points (village-quest base),http://mh3g.org/book/nabarudeusu.html
ceadeus,MH3U,hitzone_max_raw,60,"raw hitzone % (max of cut/impact/shot, sentinels excluded)",https://raw.githubusercontent.com/dbooga/MonsterHunter3UDatabase/master/MonsterHunter3UDatabase/assets/mh3u.sqlite
cephadrome,MH4U,base_hp,3600,HP,https://kiranico.com/en/mh4u/monster/cephadrome
cephadrome,MHGU,base_hp,3000,HP,https://raw.githubusercontent.com/gatheringhallstudios/MHGenDatabase/master/app/src/main/assets/databases/mhgu.db.zip
cephadrome,MH4U,enrage_attack_mult,1.3,multiplier,https://kiranico.com/en/mh4u/monster/cephadrome
cephadrome,MH4U,enrage_duration,80,seconds,https://kiranico.com/en/mh4u/monster/cephadrome
cephadrome,MH4U,enrage_speed_mult,1.1,multiplier,https://kiranico.com/en/mh4u/monster/cephadrome
cephadrome,MH4U,head_stagger,130,damage,https://kiranico.com/en/mh4u/monster/cephadrome
cephadrome,MHGU,head_stagger,200,stagger threshold (raw),https://mhgu.kiranico.com/monster/65e76
cephadrome,MHGU,hitzone_max_raw,80,raw hitzone percent (max over all Kiranico GU states),https://mhgu.kiranico.com/monster/65e76
cephadrome,MH4U,size_base,1677.5605828522055,cm,https://kiranico.com/en/mh4u/monster/cephadrome
cephadrome,MHGU,size_base,1677.6,cm,https://mhgu.kiranico.com/monster/65e76
cephadrome,MH4U,size_gold,2063.4,cm,https://kiranico.com/en/mh4u/monster/cephadrome
cephadrome,MHGU,size_gold,2063.45,cm,https://mhgu.kiranico.com/monster/65e76
cephadrome,MH4U,tolerance_paralysis,150,status build-up points,https://kiranico.com/en/mh4u/monster/cephadrome
cephadrome,MHGU,tolerance_paralysis,150,status build-up points,https://raw.githubusercontent.com/gatheringhallstudios/MHGenDatabase/master/app/src/main/assets/databases/mhgu.db.zip
cephadrome,MH4U,tolerance_poison,100,status build-up points,https://kiranico.com/en/mh4u/monster/cephadrome
cephadrome,MHGU,tolerance_poison,100,status build-up points,https://raw.githubusercontent.com/gatheringhallstudios/MHGenDatabase/master/app/src/main/assets/databases/mhgu.db.zip
cephadrome,MH4U,tolerance_sleep,110,status build-up points,https://kiranico.com/en/mh4u/monster/cephadrome
cephadrome,MHGU,tolerance_sleep,110,status build-up points,https://raw.githubusercontent.com/gatheringhallstudios/MHGenDatabase/master/app/src/main/assets/databases/mhgu.db.zip
cephadrome,MH4U,tolerance_stun,100,status build-up points,https://kiranico.com/en/mh4u/monster/cephadrome
cephadrome,MHGU,tolerance_stun,100,status build-up points,https://raw.githubusercontent.com/gatheringhallstudios/MHGenDatabase/master/app/src/main/assets/databases/mhgu.db.zip
chameleos,MH4U,base_hp,6400,HP,https://kiranico.com/en/mh4u/monster/chameleos
chameleos,MHGU,base_hp,6400,HP,https://raw.githubusercontent.com/gatheringhallstudios/MHGenDatabase/master/app/src/main/assets/databases/mhgu.db.zip
chameleos,MHRS,base_hp,4500,"HP (base_hp_vital, LR/HR)",https://mhrice.info/mhrice.json
chameleos,MH4U,enrage_attack_mult,1.3,multiplier,https://kiranico.com/en/mh4u/monster/chameleos
chameleos,MHRS,enrage_attack_mult,1.05,multiplier,https://mhrice.info/mhrice.json
chameleos,MH4U,enrage_duration,90,seconds,https://kiranico.com/en/mh4u/monster/chameleos
chameleos,MHRS,enrage_duration,90,seconds,https://mhrice.info/mhrice.json
chameleos,MH4U,enrage_speed_mult,1.4,multiplier,https://kiranico.com/en/mh4u/monster/chameleos
chameleos,MHRS,enrage_speed_mult,1.1,motion-rate multiplier,https://mhrice.info/mhrice.json
chameleos,MHRS,enrage_trigger,1450,damage points (High Rank),https://mhrice.info/mhrice.json
chameleos,MH4U,head_stagger,360,damage,https://kiranico.com/en/mh4u/monster/chameleos
chameleos,MHGU,head_stagger,360,stagger threshold (raw),https://mhgu.kiranico.com/monster/69346
chameleos,MHRS,head_stagger,380,"part vital (flinch value, LR/HR)",https://mhrice.info/mhrice.json
chameleos,MH4U,hitzone_max_raw,50,hitzone %,https://kiranico.com/en/mh4u/monster/chameleos
chameleos,MHGU,hitzone_max_raw,50,raw hitzone percent (max over all Kiranico GU states),https://mhgu.kiranico.com/monster/69346
chameleos,MHRS,hitzone_max_raw,60,hitzone percent (max over all parts and phases),https://mhrice.info/mhrice.json
chameleos,MHRS,move_power_max,85,raw damage (max base_damage),https://mhrice.info/mhrice.json
chameleos,MH4U,size_base,1993.0172027807237,cm,https://kiranico.com/en/mh4u/monster/chameleos
chameleos,MHGU,size_base,1993,cm,https://mhgu.kiranico.com/monster/69346
chameleos,MHRS,size_base,2249.06,cm,https://mhrice.info/mhrice.json
chameleos,MH4U,size_gold,2451.4,cm,https://kiranico.com/en/mh4u/monster/chameleos
chameleos,MHGU,size_gold,2451.39,cm,https://mhgu.kiranico.com/monster/69346
chameleos,MHRS,size_gold,2766.3438,cm (base_size * king_boarder),https://mhrice.info/mhrice.json
chameleos,MH4U,tolerance_paralysis,110,status build-up points,https://kiranico.com/en/mh4u/monster/chameleos
chameleos,MHGU,tolerance_paralysis,110,status build-up points,https://raw.githubusercontent.com/gatheringhallstudios/MHGenDatabase/master/app/src/main/assets/databases/mhgu.db.zip
chameleos,MHRS,tolerance_paralysis,300,status build-up points,https://mhrice.info/mhrice.json
chameleos,MH4U,tolerance_poison,200,status build-up points,https://kiranico.com/en/mh4u/monster/chameleos
chameleos,MHGU,tolerance_poison,200,status build-up points,https://raw.githubusercontent.com/gatheringhallstudios/MHGenDatabase/master/app/src/main/assets/databases/mhgu.db.zip
chameleos,MHRS,tolerance_poison,250,status build-up points,https://mhrice.info/mhrice.json
chameleos,MH4U,tolerance_sleep,150,status build-up points,https://kiranico.com/en/mh4u/monster/chameleos
chameleos,MHGU,tolerance_sleep,150,status build-up points,https://raw.githubusercontent.com/gatheringhallstudios/MHGenDatabase/master/app/src/main/assets/databases/mhgu.db.zip
chameleos,MHRS,tolerance_sleep,250,status build-up points,https://mhrice.info/mhrice.json
chameleos,MH4U,tolerance_stun,200,status build-up points,https://kiranico.com/en/mh4u/monster/chameleos
chameleos,MHGU,tolerance_stun,200,status build-up points,https://raw.githubusercontent.com/gatheringhallstudios/MHGenDatabase/master/app/src/main/assets/databases/mhgu.db.zip
chameleos,MHRS,tolerance_stun,150,status build-up points,https://mhrice.info/mhrice.json
chaotic-gore-magala,MH4U,base_hp,5800,HP,https://kiranico.com/en/mh4u/monster/chaotic-gore-magala
chaotic-gore-magala,MHGU,base_hp,5800,HP,https://raw.githubusercontent.com/gatheringhallstudios/MHGenDatabase/master/app/src/main/assets/databases/mhgu.db.zip
chaotic-gore-magala,MHRS,base_hp,4500,"HP (base_hp_vital, LR/HR)",https://mhrice.info/mhrice.json
chaotic-gore-magala,MH4U,enrage_attack_mult,1.4,multiplier,https://kiranico.com/en/mh4u/monster/chaotic-gore-magala
chaotic-gore-magala,MHRS,enrage_attack_mult,1.15,multiplier,https://mhrice.info/mhrice.json
chaotic-gore-magala,MH4U,enrage_duration,80,seconds,https://kiranico.com/en/mh4u/monster/chaotic-gore-magala
chaotic-gore-magala,MHRS,enrage_duration,80,seconds,https://mhrice.info/mhrice.json
chaotic-gore-magala,MH4U,enrage_speed_mult,1.1,multiplier,https://kiranico.com/en/mh4u/monster/chaotic-gore-magala
chaotic-gore-magala,MHRS,enrage_speed_mult,1.08,motion-rate multiplier,https://mhrice.info/mhrice.json
chaotic-gore-magala,MHRS,enrage_trigger,800,damage points (High Rank),https://mhrice.info/mhrice.json
chaotic-gore-magala,MH4U,head_stagger,300,damage,https://kiranico.com/en/mh4u/monster/chaotic-gore-magala
chaotic-gore-magala,MHGU,head_stagger,300,stagger threshold (raw),https://mhgu.kiranico.com/monster/680d5
chaotic-gore-magala,MHRS,head_stagger,300,"part vital (flinch value, LR/HR)",https://mhrice.info/mhrice.json
chaotic-gore-magala,MHGU,hitzone_max_raw,65,raw hitzone percent (max over all Kiranico GU states),https://mhgu.kiranico.com/monster/680d5
chaotic-gore-magala,MHRS,hitzone_max_raw,70,hitzone percent (max over all parts and phases),https://mhrice.info/mhrice.json
chaotic-gore-magala,MHRS,move_power_max,260,raw damage (max base_damage),https://mhrice.info/mhrice.json
chaotic-gore-magala,MH4U,size_base,1760.8842543497897,cm,https://kiranico.com/en/mh4u/monster/chaotic-gore-magala
chaotic-gore-magala,MHGU,size_base,1794.7,cm,https://mhgu.kiranico.com/monster/680d5
chaotic-gore-magala,MHRS,size_base,1765.78,cm,https://mhrice.info/mhrice.json
chaotic-gore-magala,MH4U,size_gold,2165.9,cm,https://kiranico.com/en/mh4u/monster/chaotic-gore-magala
chaotic-gore-magala,MHGU,size_gold,2207.48,cm,https://mhgu.kiranico.com/monster/680d5
chaotic-gore-magala,MHRS,size_gold,2065.9626,cm (base_size * king_boarder),https://mhrice.info/mhrice.json
chaotic-gore-magala,MH4U,tolerance_paralysis,180,status build-up points,https://kiranico.com/en/mh4u/monster/chaotic-gore-magala
chaotic-gore-magala,MHGU,tolerance_paralysis,180,status build-up points,https://raw.githubusercontent.com/gatheringhallstudios/MHGenDatabase/master/app/src/main/assets/databases/mhgu.db.zip
chaotic-gore-magala,MHRS,tolerance_paralysis,180,status build-up points,https://mhrice.info/mhrice.json
chaotic-gore-magala,MH4U,tolerance_poison,180,status build-up points,https://kiranico.com/en/mh4u/monster/chaotic-gore-magala
chaotic-gore-magala,MHGU,tolerance_poison,180,status build-up points,https://raw.githubusercontent.com/gatheringhallstudios/MHGenDatabase/master/app/src/main/assets/databases/mhgu.db.zip
chaotic-gore-magala,MHRS,tolerance_poison,150,status build-up points,https://mhrice.info/mhrice.json
chaotic-gore-magala,MH4U,tolerance_sleep,200,status build-up points,https://kiranico.com/en/mh4u/monster/chaotic-gore-magala
chaotic-gore-magala,MHGU,tolerance_sleep,200,status build-up points,https://raw.githubusercontent.com/gatheringhallstudios/MHGenDatabase/master/app/src/main/assets/databases/mhgu.db.zip
chaotic-gore-magala,MHRS,tolerance_sleep,150,status build-up points,https://mhrice.info/mhrice.json
chaotic-gore-magala,MH4U,tolerance_stun,200,status build-up points,https://kiranico.com/en/mh4u/monster/chaotic-gore-magala
chaotic-gore-magala,MHGU,tolerance_stun,200,status build-up points,https://raw.githubusercontent.com/gatheringhallstudios/MHGenDatabase/master/app/src/main/assets/databases/mhgu.db.zip
chaotic-gore-magala,MHRS,tolerance_stun,120,status build-up points,https://mhrice.info/mhrice.json
chatacabra,MHWilds,base_hp,4000,HP points,https://wilds.mhdb.io/en/monsters
chatacabra,MHWilds,enrage_attack_mult,1.1,multiplier (High Rank),https://raw.githubusercontent.com/robomeche/MHWilds-Database/main/monster/assets/json/MHWilds_Data_compact.json.gz
chatacabra,MHWilds,enrage_duration,70,seconds (High Rank),https://raw.githubusercontent.com/robomeche/MHWilds-Database/main/monster/assets/json/MHWilds_Data_compact.json.gz
chatacabra,MHWilds,enrage_speed_mult,1.1,motion-speed multiplier (High Rank),https://raw.githubusercontent.com/robomeche/MHWilds-Database/main/monster/assets/json/MHWilds_Data_compact.json.gz
chatacabra,MHWilds,enrage_trigger,1200,damage points (High Rank),https://raw.githubusercontent.com/robomeche/MHWilds-Database/main/monster/assets/json/MHWilds_Data_compact.json.gz
chatacabra,MHWilds,head_stagger,280,damage points (base),https://raw.githubusercontent.com/robomeche/MHWilds-Database/main/monster/assets/json/MHWilds_Data_compact.json.gz
chatacabra,MHWilds,hitzone_max_raw,90,"percent (robomeche Meat, default state max)",https://raw.githubusercontent.com/robomeche/MHWilds-Database/main/monster/assets/json/MHWilds_Data_compact.json.gz
chatacabra,MHWilds,size_base,498.3,cm,https://wilds.mhdb.io/en/monsters
chatacabra,MHWilds,size_gold,612.909,cm,https://wilds.mhdb.io/en/monsters
chatacabra,MHWilds,tolerance_paralysis,130,status build-up points,https://raw.githubusercontent.com/robomeche/MHWilds-Database/main/monster/assets/json/MHWilds_Data_compact.json.gz
chatacabra,MHWilds,tolerance_poison,100,status build-up points,https://raw.githubusercontent.com/robomeche/MHWilds-Database/main/monster/assets/json/MHWilds_Data_compact.json.gz
chatacabra,MHWilds,tolerance_sleep,150,status build-up points,https://raw.githubusercontent.com/robomeche/MHWilds-Database/main/monster/assets/json/MHWilds_Data_compact.json.gz
chatacabra,MHWilds,tolerance_stun,100,stun (KO) build-up points,https://raw.githubusercontent.com/robomeche/MHWilds-Database/main/monster/assets/json/MHWilds_Data_compact.json.gz
congalala,MH4U,base_hp,4600,HP,https://kiranico.com/en/mh4u/monster/congalala
congalala,MHGU,base_hp,4600,HP,https://raw.githubusercontent.com/gatheringhallstudios/MHGenDatabase/master/app/src/main/assets/databases/mhgu.db.zip
congalala,MHWilds,base_hp,5000,HP points,https://wilds.mhdb.io/en/monsters
congalala,MH4U,enrage_attack_mult,1.3,multiplier,https://kiranico.com/en/mh4u/monster/congalala
congalala,MHWilds,enrage_attack_mult,1.1,multiplier (High Rank),https://raw.githubusercontent.com/robomeche/MHWilds-Database/main/monster/assets/json/MHWilds_Data_compact.json.gz
congalala,MH4U,enrage_duration,80,seconds,https://kiranico.com/en/mh4u/monster/congalala
congalala,MHWilds,enrage_duration,90,seconds (High Rank),https://raw.githubusercontent.com/robomeche/MHWilds-Database/main/monster/assets/json/MHWilds_Data_compact.json.gz
congalala,MH4U,enrage_speed_mult,1.2,multiplier,https://kiranico.com/en/mh4u/monster/congalala
congalala,MHWilds,enrage_speed_mult,1.1,motion-speed multiplier (High Rank),https://raw.githubusercontent.com/robomeche/MHWilds-Database/main/monster/assets/json/MHWilds_Data_compact.json.gz
congalala,MHWilds,enrage_trigger,1200,damage points (High Rank),https://raw.githubusercontent.com/robomeche/MHWilds-Database/main/monster/assets/json/MHWilds_Data_compact.json.gz
congalala,MH4U,head_stagger,200,damage,https://kiranico.com/en/mh4u/monster/congalala
congalala,MHGU,head_stagger,200,stagger threshold (raw),https://mhgu.kiranico.com/monster/63d0d
congalala,MHWilds,head_stagger,600,damage points (base),https://raw.githubusercontent.com/robomeche/MHWilds-Database/main/monster/assets/json/MHWilds_Data_compact.json.gz
congalala,MH4U,hitzone_max_raw,70,hitzone %,https://kiranico.com/en/mh4u/monster/congalala
congalala,MHGU,hitzone_max_raw,75,raw hitzone percent (max over all Kiranico GU states),https://mhgu.kiranico.com/monster/63d0d
congalala,MHWilds,hitzone_max_raw,70,"percent (robomeche Meat, default state max)",https://raw.githubusercontent.com/robomeche/MHWilds-Database/main/monster/assets/json/MHWilds_Data_compact.json.gz
congalala,MH4U,size_base,982.7748713719021,cm,https://kiranico.com/en/mh4u/monster/congalala
congalala,MHGU,size_base,984,cm,https://mhgu.kiranico.com/monster/63d0d
congalala,MHWilds,size_base,1051.15,cm,https://wilds.mhdb.io/en/monsters
congalala,MH4U,size_gold,1208.8,cm,https://kiranico.com/en/mh4u/monster/congalala
congalala,MHGU,size_gold,1210.32,cm,https://mhgu.kiranico.com/monster/63d0d
congalala,MHWilds,size_gold,1292.9146,cm,https://wilds.mhdb.io/en/monsters
congalala,MH4U,tolerance_paralysis,200,status build-up points,https://kiranico.com/en/mh4u/monster/congalala
congalala,MHGU,tolerance_paralysis,200,status build-up points,https://raw.githubusercontent.com/gatheringhallstudios/MHGenDatabase/master/app/src/main/assets/databases/mhgu.db.zip
congalala,MHWilds,tolerance_paralysis,180,status build-up points,https://raw.githubusercontent.com/robomeche/MHWilds-Database/main/monster/assets/json/MHWilds_Data_compact.json.gz
congalala,MH4U,tolerance_poison,200,status build-up points,https://kiranico.com/en/mh4u/monster/congalala
congalala,MHGU,tolerance_poison,200,status build-up points,https://raw.githubusercontent.com/gatheringhallstudios/MHGenDatabase/master/app/src/main/assets/databases/mhgu.db.zip
congalala,MHWilds,tolerance_poison,150,status build-up points,https://raw.githubusercontent.com/robomeche/MHWilds-Database/main/monster/assets/json/MHWilds_Data_compact.json.gz
congalala,MH4U,tolerance_sleep,200,status build-up points,https://kiranico.com/en/mh4u/monster/congalala
congalala,MHGU,tolerance_sleep,200,status build-up points,https://raw.githubusercontent.com/gatheringhallstudios/MHGenDatabase/master/app/src/main/assets/databases/mhgu.db.zip
congalala,MHWilds,tolerance_sleep,150,status build-up points,https://raw.githubusercontent.com/robomeche/MHWilds-Database/main/monster/assets/json/MHWilds_Data_compact.json.gz
congalala,MH4U,tolerance_stun,150,status build-up points,https://kiranico.com/en/mh4u/monster/congalala
congalala,MHGU,tolerance_stun,150,status build-up points,https://raw.githubusercontent.com/gatheringhallstudios/MHGenDatabase/master/app/src/main/assets/databases/mhgu.db.zip
congalala,MHWilds,tolerance_stun,120,stun (KO) build-up points,https://raw.githubusercontent.com/robomeche/MHWilds-Database/main/monster/assets/json/MHWilds_Data_compact.json.gz
copper-blangonga,MHFU,base_hp,3230,"HP points (raw, min of appear[].health across quests)",https://raw.githubusercontent.com/Kolyn090/mhfu-db/394b2f99a9d56c83153d9dc045e207334bbd1095/Monsters/stats.json
copper-blangonga,MHFU,enrage_attack_mult,1.4,multiplier (x),https://raw.githubusercontent.com/Kolyn090/mhfu-db/394b2f99a9d56c83153d9dc045e207334bbd1095/Monsters/stats.json
copper-blangonga,MHFU,head_stagger,350,flinch/stagger damage threshold (raw),https://raw.githubusercontent.com/Kolyn090/mhfu-db/394b2f99a9d56c83153d9dc045e207334bbd1095/Monsters/basic-parts-duration.json
copper-blangonga,MHFU,hitzone_max_raw,70,"percent (raw hitzone, external non-conditional parts, max of slash/strike/shooting)",https://raw.githubusercontent.com/Kolyn090/mhfu-db/394b2f99a9d56c83153d9dc045e207334bbd1095/Monsters/weapon-effectiveness.json
copper-blangonga,MHFU,size_base,860,cm,https://raw.githubusercontent.com/Kolyn090/mhfu-db/394b2f99a9d56c83153d9dc045e207334bbd1095/Monsters/size.json
copper-blangonga,MHFU,size_gold,1186.8,cm,https://raw.githubusercontent.com/Kolyn090/mhfu-db/394b2f99a9d56c83153d9dc045e207334bbd1095/Monsters/size.json
copper-blangonga,MHFU,tolerance_paralysis,150,status build-up points,https://raw.githubusercontent.com/Kolyn090/mhfu-db/394b2f99a9d56c83153d9dc045e207334bbd1095/Monsters/status-effectiveness.json
copper-blangonga,MHFU,tolerance_poison,200,status build-up points,https://raw.githubusercontent.com/Kolyn090/mhfu-db/394b2f99a9d56c83153d9dc045e207334bbd1095/Monsters/status-effectiveness.json
copper-blangonga,MHFU,tolerance_sleep,150,status build-up points,https://raw.githubusercontent.com/Kolyn090/mhfu-db/394b2f99a9d56c83153d9dc045e207334bbd1095/Monsters/status-effectiveness.json
copper-blangonga,MHFU,tolerance_stun,100,status build-up points,https://raw.githubusercontent.com/Kolyn090/mhfu-db/394b2f99a9d56c83153d9dc045e207334bbd1095/Monsters/status-effectiveness.json
coral-pukei-pukei,MHWorld,base_hp,3000,HP,https://mhworld.kiranico.com/en/monsters/aY2Se/coral-pukei-pukei
coral-pukei-pukei,MHWorld,enrage_attack_mult,1.15,"multiplier (Low Rank/High Rank column, not Master Rank)",https://mhworld.kiranico.com/en/monsters/aY2Se/coral-pukei-pukei
coral-pukei-pukei,MHWorld,enrage_duration,80,"seconds (Low Rank/High Rank column, not Master Rank)",https://mhworld.kiranico.com/en/monsters/aY2Se/coral-pukei-pukei
coral-pukei-pukei,MHWorld,enrage_speed_mult,1.05,"multiplier (Low Rank/High Rank column, not Master Rank)",https://mhworld.kiranico.com/en/monsters/aY2Se/coral-pukei-pukei
coral-pukei-pukei,MHWorld,enrage_trigger,560,"damage points (Low Rank/High Rank column, not Master Rank)",https://mhworld.kiranico.com/en/monsters/aY2Se/coral-pukei-pukei
coral-pukei-pukei,MHWorld,head_stagger,500,"damage (Part Breakability, exact ""Head"" row)",https://mhworld.kiranico.com/en/monsters/aY2Se/coral-pukei-pukei
coral-pukei-pukei,MHWorld,hitzone_max_raw,65,"raw hitzone % (max sever/blunt/shot over LR/HR Physiology rows, including state-variant parts e.g. ""Head (White)"", excluding Master Rank override rows)",https://mhworld.kiranico.com/en/monsters/aY2Se/coral-pukei-pukei
coral-pukei-pukei,MHWorld,move_power_max,55,motion value (max over Monster Attacks rows; poedb only lists a subset so is not used here),https://mhworld.kiranico.com/en/monsters/aY2Se/coral-pukei-pukei
coral-pukei-pukei,MHWorld,size_base,1102.45,cm (poedb Base; never derived as gold/1.23 — crown thresholds are per-monster),https://mhw.poedb.tw/eng/monster/69/Coral%20Pukei-Pukei
coral-pukei-pukei,MHWorld,size_gold,1322.94,cm (gold crown threshold),https://mhworld.kiranico.com/en/monsters/aY2Se/coral-pukei-pukei
coral-pukei-pukei,MHWorld,tolerance_paralysis,180,status build-up points,https://mhworld.kiranico.com/en/monsters/aY2Se/coral-pukei-pukei
coral-pukei-pukei,MHWorld,tolerance_poison,100,status build-up points,https://mhworld.kiranico.com/en/monsters/aY2Se/coral-pukei-pukei
coral-pukei-pukei,MHWorld,tolerance_sleep,150,status build-up points,https://mhworld.kiranico.com/en/monsters/aY2Se/coral-pukei-pukei
coral-pukei-pukei,MHWorld,tolerance_stun,150,status build-up points,https://mhworld.kiranico.com/en/monsters/aY2Se/coral-pukei-pukei
crimson-fatalis,MH4U,base_hp,8000,HP,https://kiranico.com/en/mh4u/monster/crimson-fatalis
crimson-fatalis,MHGU,base_hp,8000,HP,https://raw.githubusercontent.com/gatheringhallstudios/MHGenDatabase/master/app/src/main/assets/databases/mhgu.db.zip
crimson-fatalis,MHGU,head_stagger,500,stagger threshold (raw),https://mhgu.kiranico.com/monster/67306
crimson-fatalis,MHGU,hitzone_max_raw,85,raw hitzone percent (max over all Kiranico GU states),https://mhgu.kiranico.com/monster/67306
crimson-fatalis,MHGU,size_base,4110.6,cm,https://mhgu.kiranico.com/monster/67306
crimson-fatalis,MH4U,tolerance_paralysis,400,status build-up points,https://kiranico.com/en/mh4u/monster/crimson-fatalis
crimson-fatalis,MHGU,tolerance_paralysis,400,status build-up points,https://raw.githubusercontent.com/gatheringhallstudios/MHGenDatabase/master/app/src/main/assets/databases/mhgu.db.zip
crimson-fatalis,MH4U,tolerance_poison,400,status build-up points,https://kiranico.com/en/mh4u/monster/crimson-fatalis
crimson-fatalis,MHGU,tolerance_poison,400,status build-up points,https://raw.githubusercontent.com/gatheringhallstudios/MHGenDatabase/master/app/src/main/assets/databases/mhgu.db.zip
crimson-fatalis,MH4U,tolerance_sleep,400,status build-up points,https://kiranico.com/en/mh4u/monster/crimson-fatalis
crimson-fatalis,MHGU,tolerance_sleep,400,status build-up points,https://raw.githubusercontent.com/gatheringhallstudios/MHGenDatabase/master/app/src/main/assets/databases/mhgu.db.zip
crimson-glow-valstrax,MHRS,base_hp,4700,"HP (base_hp_vital, LR/HR)",https://mhrice.info/mhrice.json
crimson-glow-valstrax,MHRS,enrage_attack_mult,1.15,multiplier,https://mhrice.info/mhrice.json
crimson-glow-valstrax,MHRS,enrage_duration,120,seconds,https://mhrice.info/mhrice.json
crimson-glow-valstrax,MHRS,enrage_speed_mult,1.1,motion-rate multiplier,https://mhrice.info/mhrice.json
crimson-glow-valstrax,MHRS,enrage_trigger,1050,damage points (High Rank),https://mhrice.info/mhrice.json
crimson-glow-valstrax,MHRS,head_stagger,350,"part vital (flinch value, LR/HR)",https://mhrice.info/mhrice.json
crimson-glow-valstrax,MHRS,hitzone_max_raw,90,hitzone percent (max over all parts and phases),https://mhrice.info/mhrice.json
crimson-glow-valstrax,MHRS,move_power_max,230,raw damage (max base_damage),https://mhrice.info/mhrice.json
crimson-glow-valstrax,MHRS,size_base,2040.98,cm,https://mhrice.info/mhrice.json
crimson-glow-valstrax,MHRS,size_gold,2387.9465999999998,cm (base_size * king_boarder),https://mhrice.info/mhrice.json
crimson-glow-valstrax,MHRS,tolerance_paralysis,300,status build-up points,https://mhrice.info/mhrice.json
crimson-glow-valstrax,MHRS,tolerance_poison,250,status build-up points,https://mhrice.info/mhrice.json
crimson-glow-valstrax,MHRS,tolerance_sleep,250,status build-up points,https://mhrice.info/mhrice.json
crimson-glow-valstrax,MHRS,tolerance_stun,200,status build-up points,https://mhrice.info/mhrice.json
crimson-qurupeco,MH3U,enrage_attack_mult,1.3,multiplier,http://mh3g.org/book/kurupekko-b.html
crimson-qurupeco,MH3U,enrage_duration,60,seconds,http://mh3g.org/book/kurupekko-b.html
crimson-qurupeco,MH3U,enrage_speed_mult,1.2,multiplier,http://mh3g.org/book/kurupekko-b.html
crimson-qurupeco,MH3U,head_stagger,150,damage points (village-quest base),http://mh3g.org/book/kurupekko-b.html
crimson-qurupeco,MH3U,hitzone_max_raw,70,"raw hitzone % (max of cut/impact/shot, sentinels excluded)",https://raw.githubusercontent.com/dbooga/MonsterHunter3UDatabase/master/MonsterHunter3UDatabase/assets/mh3u.sqlite
crimson-qurupeco,MH3U,size_base,868.3,cm,https://monsterhunterwiki.org/wiki/Crimson_Qurupeco_(MH3U)
crimson-qurupeco,MH3U,size_gold,1068,cm,https://monsterhunterwiki.org/wiki/Crimson_Qurupeco_(MH3U)
crimson-qurupeco,MH3U,tolerance_paralysis,150,status build-up points (village base),http://mh3g.trigwiki.jp/data/914.html
crimson-qurupeco,MH3U,tolerance_poison,150,status build-up points (village base),http://mh3g.trigwiki.jp/data/914.html
crimson-qurupeco,MH3U,tolerance_sleep,150,status build-up points (village base),http://mh3g.trigwiki.jp/data/914.html
crimson-qurupeco,MH3U,tolerance_stun,130,status build-up points (village base),http://mh3g.trigwiki.jp/data/914.html
crystalbeard-uragaan,MHGU,base_hp,5500,HP,https://raw.githubusercontent.com/gatheringhallstudios/MHGenDatabase/master/app/src/main/assets/databases/mhgu.db.zip
crystalbeard-uragaan,MHGU,head_stagger,400,stagger threshold (raw),https://mhgu.kiranico.com/monster/60436
crystalbeard-uragaan,MHGU,hitzone_max_raw,55,raw hitzone percent (max over all Kiranico GU states),https://mhgu.kiranico.com/monster/60436
crystalbeard-uragaan,MHGU,size_base,2654.74,cm,https://mhgu.kiranico.com/monster/60436
crystalbeard-uragaan,MHGU,size_gold,2893.67,cm,https://mhgu.kiranico.com/monster/60436
crystalbeard-uragaan,MHGU,tolerance_paralysis,200,status build-up points,https://raw.githubusercontent.com/gatheringhallstudios/MHGenDatabase/master/app/src/main/assets/databases/mhgu.db.zip
crystalbeard-uragaan,MHGU,tolerance_poison,150,status build-up points,https://raw.githubusercontent.com/gatheringhallstudios/MHGenDatabase/master/app/src/main/assets/databases/mhgu.db.zip
crystalbeard-uragaan,MHGU,tolerance_sleep,250,status build-up points,https://raw.githubusercontent.com/gatheringhallstudios/MHGenDatabase/master/app/src/main/assets/databases/mhgu.db.zip
crystalbeard-uragaan,MHGU,tolerance_stun,240,status build-up points,https://raw.githubusercontent.com/gatheringhallstudios/MHGenDatabase/master/app/src/main/assets/databases/mhgu.db.zip
dah-ren-mohran,MH4U,base_hp,16000,HP,https://kiranico.com/en/mh4u/monster/dahren-mohran
dah-ren-mohran,MH4U,enrage_attack_mult,1.2,multiplier,https://kiranico.com/en/mh4u/monster/dahren-mohran
dah-ren-mohran,MH4U,enrage_duration,60,seconds,https://kiranico.com/en/mh4u/monster/dahren-mohran
dah-ren-mohran,MH4U,enrage_speed_mult,1.2,multiplier,https://kiranico.com/en/mh4u/monster/dahren-mohran
dah-ren-mohran,MH4U,hitzone_max_raw,90,hitzone %,https://kiranico.com/en/mh4u/monster/dahren-mohran
daimyo-hermitaur,MH4U,base_hp,3300,HP,https://kiranico.com/en/mh4u/monster/daimyo-hermitaur
daimyo-hermitaur,MHGU,base_hp,3300,HP,https://raw.githubusercontent.com/gatheringhallstudios/MHGenDatabase/master/app/src/main/assets/databases/mhgu.db.zip
daimyo-hermitaur,MHRS,base_hp,3300,"HP (base_hp_vital, LR/HR)",https://mhrice.info/mhrice.json
daimyo-hermitaur,MH4U,enrage_attack_mult,1.3,multiplier,https://kiranico.com/en/mh4u/monster/daimyo-hermitaur
daimyo-hermitaur,MHRS,enrage_attack_mult,1.2,multiplier,https://mhrice.info/mhrice.json
daimyo-hermitaur,MH4U,enrage_duration,80,seconds,https://kiranico.com/en/mh4u/monster/daimyo-hermitaur
daimyo-hermitaur,MHRS,enrage_duration,80,seconds,https://mhrice.info/mhrice.json
daimyo-hermitaur,MH4U,enrage_speed_mult,1.2,multiplier,https://kiranico.com/en/mh4u/monster/daimyo-hermitaur
daimyo-hermitaur,MHRS,enrage_speed_mult,1.1,motion-rate multiplier,https://mhrice.info/mhrice.json
daimyo-hermitaur,MHRS,enrage_trigger,1050,damage points (High Rank),https://mhrice.info/mhrice.json
daimyo-hermitaur,MH4U,head_stagger,170,damage,https://kiranico.com/en/mh4u/monster/daimyo-hermitaur
daimyo-hermitaur,MHGU,head_stagger,170,stagger threshold (raw),https://mhgu.kiranico.com/monster/6da86
daimyo-hermitaur,MHRS,head_stagger,300,"part vital (flinch value, LR/HR)",https://mhrice.info/mhrice.json
daimyo-hermitaur,MH4U,hitzone_max_raw,60,hitzone %,https://kiranico.com/en/mh4u/monster/daimyo-hermitaur
daimyo-hermitaur,MHGU,hitzone_max_raw,60,raw hitzone percent (max over all Kiranico GU states),https://mhgu.kiranico.com/monster/6da86
daimyo-hermitaur,MHRS,hitzone_max_raw,60,hitzone percent (max over all parts and phases),https://mhrice.info/mhrice.json
daimyo-hermitaur,MHRS,move_power_max,60,raw damage (max base_damage),https://mhrice.info/mhrice.json
daimyo-hermitaur,MH4U,size_base,495.0280428891245,cm,https://kiranico.com/en/mh4u/monster/daimyo-hermitaur
daimyo-hermitaur,MHGU,size_base,495,cm,https://mhgu.kiranico.com/monster/6da86
daimyo-hermitaur,MHRS,size_base,495.95,cm,https://mhrice.info/mhrice.json
daimyo-hermitaur,MH4U,size_gold,608.9,cm,https://kiranico.com/en/mh4u/monster/daimyo-hermitaur
daimyo-hermitaur,MHGU,size_gold,608.85,cm,https://mhgu.kiranico.com/monster/6da86
daimyo-hermitaur,MHRS,size_gold,610.0185,cm (base_size * king_boarder),https://mhrice.info/mhrice.json
daimyo-hermitaur,MH4U,tolerance_paralysis,125,status build-up points,https://kiranico.com/en/mh4u/monster/daimyo-hermitaur
daimyo-hermitaur,MHGU,tolerance_paralysis,125,status build-up points,https://raw.githubusercontent.com/gatheringhallstudios/MHGenDatabase/master/app/src/main/assets/databases/mhgu.db.zip
daimyo-hermitaur,MHRS,tolerance_paralysis,180,status build-up points,https://mhrice.info/mhrice.json
daimyo-hermitaur,MH4U,tolerance_poison,200,status build-up points,https://kiranico.com/en/mh4u/monster/daimyo-hermitaur
daimyo-hermitaur,MHGU,tolerance_poison,200,status build-up points,https://raw.githubusercontent.com/gatheringhallstudios/MHGenDatabase/master/app/src/main/assets/databases/mhgu.db.zip
daimyo-hermitaur,MHRS,tolerance_poison,100,status build-up points,https://mhrice.info/mhrice.json
daimyo-hermitaur,MH4U,tolerance_sleep,150,status build-up points,https://kiranico.com/en/mh4u/monster/daimyo-hermitaur
daimyo-hermitaur,MHGU,tolerance_sleep,150,status build-up points,https://raw.githubusercontent.com/gatheringhallstudios/MHGenDatabase/master/app/src/main/assets/databases/mhgu.db.zip
daimyo-hermitaur,MHRS,tolerance_sleep,150,status build-up points,https://mhrice.info/mhrice.json
daimyo-hermitaur,MH4U,tolerance_stun,120,status build-up points,https://kiranico.com/en/mh4u/monster/daimyo-hermitaur
daimyo-hermitaur,MHGU,tolerance_stun,120,status build-up points,https://raw.githubusercontent.com/gatheringhallstudios/MHGenDatabase/master/app/src/main/assets/databases/mhgu.db.zip
daimyo-hermitaur,MHRS,tolerance_stun,120,status build-up points,https://mhrice.info/mhrice.json
dalamadur,MH4U,base_hp,17600,HP,https://kiranico.com/en/mh4u/monster/dalamadur
dalamadur,MH4U,enrage_attack_mult,1.3,multiplier,https://kiranico.com/en/mh4u/monster/dalamadur
dalamadur,MH4U,enrage_duration,70,seconds,https://kiranico.com/en/mh4u/monster/dalamadur
dalamadur,MH4U,enrage_speed_mult,1,multiplier,https://kiranico.com/en/mh4u/monster/dalamadur
dalamadur,MH4U,head_stagger,650,damage,https://kiranico.com/en/mh4u/monster/dalamadur
dalamadur,MH4U,hitzone_max_raw,160,hitzone %,https://kiranico.com/en/mh4u/monster/dalamadur
deadeye-yian-garuga,MHGU,base_hp,5000,HP,https://raw.githubusercontent.com/gatheringhallstudios/MHGenDatabase/master/app/src/main/assets/databases/mhgu.db.zip
deadeye-yian-garuga,MHGU,head_stagger,130,stagger threshold (raw),https://mhgu.kiranico.com/monster/68046
deadeye-yian-garuga,MHGU,hitzone_max_raw,65,raw hitzone percent (max over all Kiranico GU states),https://mhgu.kiranico.com/monster/68046
deadeye-yian-garuga,MHGU,size_base,1186.33,cm,https://mhgu.kiranico.com/monster/68046
deadeye-yian-garuga,MHGU,size_gold,1459.19,cm,https://mhgu.kiranico.com/monster/68046
deadeye-yian-garuga,MHGU,tolerance_paralysis,200,status build-up points,https://raw.githubusercontent.com/gatheringhallstudios/MHGenDatabase/master/app/src/main/assets/databases/mhgu.db.zip
deadeye-yian-garuga,MHGU,tolerance_sleep,150,status build-up points,https://raw.githubusercontent.com/gatheringhallstudios/MHGenDatabase/master/app/src/main/assets/databases/mhgu.db.zip
deadeye-yian-garuga,MHGU,tolerance_stun,150,status build-up points,https://raw.githubusercontent.com/gatheringhallstudios/MHGenDatabase/master/app/src/main/assets/databases/mhgu.db.zip
desert-seltas,MH4U,base_hp,2500,HP,https://kiranico.com/en/mh4u/monster/desert-seltas
desert-seltas,MH4U,enrage_attack_mult,1.1,multiplier,https://kiranico.com/en/mh4u/monster/desert-seltas
desert-seltas,MH4U,enrage_duration,75,seconds,https://kiranico.com/en/mh4u/monster/desert-seltas
desert-seltas,MH4U,enrage_speed_mult,1.1,multiplier,https://kiranico.com/en/mh4u/monster/desert-seltas
desert-seltas,MH4U,head_stagger,180,damage,https://kiranico.com/en/mh4u/monster/desert-seltas
desert-seltas,MH4U,hitzone_max_raw,75,hitzone %,https://kiranico.com/en/mh4u/monster/desert-seltas
desert-seltas,MH4U,size_base,661,cm,https://kiranico.com/en/mh4u/monster/desert-seltas
desert-seltas,MH4U,size_gold,754.4,cm,https://kiranico.com/en/mh4u/monster/desert-seltas
desert-seltas,MH4U,tolerance_paralysis,150,status build-up points,https://kiranico.com/en/mh4u/monster/desert-seltas
desert-seltas,MH4U,tolerance_poison,100,status build-up points,https://kiranico.com/en/mh4u/monster/desert-seltas
desert-seltas,MH4U,tolerance_sleep,150,status build-up points,https://kiranico.com/en/mh4u/monster/desert-seltas
desert-seltas,MH4U,tolerance_stun,120,status build-up points,https://kiranico.com/en/mh4u/monster/desert-seltas
desert-seltas-queen,MH4U,base_hp,5500,HP,https://kiranico.com/en/mh4u/monster/desert-seltas-queen
desert-seltas-queen,MH4U,enrage_attack_mult,1.3,multiplier,https://kiranico.com/en/mh4u/monster/desert-seltas-queen
desert-seltas-queen,MH4U,enrage_duration,90,seconds,https://kiranico.com/en/mh4u/monster/desert-seltas-queen
desert-seltas-queen,MH4U,enrage_speed_mult,1.3,multiplier,https://kiranico.com/en/mh4u/monster/desert-seltas-queen
desert-seltas-queen,MH4U,head_stagger,180,damage,https://kiranico.com/en/mh4u/monster/desert-seltas-queen
desert-seltas-queen,MH4U,hitzone_max_raw,80,hitzone %,https://kiranico.com/en/mh4u/monster/desert-seltas-queen
desert-seltas-queen,MH4U,size_base,1976.111111111111,cm,https://kiranico.com/en/mh4u/monster/desert-seltas-queen
desert-seltas-queen,MH4U,size_gold,2255.2,cm,https://kiranico.com/en/mh4u/monster/desert-seltas-queen
desert-seltas-queen,MH4U,tolerance_paralysis,200,status build-up points,https://kiranico.com/en/mh4u/monster/desert-seltas-queen
desert-seltas-queen,MH4U,tolerance_poison,180,status build-up points,https://kiranico.com/en/mh4u/monster/desert-seltas-queen
desert-seltas-queen,MH4U,tolerance_sleep,200,status build-up points,https://kiranico.com/en/mh4u/monster/desert-seltas-queen
desert-seltas-queen,MH4U,tolerance_stun,200,status build-up points,https://kiranico.com/en/mh4u/monster/desert-seltas-queen
deviljho,MH4U,base_hp,6600,HP,https://kiranico.com/en/mh4u/monster/deviljho
deviljho,MHGU,base_hp,6600,HP,https://raw.githubusercontent.com/gatheringhallstudios/MHGenDatabase/master/app/src/main/assets/databases/mhgu.db.zip
deviljho,MHWorld,base_hp,4400,HP,https://mhworld.kiranico.com/en/monsters/4rATd/deviljho
deviljho,MH4U,enrage_attack_mult,1.3,multiplier,https://kiranico.com/en/mh4u/monster/deviljho
deviljho,MHWorld,enrage_attack_mult,1.05,"multiplier (Low Rank/High Rank column, not Master Rank)",https://mhworld.kiranico.com/en/monsters/4rATd/deviljho
deviljho,MH4U,enrage_duration,60,seconds,https://kiranico.com/en/mh4u/monster/deviljho
deviljho,MHWorld,enrage_duration,135,"seconds (Low Rank/High Rank column, not Master Rank)",https://mhworld.kiranico.com/en/monsters/4rATd/deviljho
deviljho,MH4U,enrage_speed_mult,1.1,multiplier,https://kiranico.com/en/mh4u/monster/deviljho
deviljho,MHWorld,enrage_speed_mult,1.05,"multiplier (Low Rank/High Rank column, not Master Rank)",https://mhworld.kiranico.com/en/monsters/4rATd/deviljho
deviljho,MHWorld,enrage_trigger,500,"damage points (Low Rank/High Rank column, not Master Rank)",https://mhworld.kiranico.com/en/monsters/4rATd/deviljho
deviljho,MH4U,head_stagger,350,damage,https://kiranico.com/en/mh4u/monster/deviljho
deviljho,MHGU,head_stagger,350,stagger threshold (raw),https://mhgu.kiranico.com/monster/6edb6
deviljho,MHWorld,head_stagger,350,"damage (Part Breakability, exact ""Head"" row)",https://mhworld.kiranico.com/en/monsters/4rATd/deviljho
deviljho,MH4U,hitzone_max_raw,65,hitzone %,https://kiranico.com/en/mh4u/monster/deviljho
deviljho,MHGU,hitzone_max_raw,76,raw hitzone percent (max over all Kiranico GU states),https://mhgu.kiranico.com/monster/6edb6
deviljho,MHWorld,hitzone_max_raw,75,"raw hitzone % (max sever/blunt/shot over LR/HR Physiology rows, including state-variant parts e.g. ""Head (White)"", excluding Master Rank override rows)",https://mhworld.kiranico.com/en/monsters/4rATd/deviljho
deviljho,MHWorld,move_power_max,120,motion value (max over Monster Attacks rows; poedb only lists a subset so is not used here),https://mhworld.kiranico.com/en/monsters/4rATd/deviljho
deviljho,MH4U,size_base,2046.7777777777776,cm,https://kiranico.com/en/mh4u/monster/deviljho
deviljho,MHGU,size_base,2046.8,cm,https://mhgu.kiranico.com/monster/6edb6
deviljho,MHWorld,size_base,2063.82,cm (poedb Base; never derived as gold/1.23 — crown thresholds are per-monster),https://mhw.poedb.tw/eng/monster/20/Deviljho
deviljho,MH4U,size_gold,2619.9,cm,https://kiranico.com/en/mh4u/monster/deviljho
deviljho,MHGU,size_gold,2619.9,cm,https://mhgu.kiranico.com/monster/6edb6
deviljho,MHWorld,size_gold,2476.58,cm (gold crown threshold),https://mhworld.kiranico.com/en/monsters/4rATd/deviljho
deviljho,MH4U,tolerance_paralysis,180,status build-up points,https://kiranico.com/en/mh4u/monster/deviljho
deviljho,MHGU,tolerance_paralysis,180,status build-up points,https://raw.githubusercontent.com/gatheringhallstudios/MHGenDatabase/master/app/src/main/assets/databases/mhgu.db.zip
deviljho,MHWorld,tolerance_paralysis,100,status build-up points,https://mhworld.kiranico.com/en/monsters/4rATd/deviljho
deviljho,MH4U,tolerance_poison,100,status build-up points,https://kiranico.com/en/mh4u/monster/deviljho
deviljho,MHGU,tolerance_poison,100,status build-up points,https://raw.githubusercontent.com/gatheringhallstudios/MHGenDatabase/master/app/src/main/assets/databases/mhgu.db.zip
deviljho,MHWorld,tolerance_poison,100,status build-up points,https://mhworld.kiranico.com/en/monsters/4rATd/deviljho
deviljho,MH4U,tolerance_sleep,180,status build-up points,https://kiranico.com/en/mh4u/monster/deviljho
deviljho,MHGU,tolerance_sleep,180,status build-up points,https://raw.githubusercontent.com/gatheringhallstudios/MHGenDatabase/master/app/src/main/assets/databases/mhgu.db.zip
deviljho,MHWorld,tolerance_sleep,100,status build-up points,https://mhworld.kiranico.com/en/monsters/4rATd/deviljho
deviljho,MH4U,tolerance_stun,180,status build-up points,https://kiranico.com/en/mh4u/monster/deviljho
deviljho,MHGU,tolerance_stun,180,status build-up points,https://raw.githubusercontent.com/gatheringhallstudios/MHGenDatabase/master/app/src/main/assets/databases/mhgu.db.zip
deviljho,MHWorld,tolerance_stun,150,status build-up points,https://mhworld.kiranico.com/en/monsters/4rATd/deviljho
diablos,MH4U,base_hp,4300,HP,https://kiranico.com/en/mh4u/monster/diablos
diablos,MHGU,base_hp,4500,HP,https://raw.githubusercontent.com/gatheringhallstudios/MHGenDatabase/master/app/src/main/assets/databases/mhgu.db.zip
diablos,MHRS,base_hp,4500,"HP (base_hp_vital, LR/HR)",https://mhrice.info/mhrice.json
diablos,MH4U,enrage_attack_mult,1.4,multiplier,https://kiranico.com/en/mh4u/monster/diablos
diablos,MHRS,enrage_attack_mult,1.2,multiplier,https://mhrice.info/mhrice.json
diablos,MH4U,enrage_duration,90,seconds,https://kiranico.com/en/mh4u/monster/diablos
diablos,MHRS,enrage_duration,90,seconds,https://mhrice.info/mhrice.json
diablos,MH4U,enrage_speed_mult,1.3,multiplier,https://kiranico.com/en/mh4u/monster/diablos
diablos,MHRS,enrage_speed_mult,1.05,motion-rate multiplier,https://mhrice.info/mhrice.json
diablos,MHRS,enrage_trigger,800,damage points (High Rank),https://mhrice.info/mhrice.json
diablos,MH4U,head_stagger,150,damage,https://kiranico.com/en/mh4u/monster/diablos
diablos,MHGU,head_stagger,150,stagger threshold (raw),https://mhgu.kiranico.com/monster/65836
diablos,MHRS,head_stagger,230,"part vital (flinch value, LR/HR)",https://mhrice.info/mhrice.json
diablos,MH4U,hitzone_max_raw,75,hitzone %,https://kiranico.com/en/mh4u/monster/diablos
diablos,MHGU,hitzone_max_raw,75,raw hitzone percent (max over all Kiranico GU states),https://mhgu.kiranico.com/monster/65836
diablos,MHRS,hitzone_max_raw,70,hitzone percent (max over all parts and phases),https://mhrice.info/mhrice.json
diablos,MHRS,move_power_max,90,raw damage (max base_damage),https://mhrice.info/mhrice.json
diablos,MH4U,size_base,2041.2197085738972,cm,https://kiranico.com/en/mh4u/monster/diablos
diablos,MHGU,size_base,1993,cm,https://mhgu.kiranico.com/monster/65836
diablos,MHRS,size_base,2096.25,cm,https://mhrice.info/mhrice.json
diablos,MH4U,size_gold,2510.7,cm,https://kiranico.com/en/mh4u/monster/diablos
diablos,MHGU,size_gold,2451.39,cm,https://mhgu.kiranico.com/monster/65836
diablos,MHRS,size_gold,2578.3875,cm (base_size * king_boarder),https://mhrice.info/mhrice.json
diablos,MH4U,tolerance_paralysis,200,status build-up points,https://kiranico.com/en/mh4u/monster/diablos
diablos,MHGU,tolerance_paralysis,200,status build-up points,https://raw.githubusercontent.com/gatheringhallstudios/MHGenDatabase/master/app/src/main/assets/databases/mhgu.db.zip
diablos,MHRS,tolerance_paralysis,100,status build-up points,https://mhrice.info/mhrice.json
diablos,MH4U,tolerance_poison,100,status build-up points,https://kiranico.com/en/mh4u/monster/diablos
diablos,MHGU,tolerance_poison,100,status build-up points,https://raw.githubusercontent.com/gatheringhallstudios/MHGenDatabase/master/app/src/main/assets/databases/mhgu.db.zip
diablos,MHRS,tolerance_poison,150,status build-up points,https://mhrice.info/mhrice.json
diablos,MH4U,tolerance_sleep,150,status build-up points,https://kiranico.com/en/mh4u/monster/diablos
diablos,MHGU,tolerance_sleep,150,status build-up points,https://raw.githubusercontent.com/gatheringhallstudios/MHGenDatabase/master/app/src/main/assets/databases/mhgu.db.zip
diablos,MHRS,tolerance_sleep,150,status build-up points,https://mhrice.info/mhrice.json
diablos,MH4U,tolerance_stun,150,status build-up points,https://kiranico.com/en/mh4u/monster/diablos
diablos,MHGU,tolerance_stun,150,status build-up points,https://raw.githubusercontent.com/gatheringhallstudios/MHGenDatabase/master/app/src/main/assets/databases/mhgu.db.zip
diablos,MHRS,tolerance_stun,200,status build-up points,https://mhrice.info/mhrice.json
dire-miralis,MH3U,hitzone_max_raw,50,"raw hitzone % (max of cut/impact/shot, sentinels excluded)",https://raw.githubusercontent.com/dbooga/MonsterHunter3UDatabase/master/MonsterHunter3UDatabase/assets/mh3u.sqlite
dodogama,MHWorld,base_hp,3000,HP,https://mhworld.kiranico.com/en/monsters/DmeH0/dodogama
dodogama,MHWorld,enrage_attack_mult,1.2,"multiplier (Low Rank/High Rank column, not Master Rank)",https://mhworld.kiranico.com/en/monsters/DmeH0/dodogama
dodogama,MHWorld,enrage_duration,90,"seconds (Low Rank/High Rank column, not Master Rank)",https://mhworld.kiranico.com/en/monsters/DmeH0/dodogama
dodogama,MHWorld,enrage_speed_mult,1.03,"multiplier (Low Rank/High Rank column, not Master Rank)",https://mhworld.kiranico.com/en/monsters/DmeH0/dodogama
dodogama,MHWorld,enrage_trigger,550,"damage points (Low Rank/High Rank column, not Master Rank)",https://mhworld.kiranico.com/en/monsters/DmeH0/dodogama
dodogama,MHWorld,head_stagger,150,"damage (Part Breakability, exact ""Head"" row)",https://mhworld.kiranico.com/en/monsters/DmeH0/dodogama
dodogama,MHWorld,hitzone_max_raw,100,"raw hitzone % (max sever/blunt/shot over LR/HR Physiology rows, including state-variant parts e.g. ""Head (White)"", excluding Master Rank override rows)",https://mhworld.kiranico.com/en/monsters/DmeH0/dodogama
dodogama,MHWorld,move_power_max,90,motion value (max over Monster Attacks rows; poedb only lists a subset so is not used here),https://mhworld.kiranico.com/en/monsters/DmeH0/dodogama
dodogama,MHWorld,size_base,1111.11,cm (poedb Base; never derived as gold/1.23 — crown thresholds are per-monster),https://mhw.poedb.tw/eng/monster/37/Dodogama
dodogama,MHWorld,size_gold,1366.67,cm (gold crown threshold),https://mhworld.kiranico.com/en/monsters/DmeH0/dodogama
dodogama,MHWorld,tolerance_paralysis,180,status build-up points,https://mhworld.kiranico.com/en/monsters/DmeH0/dodogama
dodogama,MHWorld,tolerance_poison,100,status build-up points,https://mhworld.kiranico.com/en/monsters/DmeH0/dodogama
dodogama,MHWorld,tolerance_sleep,150,status build-up points,https://mhworld.kiranico.com/en/monsters/DmeH0/dodogama
dodogama,MHWorld,tolerance_stun,150,status build-up points,https://mhworld.kiranico.com/en/monsters/DmeH0/dodogama
doshaguma,MHWilds,base_hp,4800,HP points,https://wilds.mhdb.io/en/monsters
doshaguma,MHWilds,enrage_attack_mult,1.1,multiplier (High Rank),https://raw.githubusercontent.com/robomeche/MHWilds-Database/main/monster/assets/json/MHWilds_Data_compact.json.gz
doshaguma,MHWilds,enrage_duration,80,seconds (High Rank),https://raw.githubusercontent.com/robomeche/MHWilds-Database/main/monster/assets/json/MHWilds_Data_compact.json.gz
doshaguma,MHWilds,enrage_speed_mult,1.1,motion-speed multiplier (High Rank),https://raw.githubusercontent.com/robomeche/MHWilds-Database/main/monster/assets/json/MHWilds_Data_compact.json.gz
doshaguma,MHWilds,enrage_trigger,1500,damage points (High Rank),https://raw.githubusercontent.com/robomeche/MHWilds-Database/main/monster/assets/json/MHWilds_Data_compact.json.gz
doshaguma,MHWilds,head_stagger,360,damage points (base),https://raw.githubusercontent.com/robomeche/MHWilds-Database/main/monster/assets/json/MHWilds_Data_compact.json.gz
doshaguma,MHWilds,hitzone_max_raw,54,"percent (robomeche Meat, default state max)",https://raw.githubusercontent.com/robomeche/MHWilds-Database/main/monster/assets/json/MHWilds_Data_compact.json.gz
doshaguma,MHWilds,size_base,1390.47,cm,https://wilds.mhdb.io/en/monsters
doshaguma,MHWilds,size_gold,1710.2781,cm,https://wilds.mhdb.io/en/monsters
doshaguma,MHWilds,tolerance_paralysis,180,status build-up points,https://raw.githubusercontent.com/robomeche/MHWilds-Database/main/monster/assets/json/MHWilds_Data_compact.json.gz
doshaguma,MHWilds,tolerance_poison,150,status build-up points,https://raw.githubusercontent.com/robomeche/MHWilds-Database/main/monster/assets/json/MHWilds_Data_compact.json.gz
doshaguma,MHWilds,tolerance_sleep,150,status build-up points,https://raw.githubusercontent.com/robomeche/MHWilds-Database/main/monster/assets/json/MHWilds_Data_compact.json.gz
doshaguma,MHWilds,tolerance_stun,120,stun (KO) build-up points,https://raw.githubusercontent.com/robomeche/MHWilds-Database/main/monster/assets/json/MHWilds_Data_compact.json.gz
dreadking-rathalos,MHGU,base_hp,5300,HP,https://raw.githubusercontent.com/gatheringhallstudios/MHGenDatabase/master/app/src/main/assets/databases/mhgu.db.zip
dreadking-rathalos,MHGU,head_stagger,230,stagger threshold (raw),https://mhgu.kiranico.com/monster/d6846
dreadking-rathalos,MHGU,hitzone_max_raw,55,raw hitzone percent (max over all Kiranico GU states),https://mhgu.kiranico.com/monster/d6846
dreadking-rathalos,MHGU,size_base,2057.78,cm,https://mhgu.kiranico.com/monster/d6846
dreadking-rathalos,MHGU,size_gold,2242.98,cm,https://mhgu.kiranico.com/monster/d6846
dreadking-rathalos,MHGU,tolerance_paralysis,180,status build-up points,https://raw.githubusercontent.com/gatheringhallstudios/MHGenDatabase/master/app/src/main/assets/databases/mhgu.db.zip
dreadking-rathalos,MHGU,tolerance_poison,180,status build-up points,https://raw.githubusercontent.com/gatheringhallstudios/MHGenDatabase/master/app/src/main/assets/databases/mhgu.db.zip
dreadking-rathalos,MHGU,tolerance_sleep,180,status build-up points,https://raw.githubusercontent.com/gatheringhallstudios/MHGenDatabase/master/app/src/main/assets/databases/mhgu.db.zip
dreadking-rathalos,MHGU,tolerance_stun,150,status build-up points,https://raw.githubusercontent.com/gatheringhallstudios/MHGenDatabase/master/app/src/main/assets/databases/mhgu.db.zip
dreadqueen-rathian,MHGU,base_hp,4900,HP,https://raw.githubusercontent.com/gatheringhallstudios/MHGenDatabase/master/app/src/main/assets/databases/mhgu.db.zip
dreadqueen-rathian,MHGU,head_stagger,200,stagger threshold (raw),https://mhgu.kiranico.com/monster/76946
dreadqueen-rathian,MHGU,hitzone_max_raw,45,raw hitzone percent (max over all Kiranico GU states),https://mhgu.kiranico.com/monster/76946
dreadqueen-rathian,MHGU,size_base,2055.68,cm,https://mhgu.kiranico.com/monster/76946
dreadqueen-rathian,MHGU,size_gold,2240.69,cm,https://mhgu.kiranico.com/monster/76946
dreadqueen-rathian,MHGU,tolerance_paralysis,180,status build-up points,https://raw.githubusercontent.com/gatheringhallstudios/MHGenDatabase/master/app/src/main/assets/databases/mhgu.db.zip
dreadqueen-rathian,MHGU,tolerance_poison,180,status build-up points,https://raw.githubusercontent.com/gatheringhallstudios/MHGenDatabase/master/app/src/main/assets/databases/mhgu.db.zip
dreadqueen-rathian,MHGU,tolerance_sleep,180,status build-up points,https://raw.githubusercontent.com/gatheringhallstudios/MHGenDatabase/master/app/src/main/assets/databases/mhgu.db.zip
dreadqueen-rathian,MHGU,tolerance_stun,150,status build-up points,https://raw.githubusercontent.com/gatheringhallstudios/MHGenDatabase/master/app/src/main/assets/databases/mhgu.db.zip
drilltusk-tetsucabra,MHGU,base_hp,4700,HP,https://raw.githubusercontent.com/gatheringhallstudios/MHGenDatabase/master/app/src/main/assets/databases/mhgu.db.zip
drilltusk-tetsucabra,MHGU,head_stagger,300,stagger threshold (raw),https://mhgu.kiranico.com/monster/64ad6
drilltusk-tetsucabra,MHGU,hitzone_max_raw,55,raw hitzone percent (max over all Kiranico GU states),https://mhgu.kiranico.com/monster/64ad6
drilltusk-tetsucabra,MHGU,size_base,1512.91,cm,https://mhgu.kiranico.com/monster/64ad6
drilltusk-tetsucabra,MHGU,size_gold,1649.07,cm,https://mhgu.kiranico.com/monster/64ad6
drilltusk-tetsucabra,MHGU,tolerance_paralysis,200,status build-up points,https://raw.githubusercontent.com/gatheringhallstudios/MHGenDatabase/master/app/src/main/assets/databases/mhgu.db.zip
drilltusk-tetsucabra,MHGU,tolerance_poison,100,status build-up points,https://raw.githubusercontent.com/gatheringhallstudios/MHGenDatabase/master/app/src/main/assets/databases/mhgu.db.zip
drilltusk-tetsucabra,MHGU,tolerance_sleep,150,status build-up points,https://raw.githubusercontent.com/gatheringhallstudios/MHGenDatabase/master/app/src/main/assets/databases/mhgu.db.zip
drilltusk-tetsucabra,MHGU,tolerance_stun,200,status build-up points,https://raw.githubusercontent.com/gatheringhallstudios/MHGenDatabase/master/app/src/main/assets/databases/mhgu.db.zip
duramboros,MHGU,base_hp,6600,HP,https://raw.githubusercontent.com/gatheringhallstudios/MHGenDatabase/master/app/src/main/assets/databases/mhgu.db.zip
duramboros,MHGU,head_stagger,280,stagger threshold (raw),https://mhgu.kiranico.com/monster/6ab56
duramboros,MHGU,hitzone_max_raw,70,raw hitzone percent (max over all Kiranico GU states),https://mhgu.kiranico.com/monster/6ab56
duramboros,MHGU,size_base,2084.2,cm,https://mhgu.kiranico.com/monster/6ab56
duramboros,MHGU,size_gold,2563.57,cm,https://mhgu.kiranico.com/monster/6ab56
duramboros,MHGU,tolerance_paralysis,180,status build-up points,https://raw.githubusercontent.com/gatheringhallstudios/MHGenDatabase/master/app/src/main/assets/databases/mhgu.db.zip
duramboros,MHGU,tolerance_poison,120,status build-up points,https://raw.githubusercontent.com/gatheringhallstudios/MHGenDatabase/master/app/src/main/assets/databases/mhgu.db.zip
duramboros,MHGU,tolerance_sleep,100,status build-up points,https://raw.githubusercontent.com/gatheringhallstudios/MHGenDatabase/master/app/src/main/assets/databases/mhgu.db.zip
duramboros,MHGU,tolerance_stun,150,status build-up points,https://raw.githubusercontent.com/gatheringhallstudios/MHGenDatabase/master/app/src/main/assets/databases/mhgu.db.zip
ebony-odogaron,MHWorld,base_hp,3000,HP,https://mhworld.kiranico.com/en/monsters/v2gSW/ebony-odogaron
ebony-odogaron,MHWorld,enrage_attack_mult,1.1,"multiplier (Low Rank/High Rank column, not Master Rank)",https://mhworld.kiranico.com/en/monsters/v2gSW/ebony-odogaron
ebony-odogaron,MHWorld,enrage_duration,200,"seconds (Low Rank/High Rank column, not Master Rank)",https://mhworld.kiranico.com/en/monsters/v2gSW/ebony-odogaron
ebony-odogaron,MHWorld,enrage_speed_mult,1.05,"multiplier (Low Rank/High Rank column, not Master Rank)",https://mhworld.kiranico.com/en/monsters/v2gSW/ebony-odogaron
ebony-odogaron,MHWorld,enrage_trigger,300,"damage points (Low Rank/High Rank column, not Master Rank)",https://mhworld.kiranico.com/en/monsters/v2gSW/ebony-odogaron
ebony-odogaron,MHWorld,head_stagger,200,"damage (Part Breakability, exact ""Head"" row)",https://mhworld.kiranico.com/en/monsters/v2gSW/ebony-odogaron
ebony-odogaron,MHWorld,hitzone_max_raw,75,"raw hitzone % (max sever/blunt/shot over LR/HR Physiology rows, including state-variant parts e.g. ""Head (White)"", excluding Master Rank override rows)",https://mhworld.kiranico.com/en/monsters/v2gSW/ebony-odogaron
ebony-odogaron,MHWorld,move_power_max,100,motion value (max over Monster Attacks rows; poedb only lists a subset so is not used here),https://mhworld.kiranico.com/en/monsters/v2gSW/ebony-odogaron
ebony-odogaron,MHWorld,size_base,1388.75,cm (poedb Base; never derived as gold/1.23 — crown thresholds are per-monster),https://mhw.poedb.tw/eng/monster/74/Ebony%20Odogaron
ebony-odogaron,MHWorld,size_gold,1708.16,cm (gold crown threshold),https://mhworld.kiranico.com/en/monsters/v2gSW/ebony-odogaron
ebony-odogaron,MHWorld,tolerance_paralysis,100,status build-up points,https://mhworld.kiranico.com/en/monsters/v2gSW/ebony-odogaron
ebony-odogaron,MHWorld,tolerance_poison,100,status build-up points,https://mhworld.kiranico.com/en/monsters/v2gSW/ebony-odogaron
ebony-odogaron,MHWorld,tolerance_sleep,150,status build-up points,https://mhworld.kiranico.com/en/monsters/v2gSW/ebony-odogaron
ebony-odogaron,MHWorld,tolerance_stun,150,status build-up points,https://mhworld.kiranico.com/en/monsters/v2gSW/ebony-odogaron
elderfrost-gammoth,MHGU,base_hp,6800,HP,https://raw.githubusercontent.com/gatheringhallstudios/MHGenDatabase/master/app/src/main/assets/databases/mhgu.db.zip
elderfrost-gammoth,MHGU,head_stagger,320,stagger threshold (raw),https://mhgu.kiranico.com/monster/6a004
elderfrost-gammoth,MHGU,hitzone_max_raw,63,raw hitzone percent (max over all Kiranico GU states),https://mhgu.kiranico.com/monster/6a004
elderfrost-gammoth,MHGU,size_base,2276.07,cm,https://mhgu.kiranico.com/monster/6a004
elderfrost-gammoth,MHGU,size_gold,2594.72,cm,https://mhgu.kiranico.com/monster/6a004
elderfrost-gammoth,MHGU,tolerance_paralysis,150,status build-up points,https://raw.githubusercontent.com/gatheringhallstudios/MHGenDatabase/master/app/src/main/assets/databases/mhgu.db.zip
elderfrost-gammoth,MHGU,tolerance_poison,180,status build-up points,https://raw.githubusercontent.com/gatheringhallstudios/MHGenDatabase/master/app/src/main/assets/databases/mhgu.db.zip
elderfrost-gammoth,MHGU,tolerance_sleep,150,status build-up points,https://raw.githubusercontent.com/gatheringhallstudios/MHGenDatabase/master/app/src/main/assets/databases/mhgu.db.zip
elderfrost-gammoth,MHGU,tolerance_stun,210,status build-up points,https://raw.githubusercontent.com/gatheringhallstudios/MHGenDatabase/master/app/src/main/assets/databases/mhgu.db.zip
emerald-congalala,MH4U,base_hp,4100,HP,https://kiranico.com/en/mh4u/monster/emerald-congalala
emerald-congalala,MH4U,enrage_attack_mult,1.3,multiplier,https://kiranico.com/en/mh4u/monster/emerald-congalala
emerald-congalala,MH4U,enrage_duration,80,seconds,https://kiranico.com/en/mh4u/monster/emerald-congalala
emerald-congalala,MH4U,enrage_speed_mult,1.3,multiplier,https://kiranico.com/en/mh4u/monster/emerald-congalala
emerald-congalala,MH4U,head_stagger,200,damage,https://kiranico.com/en/mh4u/monster/emerald-congalala
emerald-congalala,MH4U,hitzone_max_raw,65,hitzone %,https://kiranico.com/en/mh4u/monster/emerald-congalala
emerald-congalala,MH4U,size_base,1059.2222222222222,cm,https://kiranico.com/en/mh4u/monster/emerald-congalala
emerald-congalala,MH4U,size_gold,1208.8,cm,https://kiranico.com/en/mh4u/monster/emerald-congalala
emerald-congalala,MH4U,tolerance_paralysis,200,status build-up points,https://kiranico.com/en/mh4u/monster/emerald-congalala
emerald-congalala,MH4U,tolerance_poison,200,status build-up points,https://kiranico.com/en/mh4u/monster/emerald-congalala
emerald-congalala,MH4U,tolerance_sleep,200,status build-up points,https://kiranico.com/en/mh4u/monster/emerald-congalala
emerald-congalala,MH4U,tolerance_stun,150,status build-up points,https://kiranico.com/en/mh4u/monster/emerald-congalala
espinas,MHRS,base_hp,4000,"HP (base_hp_vital, LR/HR)",https://mhrice.info/mhrice.json
espinas,MHRS,enrage_attack_mult,1.2,multiplier,https://mhrice.info/mhrice.json
espinas,MHRS,enrage_duration,150,seconds,https://mhrice.info/mhrice.json
espinas,MHRS,enrage_speed_mult,1.05,motion-rate multiplier,https://mhrice.info/mhrice.json
espinas,MHRS,enrage_trigger,800,damage points (High Rank),https://mhrice.info/mhrice.json
espinas,MHRS,head_stagger,260,"part vital (flinch value, LR/HR)",https://mhrice.info/mhrice.json
espinas,MHRS,hitzone_max_raw,65,hitzone percent (max over all parts and phases),https://mhrice.info/mhrice.json
espinas,MHRS,move_power_max,376,raw damage (max base_damage),https://mhrice.info/mhrice.json
espinas,MHRS,size_base,1755.25,cm,https://mhrice.info/mhrice.json
espinas,MHRS,size_gold,2158.9575,cm (base_size * king_boarder),https://mhrice.info/mhrice.json
espinas,MHRS,tolerance_paralysis,180,status build-up points,https://mhrice.info/mhrice.json
espinas,MHRS,tolerance_poison,250,status build-up points,https://mhrice.info/mhrice.json
espinas,MHRS,tolerance_sleep,150,status build-up points,https://mhrice.info/mhrice.json
espinas,MHRS,tolerance_stun,120,status build-up points,https://mhrice.info/mhrice.json
fatalis,MH4U,base_hp,9000,HP,https://kiranico.com/en/mh4u/monster/fatalis
fatalis,MHGU,base_hp,9000,HP,https://raw.githubusercontent.com/gatheringhallstudios/MHGenDatabase/master/app/src/main/assets/databases/mhgu.db.zip
fatalis,MHWorld,base_hp,5500,HP,https://mhworld.kiranico.com/en/monsters/jA8SZ/fatalis
fatalis,MHWorld,enrage_attack_mult,1.1,"multiplier (Low Rank/High Rank column, not Master Rank)",https://mhworld.kiranico.com/en/monsters/jA8SZ/fatalis
fatalis,MHWorld,enrage_duration,180,"seconds (Low Rank/High Rank column, not Master Rank)",https://mhworld.kiranico.com/en/monsters/jA8SZ/fatalis
fatalis,MHWorld,enrage_speed_mult,1.05,"multiplier (Low Rank/High Rank column, not Master Rank)",https://mhworld.kiranico.com/en/monsters/jA8SZ/fatalis
fatalis,MHWorld,enrage_trigger,500,"damage points (Low Rank/High Rank column, not Master Rank)",https://mhworld.kiranico.com/en/monsters/jA8SZ/fatalis
fatalis,MHGU,head_stagger,500,stagger threshold (raw),https://mhgu.kiranico.com/monster/6d3e6
fatalis,MHWorld,head_stagger,450,"damage (Part Breakability, exact ""Head"" row)",https://mhworld.kiranico.com/en/monsters/jA8SZ/fatalis
fatalis,MH4U,hitzone_max_raw,80,hitzone %,https://kiranico.com/en/mh4u/monster/fatalis
fatalis,MHGU,hitzone_max_raw,75,raw hitzone percent (max over all Kiranico GU states),https://mhgu.kiranico.com/monster/6d3e6
fatalis,MHWorld,hitzone_max_raw,75,"raw hitzone % (max sever/blunt/shot over LR/HR Physiology rows, including state-variant parts e.g. ""Head (White)"", excluding Master Rank override rows)",https://mhworld.kiranico.com/en/monsters/jA8SZ/fatalis
fatalis,MHWorld,move_power_max,500,motion value (max over Monster Attacks rows; poedb only lists a subset so is not used here),https://mhworld.kiranico.com/en/monsters/jA8SZ/fatalis
fatalis,MHGU,size_base,4110.6,cm,https://mhgu.kiranico.com/monster/6d3e6
fatalis,MHWorld,size_base,4137.17,cm (poedb Base; never derived as gold/1.23 — crown thresholds are per-monster),https://mhw.poedb.tw/eng/monster/101/Fatalis
fatalis,MHWorld,size_gold,5088.72,cm (gold crown threshold),https://mhworld.kiranico.com/en/monsters/jA8SZ/fatalis
fatalis,MH4U,tolerance_paralysis,400,status build-up points,https://kiranico.com/en/mh4u/monster/fatalis
fatalis,MHWorld,tolerance_paralysis,300,status build-up points,https://mhworld.kiranico.com/en/monsters/jA8SZ/fatalis
fatalis,MH4U,tolerance_poison,400,status build-up points,https://kiranico.com/en/mh4u/monster/fatalis
fatalis,MHWorld,tolerance_poison,300,status build-up points,https://mhworld.kiranico.com/en/monsters/jA8SZ/fatalis
fatalis,MH4U,tolerance_sleep,400,status build-up points,https://kiranico.com/en/mh4u/monster/fatalis
fatalis,MHWorld,tolerance_sleep,300,status build-up points,https://mhworld.kiranico.com/en/monsters/jA8SZ/fatalis
flaming-espinas,MHRS,base_hp,4200,"HP (base_hp_vital, LR/HR)",https://mhrice.info/mhrice.json
flaming-espinas,MHRS,enrage_attack_mult,1.2,multiplier,https://mhrice.info/mhrice.json
flaming-espinas,MHRS,enrage_duration,150,seconds,https://mhrice.info/mhrice.json
flaming-espinas,MHRS,enrage_speed_mult,1.05,motion-rate multiplier,https://mhrice.info/mhrice.json
flaming-espinas,MHRS,enrage_trigger,800,damage points (High Rank),https://mhrice.info/mhrice.json
flaming-espinas,MHRS,head_stagger,260,"part vital (flinch value, LR/HR)",https://mhrice.info/mhrice.json
flaming-espinas,MHRS,hitzone_max_raw,90,hitzone percent (max over all parts and phases),https://mhrice.info/mhrice.json
flaming-espinas,MHRS,move_power_max,160,raw damage (max base_damage),https://mhrice.info/mhrice.json
flaming-espinas,MHRS,size_base,1755.25,cm,https://mhrice.info/mhrice.json
flaming-espinas,MHRS,size_gold,2158.9575,cm (base_size * king_boarder),https://mhrice.info/mhrice.json
flaming-espinas,MHRS,tolerance_paralysis,180,status build-up points,https://mhrice.info/mhrice.json
flaming-espinas,MHRS,tolerance_poison,250,status build-up points,https://mhrice.info/mhrice.json
flaming-espinas,MHRS,tolerance_sleep,150,status build-up points,https://mhrice.info/mhrice.json
flaming-espinas,MHRS,tolerance_stun,120,status build-up points,https://mhrice.info/mhrice.json
frostfang-barioth,MHWorld,base_hp,3000,HP,https://mhworld.kiranico.com/en/monsters/BaZUz/frostfang-barioth
frostfang-barioth,MHWorld,enrage_attack_mult,1.05,"multiplier (Low Rank/High Rank column, not Master Rank)",https://mhworld.kiranico.com/en/monsters/BaZUz/frostfang-barioth
frostfang-barioth,MHWorld,enrage_duration,120,"seconds (Low Rank/High Rank column, not Master Rank)",https://mhworld.kiranico.com/en/monsters/BaZUz/frostfang-barioth
frostfang-barioth,MHWorld,enrage_speed_mult,1.05,"multiplier (Low Rank/High Rank column, not Master Rank)",https://mhworld.kiranico.com/en/monsters/BaZUz/frostfang-barioth
frostfang-barioth,MHWorld,enrage_trigger,600,"damage points (Low Rank/High Rank column, not Master Rank)",https://mhworld.kiranico.com/en/monsters/BaZUz/frostfang-barioth
frostfang-barioth,MHWorld,head_stagger,420,"damage (Part Breakability, exact ""Head"" row)",https://mhworld.kiranico.com/en/monsters/BaZUz/frostfang-barioth
frostfang-barioth,MHWorld,hitzone_max_raw,70,"raw hitzone % (max sever/blunt/shot over LR/HR Physiology rows, including state-variant parts e.g. ""Head (White)"", excluding Master Rank override rows)",https://mhworld.kiranico.com/en/monsters/BaZUz/frostfang-barioth
frostfang-barioth,MHWorld,move_power_max,110,motion value (max over Monster Attacks rows; poedb only lists a subset so is not used here),https://mhworld.kiranico.com/en/monsters/BaZUz/frostfang-barioth
frostfang-barioth,MHWorld,size_base,2098.3,cm (poedb Base; never derived as gold/1.23 — crown thresholds are per-monster),https://mhw.poedb.tw/eng/monster/100/Frostfang%20Barioth
frostfang-barioth,MHWorld,size_gold,2580.91,cm (gold crown threshold),https://mhworld.kiranico.com/en/monsters/BaZUz/frostfang-barioth
frostfang-barioth,MHWorld,tolerance_paralysis,180,status build-up points,https://mhworld.kiranico.com/en/monsters/BaZUz/frostfang-barioth
frostfang-barioth,MHWorld,tolerance_poison,150,status build-up points,https://mhworld.kiranico.com/en/monsters/BaZUz/frostfang-barioth
frostfang-barioth,MHWorld,tolerance_sleep,150,status build-up points,https://mhworld.kiranico.com/en/monsters/BaZUz/frostfang-barioth
frostfang-barioth,MHWorld,tolerance_stun,150,status build-up points,https://mhworld.kiranico.com/en/monsters/BaZUz/frostfang-barioth
fulgur-anjanath,MHWorld,base_hp,2990,HP,https://mhworld.kiranico.com/en/monsters/zJaFg/fulgur-anjanath
fulgur-anjanath,MHWorld,enrage_attack_mult,1,"multiplier (Low Rank/High Rank column, not Master Rank)",https://mhworld.kiranico.com/en/monsters/zJaFg/fulgur-anjanath
fulgur-anjanath,MHWorld,enrage_duration,130,"seconds (Low Rank/High Rank column, not Master Rank)",https://mhworld.kiranico.com/en/monsters/zJaFg/fulgur-anjanath
fulgur-anjanath,MHWorld,enrage_speed_mult,1.1,"multiplier (Low Rank/High Rank column, not Master Rank)",https://mhworld.kiranico.com/en/monsters/zJaFg/fulgur-anjanath
fulgur-anjanath,MHWorld,enrage_trigger,370,"damage points (Low Rank/High Rank column, not Master Rank)",https://mhworld.kiranico.com/en/monsters/zJaFg/fulgur-anjanath
fulgur-anjanath,MHWorld,head_stagger,150,"damage (Part Breakability, exact ""Head"" row)",https://mhworld.kiranico.com/en/monsters/zJaFg/fulgur-anjanath
fulgur-anjanath,MHWorld,hitzone_max_raw,75,"raw hitzone % (max sever/blunt/shot over LR/HR Physiology rows, including state-variant parts e.g. ""Head (White)"", excluding Master Rank override rows)",https://mhworld.kiranico.com/en/monsters/zJaFg/fulgur-anjanath
fulgur-anjanath,MHWorld,move_power_max,120,motion value (max over Monster Attacks rows; poedb only lists a subset so is not used here),https://mhworld.kiranico.com/en/monsters/zJaFg/fulgur-anjanath
fulgur-anjanath,MHWorld,size_base,1646.46,cm (poedb Base; never derived as gold/1.23 — crown thresholds are per-monster),https://mhw.poedb.tw/eng/monster/68/Fulgur%20Anjanath
fulgur-anjanath,MHWorld,size_gold,1975.75,cm (gold crown threshold),https://mhworld.kiranico.com/en/monsters/zJaFg/fulgur-anjanath
fulgur-anjanath,MHWorld,tolerance_paralysis,180,status build-up points,https://mhworld.kiranico.com/en/monsters/zJaFg/fulgur-anjanath
fulgur-anjanath,MHWorld,tolerance_poison,150,status build-up points,https://mhworld.kiranico.com/en/monsters/zJaFg/fulgur-anjanath
fulgur-anjanath,MHWorld,tolerance_sleep,150,status build-up points,https://mhworld.kiranico.com/en/monsters/zJaFg/fulgur-anjanath
fulgur-anjanath,MHWorld,tolerance_stun,150,status build-up points,https://mhworld.kiranico.com/en/monsters/zJaFg/fulgur-anjanath
furious-rajang,MH4U,base_hp,4800,HP,https://kiranico.com/en/mh4u/monster/furious-rajang
furious-rajang,MHGU,base_hp,4800,HP,https://raw.githubusercontent.com/gatheringhallstudios/MHGenDatabase/master/app/src/main/assets/databases/mhgu.db.zip
furious-rajang,MHRS,base_hp,4800,"HP (base_hp_vital, LR/HR)",https://mhrice.info/mhrice.json
furious-rajang,MH4U,enrage_attack_mult,1.4,multiplier,https://kiranico.com/en/mh4u/monster/furious-rajang
furious-rajang,MHRS,enrage_attack_mult,1.15,multiplier,https://mhrice.info/mhrice.json
furious-rajang,MH4U,enrage_duration,90,seconds,https://kiranico.com/en/mh4u/monster/furious-rajang
furious-rajang,MHRS,enrage_duration,80,seconds,https://mhrice.info/mhrice.json
furious-rajang,MH4U,enrage_speed_mult,1.2,multiplier,https://kiranico.com/en/mh4u/monster/furious-rajang
furious-rajang,MHRS,enrage_speed_mult,1.15,motion-rate multiplier,https://mhrice.info/mhrice.json
furious-rajang,MHRS,enrage_trigger,1150,damage points (High Rank),https://mhrice.info/mhrice.json
furious-rajang,MH4U,head_stagger,500,damage,https://kiranico.com/en/mh4u/monster/furious-rajang
furious-rajang,MHGU,head_stagger,500,stagger threshold (raw),https://mhgu.kiranico.com/monster/644d6
furious-rajang,MHRS,head_stagger,540,"part vital (flinch value, LR/HR)",https://mhrice.info/mhrice.json
furious-rajang,MH4U,hitzone_max_raw,60,hitzone %,https://kiranico.com/en/mh4u/monster/furious-rajang
furious-rajang,MHGU,hitzone_max_raw,60,raw hitzone percent (max over all Kiranico GU states),https://mhgu.kiranico.com/monster/644d6
furious-rajang,MHRS,hitzone_max_raw,67,hitzone percent (max over all parts and phases),https://mhrice.info/mhrice.json
furious-rajang,MHRS,move_power_max,80,raw damage (max base_damage),https://mhrice.info/mhrice.json
furious-rajang,MH4U,size_base,965.5555555555555,cm,https://kiranico.com/en/mh4u/monster/furious-rajang
furious-rajang,MHGU,size_base,966,cm,https://mhgu.kiranico.com/monster/644d6
furious-rajang,MHRS,size_base,845.91,cm,https://mhrice.info/mhrice.json
furious-rajang,MH4U,size_gold,1187.7,cm,https://kiranico.com/en/mh4u/monster/furious-rajang
furious-rajang,MHGU,size_gold,1188.18,cm,https://mhgu.kiranico.com/monster/644d6
furious-rajang,MHRS,size_gold,1040.4693,cm (base_size * king_boarder),https://mhrice.info/mhrice.json
furious-rajang,MH4U,tolerance_paralysis,200,status build-up points,https://kiranico.com/en/mh4u/monster/furious-rajang
furious-rajang,MHGU,tolerance_paralysis,200,status build-up points,https://raw.githubusercontent.com/gatheringhallstudios/MHGenDatabase/master/app/src/main/assets/databases/mhgu.db.zip
furious-rajang,MHRS,tolerance_paralysis,300,status build-up points,https://mhrice.info/mhrice.json
furious-rajang,MH4U,tolerance_poison,180,status build-up points,https://kiranico.com/en/mh4u/monster/furious-rajang
furious-rajang,MHGU,tolerance_poison,180,status build-up points,https://raw.githubusercontent.com/gatheringhallstudios/MHGenDatabase/master/app/src/main/assets/databases/mhgu.db.zip
furious-rajang,MHRS,tolerance_poison,250,status build-up points,https://mhrice.info/mhrice.json
furious-rajang,MH4U,tolerance_sleep,150,status build-up points,https://kiranico.com/en/mh4u/monster/furious-rajang
furious-rajang,MHGU,tolerance_sleep,150,status build-up points,https://raw.githubusercontent.com/gatheringhallstudios/MHGenDatabase/master/app/src/main/assets/databases/mhgu.db.zip
furious-rajang,MHRS,tolerance_sleep,250,status build-up points,https://mhrice.info/mhrice.json
furious-rajang,MH4U,tolerance_stun,150,status build-up points,https://kiranico.com/en/mh4u/monster/furious-rajang
furious-rajang,MHGU,tolerance_stun,150,status build-up points,https://raw.githubusercontent.com/gatheringhallstudios/MHGenDatabase/master/app/src/main/assets/databases/mhgu.db.zip
furious-rajang,MHRS,tolerance_stun,200,status build-up points,https://mhrice.info/mhrice.json
gaismagorm,MHRS,base_hp,6325,"HP (base_hp_vital, LR/HR)",https://mhrice.info/mhrice.json
gaismagorm,MHRS,enrage_attack_mult,1.1,multiplier,https://mhrice.info/mhrice.json
gaismagorm,MHRS,enrage_duration,120,seconds,https://mhrice.info/mhrice.json
gaismagorm,MHRS,enrage_speed_mult,1,motion-rate multiplier,https://mhrice.info/mhrice.json
gaismagorm,MHRS,enrage_trigger,2000,damage points (High Rank),https://mhrice.info/mhrice.json
gaismagorm,MHRS,head_stagger,320,"part vital (flinch value, LR/HR)",https://mhrice.info/mhrice.json
gaismagorm,MHRS,hitzone_max_raw,72,hitzone percent (max over all parts and phases),https://mhrice.info/mhrice.json
gaismagorm,MHRS,move_power_max,300,raw damage (max base_damage),https://mhrice.info/mhrice.json
gaismagorm,MHRS,size_base,4807.54,cm,https://mhrice.info/mhrice.json
gaismagorm,MHRS,size_gold,5913.2742,cm (base_size * king_boarder),https://mhrice.info/mhrice.json
gaismagorm,MHRS,tolerance_paralysis,300,status build-up points,https://mhrice.info/mhrice.json
gaismagorm,MHRS,tolerance_poison,250,status build-up points,https://mhrice.info/mhrice.json
gaismagorm,MHRS,tolerance_sleep,250,status build-up points,https://mhrice.info/mhrice.json
gaismagorm,MHRS,tolerance_stun,250,status build-up points,https://mhrice.info/mhrice.json
gammoth,MHGU,base_hp,5400,HP,https://raw.githubusercontent.com/gatheringhallstudios/MHGenDatabase/master/app/src/main/assets/databases/mhgu.db.zip
gammoth,MHGU,head_stagger,240,stagger threshold (raw),https://mhgu.kiranico.com/monster/69e46
gammoth,MHGU,hitzone_max_raw,63,raw hitzone percent (max over all Kiranico GU states),https://mhgu.kiranico.com/monster/69e46
gammoth,MHGU,size_base,2276.07,cm,https://mhgu.kiranico.com/monster/69e46
gammoth,MHGU,size_gold,2594.72,cm,https://mhgu.kiranico.com/monster/69e46
gammoth,MHGU,tolerance_paralysis,150,status build-up points,https://raw.githubusercontent.com/gatheringhallstudios/MHGenDatabase/master/app/src/main/assets/databases/mhgu.db.zip
gammoth,MHGU,tolerance_poison,180,status build-up points,https://raw.githubusercontent.com/gatheringhallstudios/MHGenDatabase/master/app/src/main/assets/databases/mhgu.db.zip
gammoth,MHGU,tolerance_sleep,150,status build-up points,https://raw.githubusercontent.com/gatheringhallstudios/MHGenDatabase/master/app/src/main/assets/databases/mhgu.db.zip
gammoth,MHGU,tolerance_stun,210,status build-up points,https://raw.githubusercontent.com/gatheringhallstudios/MHGenDatabase/master/app/src/main/assets/databases/mhgu.db.zip
garangolm,MHRS,base_hp,4100,"HP (base_hp_vital, LR/HR)",https://mhrice.info/mhrice.json
garangolm,MHRS,enrage_attack_mult,1.2,multiplier,https://mhrice.info/mhrice.json
garangolm,MHRS,enrage_duration,120,seconds,https://mhrice.info/mhrice.json
garangolm,MHRS,enrage_speed_mult,1.1,motion-rate multiplier,https://mhrice.info/mhrice.json
garangolm,MHRS,enrage_trigger,1150,damage points (High Rank),https://mhrice.info/mhrice.json
garangolm,MHRS,head_stagger,200,"part vital (flinch value, LR/HR)",https://mhrice.info/mhrice.json
garangolm,MHRS,hitzone_max_raw,60,hitzone percent (max over all parts and phases),https://mhrice.info/mhrice.json
garangolm,MHRS,move_power_max,110,raw damage (max base_damage),https://mhrice.info/mhrice.json
garangolm,MHRS,size_base,1529.4,cm,https://mhrice.info/mhrice.json
garangolm,MHRS,size_gold,1789.398,cm (base_size * king_boarder),https://mhrice.info/mhrice.json
garangolm,MHRS,tolerance_paralysis,180,status build-up points,https://mhrice.info/mhrice.json
garangolm,MHRS,tolerance_poison,150,status build-up points,https://mhrice.info/mhrice.json
garangolm,MHRS,tolerance_sleep,150,status build-up points,https://mhrice.info/mhrice.json
garangolm,MHRS,tolerance_stun,120,status build-up points,https://mhrice.info/mhrice.json
gendrome,MH4U,base_hp,2500,HP,https://kiranico.com/en/mh4u/monster/gendrome
gendrome,MHGU,base_hp,2500,HP,https://raw.githubusercontent.com/gatheringhallstudios/MHGenDatabase/master/app/src/main/assets/databases/mhgu.db.zip
gendrome,MH4U,enrage_attack_mult,1.4,multiplier,https://kiranico.com/en/mh4u/monster/gendrome
gendrome,MH4U,enrage_duration,60,seconds,https://kiranico.com/en/mh4u/monster/gendrome
gendrome,MH4U,enrage_speed_mult,1.1,multiplier,https://kiranico.com/en/mh4u/monster/gendrome
gendrome,MH4U,head_stagger,150,damage,https://kiranico.com/en/mh4u/monster/gendrome
gendrome,MHGU,head_stagger,150,stagger threshold (raw),https://mhgu.kiranico.com/monster/6eab6
gendrome,MH4U,hitzone_max_raw,80,hitzone %,https://kiranico.com/en/mh4u/monster/gendrome
gendrome,MHGU,hitzone_max_raw,80,raw hitzone percent (max over all Kiranico GU states),https://mhgu.kiranico.com/monster/6eab6
gendrome,MH4U,size_base,864.5162798004793,cm,https://kiranico.com/en/mh4u/monster/gendrome
gendrome,MHGU,size_base,864.5,cm,https://mhgu.kiranico.com/monster/6eab6
gendrome,MH4U,size_gold,1063.3,cm,https://kiranico.com/en/mh4u/monster/gendrome
gendrome,MHGU,size_gold,1063.34,cm,https://mhgu.kiranico.com/monster/6eab6
gendrome,MH4U,tolerance_paralysis,200,status build-up points,https://kiranico.com/en/mh4u/monster/gendrome
gendrome,MHGU,tolerance_paralysis,200,status build-up points,https://raw.githubusercontent.com/gatheringhallstudios/MHGenDatabase/master/app/src/main/assets/databases/mhgu.db.zip
gendrome,MH4U,tolerance_poison,100,status build-up points,https://kiranico.com/en/mh4u/monster/gendrome
gendrome,MHGU,tolerance_poison,100,status build-up points,https://raw.githubusercontent.com/gatheringhallstudios/MHGenDatabase/master/app/src/main/assets/databases/mhgu.db.zip
gendrome,MH4U,tolerance_sleep,70,status build-up points,https://kiranico.com/en/mh4u/monster/gendrome
gendrome,MHGU,tolerance_sleep,70,status build-up points,https://raw.githubusercontent.com/gatheringhallstudios/MHGenDatabase/master/app/src/main/assets/databases/mhgu.db.zip
gendrome,MH4U,tolerance_stun,120,status build-up points,https://kiranico.com/en/mh4u/monster/gendrome
gendrome,MHGU,tolerance_stun,120,status build-up points,https://raw.githubusercontent.com/gatheringhallstudios/MHGenDatabase/master/app/src/main/assets/databases/mhgu.db.zip
giadrome,MHGU,base_hp,2400,HP,https://raw.githubusercontent.com/gatheringhallstudios/MHGenDatabase/master/app/src/main/assets/databases/mhgu.db.zip
giadrome,MHGU,head_stagger,120,stagger threshold (raw),https://mhgu.kiranico.com/monster/64d84
giadrome,MHGU,hitzone_max_raw,80,raw hitzone percent (max over all Kiranico GU states),https://mhgu.kiranico.com/monster/64d84
giadrome,MHGU,size_base,866.75,cm,https://mhgu.kiranico.com/monster/64d84
giadrome,MHGU,size_gold,1066.1,cm,https://mhgu.kiranico.com/monster/64d84
giadrome,MHGU,tolerance_paralysis,80,status build-up points,https://raw.githubusercontent.com/gatheringhallstudios/MHGenDatabase/master/app/src/main/assets/databases/mhgu.db.zip
giadrome,MHGU,tolerance_poison,80,status build-up points,https://raw.githubusercontent.com/gatheringhallstudios/MHGenDatabase/master/app/src/main/assets/databases/mhgu.db.zip
giadrome,MHGU,tolerance_sleep,70,status build-up points,https://raw.githubusercontent.com/gatheringhallstudios/MHGenDatabase/master/app/src/main/assets/databases/mhgu.db.zip
giadrome,MHGU,tolerance_stun,100,status build-up points,https://raw.githubusercontent.com/gatheringhallstudios/MHGenDatabase/master/app/src/main/assets/databases/mhgu.db.zip
gigginox,MH3U,enrage_attack_mult,1.2,multiplier,http://mh3g.org/book/giginebura.html
gigginox,MH3U,enrage_duration,80,seconds,http://mh3g.org/book/giginebura.html
gigginox,MH3U,enrage_speed_mult,1.1,multiplier,http://mh3g.org/book/giginebura.html
gigginox,MH3U,head_stagger,250,damage points (village-quest base),http://mh3g.org/book/giginebura.html
gigginox,MH3U,hitzone_max_raw,55,"raw hitzone % (max of cut/impact/shot, sentinels excluded)",https://raw.githubusercontent.com/dbooga/MonsterHunter3UDatabase/master/MonsterHunter3UDatabase/assets/mh3u.sqlite
gigginox,MH3U,size_base,1092,cm,https://monsterhunterwiki.org/wiki/Gigginox_(MH3U)
gigginox,MH3U,size_gold,1266.72,cm,https://monsterhunterwiki.org/wiki/Gigginox_(MH3U)
gigginox,MH3U,tolerance_paralysis,180,status build-up points (village base),http://mh3g.trigwiki.jp/data/931.html
gigginox,MH3U,tolerance_poison,240,status build-up points (village base),http://mh3g.trigwiki.jp/data/931.html
gigginox,MH3U,tolerance_sleep,200,status build-up points (village base),http://mh3g.trigwiki.jp/data/931.html
gigginox,MH3U,tolerance_stun,180,status build-up points (village base),http://mh3g.trigwiki.jp/data/931.html
glacial-agnaktor,MH3U,enrage_attack_mult,1.3,multiplier,http://mh3g.org/book/agunakotoru-b.html
glacial-agnaktor,MH3U,enrage_duration,120,seconds,http://mh3g.org/book/agunakotoru-b.html
glacial-agnaktor,MH3U,enrage_speed_mult,1.2,multiplier,http://mh3g.org/book/agunakotoru-b.html
glacial-agnaktor,MH3U,head_stagger,120,damage points (village-quest base),http://mh3g.org/book/agunakotoru-b.html
glacial-agnaktor,MH3U,hitzone_max_raw,60,"raw hitzone % (max of cut/impact/shot, sentinels excluded)",https://raw.githubusercontent.com/dbooga/MonsterHunter3UDatabase/master/MonsterHunter3UDatabase/assets/mh3u.sqlite
glacial-agnaktor,MH3U,size_base,2443.23,cm,https://monsterhunterwiki.org/wiki/Glacial_Agnaktor_(MH3U)
glacial-agnaktor,MH3U,size_gold,2834.14,cm,https://monsterhunterwiki.org/wiki/Glacial_Agnaktor_(MH3U)
glacial-agnaktor,MH3U,tolerance_paralysis,180,status build-up points (village base),http://mh3g.trigwiki.jp/data/926.html
glacial-agnaktor,MH3U,tolerance_poison,180,status build-up points (village base),http://mh3g.trigwiki.jp/data/926.html
glacial-agnaktor,MH3U,tolerance_sleep,180,status build-up points (village base),http://mh3g.trigwiki.jp/data/926.html
glacial-agnaktor,MH3U,tolerance_stun,200,status build-up points (village base),http://mh3g.trigwiki.jp/data/926.html
glavenus,MHGU,base_hp,4400,HP,https://raw.githubusercontent.com/gatheringhallstudios/MHGenDatabase/master/app/src/main/assets/databases/mhgu.db.zip
glavenus,MHWorld,base_hp,3000,HP,https://mhworld.kiranico.com/en/monsters/Lk1ia/glavenus
glavenus,MHWorld,enrage_attack_mult,1.1,"multiplier (Low Rank/High Rank column, not Master Rank)",https://mhworld.kiranico.com/en/monsters/Lk1ia/glavenus
glavenus,MHWorld,enrage_duration,120,"seconds (Low Rank/High Rank column, not Master Rank)",https://mhworld.kiranico.com/en/monsters/Lk1ia/glavenus
glavenus,MHWorld,enrage_speed_mult,1.1,"multiplier (Low Rank/High Rank column, not Master Rank)",https://mhworld.kiranico.com/en/monsters/Lk1ia/glavenus
glavenus,MHWorld,enrage_trigger,400,"damage points (Low Rank/High Rank column, not Master Rank)",https://mhworld.kiranico.com/en/monsters/Lk1ia/glavenus
glavenus,MHGU,head_stagger,350,stagger threshold (raw),https://mhgu.kiranico.com/monster/6aa56
glavenus,MHWorld,head_stagger,350,"damage (Part Breakability, exact ""Head"" row)",https://mhworld.kiranico.com/en/monsters/Lk1ia/glavenus
glavenus,MHGU,hitzone_max_raw,75,raw hitzone percent (max over all Kiranico GU states),https://mhgu.kiranico.com/monster/6aa56
glavenus,MHWorld,hitzone_max_raw,65,"raw hitzone % (max sever/blunt/shot over LR/HR Physiology rows, including state-variant parts e.g. ""Head (White)"", excluding Master Rank override rows)",https://mhworld.kiranico.com/en/monsters/Lk1ia/glavenus
glavenus,MHWorld,move_power_max,90,motion value (max over Monster Attacks rows; poedb only lists a subset so is not used here),https://mhworld.kiranico.com/en/monsters/Lk1ia/glavenus
glavenus,MHGU,size_base,2539.49,cm,https://mhgu.kiranico.com/monster/6aa56
glavenus,MHWorld,size_base,2461.5,cm (poedb Base; never derived as gold/1.23 — crown thresholds are per-monster),https://mhw.poedb.tw/eng/monster/66/Glavenus
glavenus,MHGU,size_gold,3123.57,cm,https://mhgu.kiranico.com/monster/6aa56
glavenus,MHWorld,size_gold,2953.8,cm (gold crown threshold),https://mhworld.kiranico.com/en/monsters/Lk1ia/glavenus
glavenus,MHGU,tolerance_paralysis,180,status build-up points,https://raw.githubusercontent.com/gatheringhallstudios/MHGenDatabase/master/app/src/main/assets/databases/mhgu.db.zip
glavenus,MHWorld,tolerance_paralysis,180,status build-up points,https://mhworld.kiranico.com/en/monsters/Lk1ia/glavenus
glavenus,MHGU,tolerance_poison,100,status build-up points,https://raw.githubusercontent.com/gatheringhallstudios/MHGenDatabase/master/app/src/main/assets/databases/mhgu.db.zip
glavenus,MHWorld,tolerance_poison,150,status build-up points,https://mhworld.kiranico.com/en/monsters/Lk1ia/glavenus
glavenus,MHGU,tolerance_sleep,180,status build-up points,https://raw.githubusercontent.com/gatheringhallstudios/MHGenDatabase/master/app/src/main/assets/databases/mhgu.db.zip
glavenus,MHWorld,tolerance_sleep,150,status build-up points,https://mhworld.kiranico.com/en/monsters/Lk1ia/glavenus
glavenus,MHGU,tolerance_stun,180,status build-up points,https://raw.githubusercontent.com/gatheringhallstudios/MHGenDatabase/master/app/src/main/assets/databases/mhgu.db.zip
glavenus,MHWorld,tolerance_stun,150,status build-up points,https://mhworld.kiranico.com/en/monsters/Lk1ia/glavenus
gobul,MH3U,enrage_attack_mult,1.3,multiplier,http://mh3g.org/book/tyanagaburu.html
gobul,MH3U,enrage_duration,120,seconds,http://mh3g.org/book/tyanagaburu.html
gobul,MH3U,enrage_speed_mult,1.2,multiplier,http://mh3g.org/book/tyanagaburu.html
gobul,MH3U,head_stagger,240,damage points (village-quest base),http://mh3g.org/book/tyanagaburu.html
gobul,MH3U,hitzone_max_raw,70,"raw hitzone % (max of cut/impact/shot, sentinels excluded)",https://raw.githubusercontent.com/dbooga/MonsterHunter3UDatabase/master/MonsterHunter3UDatabase/assets/mh3u.sqlite
gobul,MH3U,size_base,1896.5,cm,https://monsterhunterwiki.org/wiki/Gobul_(MH3U)
gobul,MH3U,size_gold,2332.69,cm,https://monsterhunterwiki.org/wiki/Gobul_(MH3U)
gogmazios,MH4U,base_hp,18000,HP,https://kiranico.com/en/mh4u/monster/gogmazios
gogmazios,MHWilds,base_hp,10000,HP points,https://wilds.mhdb.io/en/monsters
gogmazios,MH4U,enrage_attack_mult,1.4,multiplier,https://kiranico.com/en/mh4u/monster/gogmazios
gogmazios,MHWilds,enrage_attack_mult,1.1,multiplier (High Rank),https://raw.githubusercontent.com/robomeche/MHWilds-Database/main/monster/assets/json/MHWilds_Data_compact.json.gz
gogmazios,MH4U,enrage_duration,80,seconds,https://kiranico.com/en/mh4u/monster/gogmazios
gogmazios,MHWilds,enrage_duration,180,seconds (High Rank),https://raw.githubusercontent.com/robomeche/MHWilds-Database/main/monster/assets/json/MHWilds_Data_compact.json.gz
gogmazios,MH4U,enrage_speed_mult,1.2,multiplier,https://kiranico.com/en/mh4u/monster/gogmazios
gogmazios,MHWilds,enrage_speed_mult,1.05,motion-speed multiplier (High Rank),https://raw.githubusercontent.com/robomeche/MHWilds-Database/main/monster/assets/json/MHWilds_Data_compact.json.gz
gogmazios,MHWilds,enrage_trigger,10000,damage points (High Rank),https://raw.githubusercontent.com/robomeche/MHWilds-Database/main/monster/assets/json/MHWilds_Data_compact.json.gz
gogmazios,MH4U,head_stagger,650,damage,https://kiranico.com/en/mh4u/monster/gogmazios
gogmazios,MHWilds,head_stagger,500,damage points (base),https://raw.githubusercontent.com/robomeche/MHWilds-Database/main/monster/assets/json/MHWilds_Data_compact.json.gz
gogmazios,MH4U,hitzone_max_raw,45,hitzone %,https://kiranico.com/en/mh4u/monster/gogmazios
gogmazios,MHWilds,hitzone_max_raw,40,"percent (robomeche Meat, default state max)",https://raw.githubusercontent.com/robomeche/MHWilds-Database/main/monster/assets/json/MHWilds_Data_compact.json.gz
gogmazios,MHWilds,size_base,4861.25,cm,https://wilds.mhdb.io/en/monsters
gogmazios,MHWilds,size_gold,5979.3374,cm,https://wilds.mhdb.io/en/monsters
gogmazios,MHWilds,tolerance_paralysis,0,status build-up points,https://raw.githubusercontent.com/robomeche/MHWilds-Database/main/monster/assets/json/MHWilds_Data_compact.json.gz
gogmazios,MHWilds,tolerance_poison,0,status build-up points,https://raw.githubusercontent.com/robomeche/MHWilds-Database/main/monster/assets/json/MHWilds_Data_compact.json.gz
gogmazios,MHWilds,tolerance_sleep,0,status build-up points,https://raw.githubusercontent.com/robomeche/MHWilds-Database/main/monster/assets/json/MHWilds_Data_compact.json.gz
gogmazios,MHWilds,tolerance_stun,2250,stun (KO) build-up points,https://raw.githubusercontent.com/robomeche/MHWilds-Database/main/monster/assets/json/MHWilds_Data_compact.json.gz
gold-rathian,MH4U,base_hp,4700,HP,https://kiranico.com/en/mh4u/monster/gold-rathian
gold-rathian,MHGU,base_hp,4700,HP,https://raw.githubusercontent.com/gatheringhallstudios/MHGenDatabase/master/app/src/main/assets/databases/mhgu.db.zip
gold-rathian,MHRS,base_hp,4500,"HP (base_hp_vital, LR/HR)",https://mhrice.info/mhrice.json
gold-rathian,MH4U,enrage_attack_mult,1.3,multiplier,https://kiranico.com/en/mh4u/monster/gold-rathian
gold-rathian,MHRS,enrage_attack_mult,1.2,multiplier,https://mhrice.info/mhrice.json
gold-rathian,MH4U,enrage_duration,95,seconds,https://kiranico.com/en/mh4u/monster/gold-rathian
gold-rathian,MHRS,enrage_duration,80,seconds,https://mhrice.info/mhrice.json
gold-rathian,MH4U,enrage_speed_mult,1.2,multiplier,https://kiranico.com/en/mh4u/monster/gold-rathian
gold-rathian,MHRS,enrage_speed_mult,1.15,motion-rate multiplier,https://mhrice.info/mhrice.json
gold-rathian,MHRS,enrage_trigger,1150,damage points (High Rank),https://mhrice.info/mhrice.json
gold-rathian,MH4U,head_stagger,220,damage,https://kiranico.com/en/mh4u/monster/gold-rathian
gold-rathian,MHGU,head_stagger,220,stagger threshold (raw),https://mhgu.kiranico.com/monster/06eb6
gold-rathian,MHRS,head_stagger,360,"part vital (flinch value, LR/HR)",https://mhrice.info/mhrice.json
gold-rathian,MH4U,hitzone_max_raw,55,hitzone %,https://kiranico.com/en/mh4u/monster/gold-rathian
gold-rathian,MHGU,hitzone_max_raw,55,raw hitzone percent (max over all Kiranico GU states),https://mhgu.kiranico.com/monster/06eb6
gold-rathian,MHRS,hitzone_max_raw,70,hitzone percent (max over all parts and phases),https://mhrice.info/mhrice.json
gold-rathian,MHRS,move_power_max,80,raw damage (max base_damage),https://mhrice.info/mhrice.json
gold-rathian,MH4U,size_base,1783,cm,https://kiranico.com/en/mh4u/monster/gold-rathian
gold-rathian,MHGU,size_base,1654.3,cm,https://mhgu.kiranico.com/monster/06eb6
gold-rathian,MHRS,size_base,1754.37,cm,https://mhrice.info/mhrice.json
gold-rathian,MH4U,size_gold,2034.8,cm,https://kiranico.com/en/mh4u/monster/gold-rathian
gold-rathian,MHGU,size_gold,2034.79,cm,https://mhgu.kiranico.com/monster/06eb6
gold-rathian,MHRS,size_gold,2157.8750999999997,cm (base_size * king_boarder),https://mhrice.info/mhrice.json
gold-rathian,MH4U,tolerance_paralysis,180,status build-up points,https://kiranico.com/en/mh4u/monster/gold-rathian
gold-rathian,MHGU,tolerance_paralysis,180,status build-up points,https://raw.githubusercontent.com/gatheringhallstudios/MHGenDatabase/master/app/src/main/assets/databases/mhgu.db.zip
gold-rathian,MHRS,tolerance_paralysis,180,status build-up points,https://mhrice.info/mhrice.json
gold-rathian,MH4U,tolerance_poison,180,status build-up points,https://kiranico.com/en/mh4u/monster/gold-rathian
gold-rathian,MHGU,tolerance_poison,180,status build-up points,https://raw.githubusercontent.com/gatheringhallstudios/MHGenDatabase/master/app/src/main/assets/databases/mhgu.db.zip
gold-rathian,MHRS,tolerance_poison,250,status build-up points,https://mhrice.info/mhrice.json
gold-rathian,MH4U,tolerance_sleep,180,status build-up points,https://kiranico.com/en/mh4u/monster/gold-rathian
gold-rathian,MHGU,tolerance_sleep,180,status build-up points,https://raw.githubusercontent.com/gatheringhallstudios/MHGenDatabase/master/app/src/main/assets/databases/mhgu.db.zip
gold-rathian,MHRS,tolerance_sleep,150,status build-up points,https://mhrice.info/mhrice.json
gold-rathian,MH4U,tolerance_stun,130,status build-up points,https://kiranico.com/en/mh4u/monster/gold-rathian
gold-rathian,MHGU,tolerance_stun,130,status build-up points,https://raw.githubusercontent.com/gatheringhallstudios/MHGenDatabase/master/app/src/main/assets/databases/mhgu.db.zip
gold-rathian,MHRS,tolerance_stun,200,status build-up points,https://mhrice.info/mhrice.json
goldbeard-ceadeus,MH3U,hitzone_max_raw,60,"raw hitzone % (max of cut/impact/shot, sentinels excluded)",https://raw.githubusercontent.com/dbooga/MonsterHunter3UDatabase/master/MonsterHunter3UDatabase/assets/mh3u.sqlite
gore-magala,MH4U,base_hp,5000,HP,https://kiranico.com/en/mh4u/monster/gore-magala
gore-magala,MHGU,base_hp,4800,HP,https://raw.githubusercontent.com/gatheringhallstudios/MHGenDatabase/master/app/src/main/assets/databases/mhgu.db.zip
gore-magala,MHWilds,base_hp,5100,HP points,https://wilds.mhdb.io/en/monsters
gore-magala,MH4U,enrage_attack_mult,1.4,multiplier,https://kiranico.com/en/mh4u/monster/gore-magala
gore-magala,MHWilds,enrage_attack_mult,1.15,multiplier (High Rank),https://raw.githubusercontent.com/robomeche/MHWilds-Database/main/monster/assets/json/MHWilds_Data_compact.json.gz
gore-magala,MH4U,enrage_duration,80,seconds,https://kiranico.com/en/mh4u/monster/gore-magala
gore-magala,MHWilds,enrage_duration,80,seconds (High Rank),https://raw.githubusercontent.com/robomeche/MHWilds-Database/main/monster/assets/json/MHWilds_Data_compact.json.gz
gore-magala,MH4U,enrage_speed_mult,1.1,multiplier,https://kiranico.com/en/mh4u/monster/gore-magala
gore-magala,MHWilds,enrage_speed_mult,1.08,motion-speed multiplier (High Rank),https://raw.githubusercontent.com/robomeche/MHWilds-Database/main/monster/assets/json/MHWilds_Data_compact.json.gz
gore-magala,MHWilds,enrage_trigger,1000,damage points (High Rank),https://raw.githubusercontent.com/robomeche/MHWilds-Database/main/monster/assets/json/MHWilds_Data_compact.json.gz
gore-magala,MH4U,head_stagger,240,damage,https://kiranico.com/en/mh4u/monster/gore-magala
gore-magala,MHGU,head_stagger,240,stagger threshold (raw),https://mhgu.kiranico.com/monster/60336
gore-magala,MHWilds,head_stagger,800,damage points (base),https://raw.githubusercontent.com/robomeche/MHWilds-Database/main/monster/assets/json/MHWilds_Data_compact.json.gz
gore-magala,MH4U,hitzone_max_raw,65,hitzone %,https://kiranico.com/en/mh4u/monster/gore-magala
gore-magala,MHGU,hitzone_max_raw,75,raw hitzone percent (max over all Kiranico GU states),https://mhgu.kiranico.com/monster/60336
gore-magala,MHWilds,hitzone_max_raw,75,"percent (robomeche Meat, default state max)",https://raw.githubusercontent.com/robomeche/MHWilds-Database/main/monster/assets/json/MHWilds_Data_compact.json.gz
gore-magala,MH4U,size_base,1760.8842543497897,cm,https://kiranico.com/en/mh4u/monster/gore-magala
gore-magala,MHGU,size_base,1760.9,cm,https://mhgu.kiranico.com/monster/60336
gore-magala,MHWilds,size_base,1765.9,cm,https://wilds.mhdb.io/en/monsters
gore-magala,MH4U,size_gold,2165.9,cm,https://kiranico.com/en/mh4u/monster/gore-magala
gore-magala,MHGU,size_gold,2165.91,cm,https://mhgu.kiranico.com/monster/60336
gore-magala,MHWilds,size_gold,2066.103,cm,https://wilds.mhdb.io/en/monsters
gore-magala,MH4U,tolerance_paralysis,180,status build-up points,https://kiranico.com/en/mh4u/monster/gore-magala
gore-magala,MHGU,tolerance_paralysis,180,status build-up points,https://raw.githubusercontent.com/gatheringhallstudios/MHGenDatabase/master/app/src/main/assets/databases/mhgu.db.zip
gore-magala,MHWilds,tolerance_paralysis,300,status build-up points,https://raw.githubusercontent.com/robomeche/MHWilds-Database/main/monster/assets/json/MHWilds_Data_compact.json.gz
gore-magala,MH4U,tolerance_poison,180,status build-up points,https://kiranico.com/en/mh4u/monster/gore-magala
gore-magala,MHGU,tolerance_poison,180,status build-up points,https://raw.githubusercontent.com/gatheringhallstudios/MHGenDatabase/master/app/src/main/assets/databases/mhgu.db.zip
gore-magala,MHWilds,tolerance_poison,250,status build-up points,https://raw.githubusercontent.com/robomeche/MHWilds-Database/main/monster/assets/json/MHWilds_Data_compact.json.gz
gore-magala,MH4U,tolerance_sleep,200,status build-up points,https://kiranico.com/en/mh4u/monster/gore-magala
gore-magala,MHGU,tolerance_sleep,200,status build-up points,https://raw.githubusercontent.com/gatheringhallstudios/MHGenDatabase/master/app/src/main/assets/databases/mhgu.db.zip
gore-magala,MHWilds,tolerance_sleep,250,status build-up points,https://raw.githubusercontent.com/robomeche/MHWilds-Database/main/monster/assets/json/MHWilds_Data_compact.json.gz
gore-magala,MH4U,tolerance_stun,200,status build-up points,https://kiranico.com/en/mh4u/monster/gore-magala
gore-magala,MHGU,tolerance_stun,200,status build-up points,https://raw.githubusercontent.com/gatheringhallstudios/MHGenDatabase/master/app/src/main/assets/databases/mhgu.db.zip
gore-magala,MHWilds,tolerance_stun,150,stun (KO) build-up points,https://raw.githubusercontent.com/robomeche/MHWilds-Database/main/monster/assets/json/MHWilds_Data_compact.json.gz
goss-harag,MHRS,base_hp,5000,"HP (base_hp_vital, LR/HR)",https://mhrice.info/mhrice.json
goss-harag,MHRS,enrage_attack_mult,1.1,multiplier,https://mhrice.info/mhrice.json
goss-harag,MHRS,enrage_duration,120,seconds,https://mhrice.info/mhrice.json
goss-harag,MHRS,enrage_speed_mult,1.11,motion-rate multiplier,https://mhrice.info/mhrice.json
goss-harag,MHRS,enrage_trigger,1250,damage points (High Rank),https://mhrice.info/mhrice.json
goss-harag,MHRS,head_stagger,350,"part vital (flinch value, LR/HR)",https://mhrice.info/mhrice.json
goss-harag,MHRS,hitzone_max_raw,66,hitzone percent (max over all parts and phases),https://mhrice.info/mhrice.json
goss-harag,MHRS,move_power_max,100,raw damage (max base_damage),https://mhrice.info/mhrice.json
goss-harag,MHRS,size_base,730.97,cm,https://mhrice.info/mhrice.json
goss-harag,MHRS,size_gold,899.0931,cm (base_size * king_boarder),https://mhrice.info/mhrice.json
goss-harag,MHRS,tolerance_paralysis,180,status build-up points,https://mhrice.info/mhrice.json
goss-harag,MHRS,tolerance_poison,150,status build-up points,https://mhrice.info/mhrice.json
goss-harag,MHRS,tolerance_sleep,150,status build-up points,https://mhrice.info/mhrice.json
goss-harag,MHRS,tolerance_stun,150,status build-up points,https://mhrice.info/mhrice.json
gravios,MH4U,base_hp,4400,HP,https://kiranico.com/en/mh4u/monster/gravios
gravios,MHGU,base_hp,4400,HP,https://raw.githubusercontent.com/gatheringhallstudios/MHGenDatabase/master/app/src/main/assets/databases/mhgu.db.zip
gravios,MHWilds,base_hp,5500,HP points,https://wilds.mhdb.io/en/monsters
gravios,MH4U,enrage_attack_mult,1.3,multiplier,https://kiranico.com/en/mh4u/monster/gravios
gravios,MHWilds,enrage_attack_mult,1.1,multiplier (High Rank),https://raw.githubusercontent.com/robomeche/MHWilds-Database/main/monster/assets/json/MHWilds_Data_compact.json.gz
gravios,MH4U,enrage_duration,80,seconds,https://kiranico.com/en/mh4u/monster/gravios
gravios,MHWilds,enrage_duration,120,seconds (High Rank),https://raw.githubusercontent.com/robomeche/MHWilds-Database/main/monster/assets/json/MHWilds_Data_compact.json.gz
gravios,MH4U,enrage_speed_mult,1.2,multiplier,https://kiranico.com/en/mh4u/monster/gravios
gravios,MHWilds,enrage_speed_mult,1.05,motion-speed multiplier (High Rank),https://raw.githubusercontent.com/robomeche/MHWilds-Database/main/monster/assets/json/MHWilds_Data_compact.json.gz
gravios,MHWilds,enrage_trigger,1500,damage points (High Rank),https://raw.githubusercontent.com/robomeche/MHWilds-Database/main/monster/assets/json/MHWilds_Data_compact.json.gz
gravios,MH4U,head_stagger,150,damage,https://kiranico.com/en/mh4u/monster/gravios
gravios,MHGU,head_stagger,150,stagger threshold (raw),https://mhgu.kiranico.com/monster/69596
gravios,MHWilds,head_stagger,450,damage points (base),https://raw.githubusercontent.com/robomeche/MHWilds-Database/main/monster/assets/json/MHWilds_Data_compact.json.gz
gravios,MH4U,hitzone_max_raw,30,hitzone %,https://kiranico.com/en/mh4u/monster/gravios
gravios,MHGU,hitzone_max_raw,70,raw hitzone percent (max over all Kiranico GU states),https://mhgu.kiranico.com/monster/69596
gravios,MHWilds,hitzone_max_raw,30,"percent (robomeche Meat, default state max)",https://raw.githubusercontent.com/robomeche/MHWilds-Database/main/monster/assets/json/MHWilds_Data_compact.json.gz
gravios,MH4U,size_base,2098.6871686108166,cm,https://kiranico.com/en/mh4u/monster/gravios
gravios,MHGU,size_base,2098.7,cm,https://mhgu.kiranico.com/monster/69596
gravios,MHWilds,size_base,2100.58,cm,https://wilds.mhdb.io/en/monsters
gravios,MH4U,size_gold,2581.4,cm,https://kiranico.com/en/mh4u/monster/gravios
gravios,MHGU,size_gold,2581.4,cm,https://mhgu.kiranico.com/monster/69596
gravios,MHWilds,size_gold,2583.7136,cm,https://wilds.mhdb.io/en/monsters
gravios,MH4U,tolerance_paralysis,200,status build-up points,https://kiranico.com/en/mh4u/monster/gravios
gravios,MHGU,tolerance_paralysis,200,status build-up points,https://raw.githubusercontent.com/gatheringhallstudios/MHGenDatabase/master/app/src/main/assets/databases/mhgu.db.zip
gravios,MHWilds,tolerance_paralysis,180,status build-up points,https://raw.githubusercontent.com/robomeche/MHWilds-Database/main/monster/assets/json/MHWilds_Data_compact.json.gz
gravios,MH4U,tolerance_poison,150,status build-up points,https://kiranico.com/en/mh4u/monster/gravios
gravios,MHGU,tolerance_poison,150,status build-up points,https://raw.githubusercontent.com/gatheringhallstudios/MHGenDatabase/master/app/src/main/assets/databases/mhgu.db.zip
gravios,MHWilds,tolerance_poison,150,status build-up points,https://raw.githubusercontent.com/robomeche/MHWilds-Database/main/monster/assets/json/MHWilds_Data_compact.json.gz
gravios,MH4U,tolerance_sleep,200,status build-up points,https://kiranico.com/en/mh4u/monster/gravios
gravios,MHGU,tolerance_sleep,200,status build-up points,https://raw.githubusercontent.com/gatheringhallstudios/MHGenDatabase/master/app/src/main/assets/databases/mhgu.db.zip
gravios,MHWilds,tolerance_sleep,150,status build-up points,https://raw.githubusercontent.com/robomeche/MHWilds-Database/main/monster/assets/json/MHWilds_Data_compact.json.gz
gravios,MH4U,tolerance_stun,200,status build-up points,https://kiranico.com/en/mh4u/monster/gravios
gravios,MHGU,tolerance_stun,200,status build-up points,https://raw.githubusercontent.com/gatheringhallstudios/MHGenDatabase/master/app/src/main/assets/databases/mhgu.db.zip
gravios,MHWilds,tolerance_stun,120,stun (KO) build-up points,https://raw.githubusercontent.com/robomeche/MHWilds-Database/main/monster/assets/json/MHWilds_Data_compact.json.gz
great-baggi,MHRS,base_hp,3000,"HP (base_hp_vital, LR/HR)",https://mhrice.info/mhrice.json
great-baggi,MHRS,enrage_attack_mult,1.2,multiplier,https://mhrice.info/mhrice.json
great-baggi,MHRS,enrage_duration,120,seconds,https://mhrice.info/mhrice.json
great-baggi,MHRS,enrage_speed_mult,1.1,motion-rate multiplier,https://mhrice.info/mhrice.json
great-baggi,MHRS,enrage_trigger,800,damage points (High Rank),https://mhrice.info/mhrice.json
great-baggi,MHRS,head_stagger,300,"part vital (flinch value, LR/HR)",https://mhrice.info/mhrice.json
great-baggi,MHRS,hitzone_max_raw,75,hitzone percent (max over all parts and phases),https://mhrice.info/mhrice.json
great-baggi,MHRS,move_power_max,60,raw damage (max base_damage),https://mhrice.info/mhrice.json
great-baggi,MHRS,size_base,1017.65,cm,https://mhrice.info/mhrice.json
great-baggi,MHRS,size_gold,1251.7095,cm (base_size * king_boarder),https://mhrice.info/mhrice.json
great-baggi,MHRS,tolerance_paralysis,130,status build-up points,https://mhrice.info/mhrice.json
great-baggi,MHRS,tolerance_poison,150,status build-up points,https://mhrice.info/mhrice.json
great-baggi,MHRS,tolerance_sleep,250,status build-up points,https://mhrice.info/mhrice.json
great-baggi,MHRS,tolerance_stun,120,status build-up points,https://mhrice.info/mhrice.json
great-girros,MHWorld,base_hp,2400,HP,https://mhworld.kiranico.com/en/monsters/eMAHO/great-girros
great-girros,MHWorld,enrage_attack_mult,1.1,"multiplier (Low Rank/High Rank column, not Master Rank)",https://mhworld.kiranico.com/en/monsters/eMAHO/great-girros
great-girros,MHWorld,enrage_duration,60,"seconds (Low Rank/High Rank column, not Master Rank)",https://mhworld.kiranico.com/en/monsters/eMAHO/great-girros
great-girros,MHWorld,enrage_speed_mult,1.1,"multiplier (Low Rank/High Rank column, not Master Rank)",https://mhworld.kiranico.com/en/monsters/eMAHO/great-girros
great-girros,MHWorld,enrage_trigger,480,"damage points (Low Rank/High Rank column, not Master Rank)",https://mhworld.kiranico.com/en/monsters/eMAHO/great-girros
great-girros,MHWorld,head_stagger,210,"damage (Part Breakability, exact ""Head"" row)",https://mhworld.kiranico.com/en/monsters/eMAHO/great-girros
great-girros,MHWorld,hitzone_max_raw,85,"raw hitzone % (max sever/blunt/shot over LR/HR Physiology rows, including state-variant parts e.g. ""Head (White)"", excluding Master Rank override rows)",https://mhworld.kiranico.com/en/monsters/eMAHO/great-girros
great-girros,MHWorld,move_power_max,60,motion value (max over Monster Attacks rows; poedb only lists a subset so is not used here),https://mhworld.kiranico.com/en/monsters/eMAHO/great-girros
great-girros,MHWorld,size_base,1053.15,cm (poedb Base; never derived as gold/1.23 — crown thresholds are per-monster),https://mhw.poedb.tw/eng/monster/33/Great%20Girros
great-girros,MHWorld,size_gold,1295.37,cm (gold crown threshold),https://mhworld.kiranico.com/en/monsters/eMAHO/great-girros
great-girros,MHWorld,tolerance_paralysis,300,status build-up points,https://mhworld.kiranico.com/en/monsters/eMAHO/great-girros
great-girros,MHWorld,tolerance_poison,150,status build-up points,https://mhworld.kiranico.com/en/monsters/eMAHO/great-girros
great-girros,MHWorld,tolerance_sleep,100,status build-up points,https://mhworld.kiranico.com/en/monsters/eMAHO/great-girros
great-girros,MHWorld,tolerance_stun,120,status build-up points,https://mhworld.kiranico.com/en/monsters/eMAHO/great-girros
great-izuchi,MHRS,base_hp,3000,"HP (base_hp_vital, LR/HR)",https://mhrice.info/mhrice.json
great-izuchi,MHRS,enrage_attack_mult,1.1,multiplier,https://mhrice.info/mhrice.json
great-izuchi,MHRS,enrage_duration,90,seconds,https://mhrice.info/mhrice.json
great-izuchi,MHRS,enrage_speed_mult,1.1,motion-rate multiplier,https://mhrice.info/mhrice.json
great-izuchi,MHRS,enrage_trigger,550,damage points (High Rank),https://mhrice.info/mhrice.json
great-izuchi,MHRS,head_stagger,180,"part vital (flinch value, LR/HR)",https://mhrice.info/mhrice.json
great-izuchi,MHRS,hitzone_max_raw,80,hitzone percent (max over all parts and phases),https://mhrice.info/mhrice.json
great-izuchi,MHRS,move_power_max,60,raw damage (max base_damage),https://mhrice.info/mhrice.json
great-izuchi,MHRS,size_base,1075.1,cm,https://mhrice.info/mhrice.json
great-izuchi,MHRS,size_gold,1322.3729999999998,cm (base_size * king_boarder),https://mhrice.info/mhrice.json
great-izuchi,MHRS,tolerance_paralysis,130,status build-up points,https://mhrice.info/mhrice.json
great-izuchi,MHRS,tolerance_poison,100,status build-up points,https://mhrice.info/mhrice.json
great-izuchi,MHRS,tolerance_sleep,100,status build-up points,https://mhrice.info/mhrice.json
great-izuchi,MHRS,tolerance_stun,100,status build-up points,https://mhrice.info/mhrice.json
great-jaggi,MH4U,base_hp,2600,HP,https://kiranico.com/en/mh4u/monster/great-jaggi
great-jaggi,MH4U,enrage_attack_mult,1.2,multiplier,https://kiranico.com/en/mh4u/monster/great-jaggi
great-jaggi,MH4U,enrage_duration,60,seconds,https://kiranico.com/en/mh4u/monster/great-jaggi
great-jaggi,MH4U,enrage_speed_mult,1.1,multiplier,https://kiranico.com/en/mh4u/monster/great-jaggi
great-jaggi,MH4U,head_stagger,160,damage,https://kiranico.com/en/mh4u/monster/great-jaggi
great-jaggi,MH4U,hitzone_max_raw,75,hitzone %,https://kiranico.com/en/mh4u/monster/great-jaggi
great-jaggi,MH4U,size_base,934.423156985193,cm,https://kiranico.com/en/mh4u/monster/great-jaggi
great-jaggi,MH4U,size_gold,1149.3,cm,https://kiranico.com/en/mh4u/monster/great-jaggi
great-jaggi,MH4U,tolerance_paralysis,150,status build-up points,https://kiranico.com/en/mh4u/monster/great-jaggi
great-jaggi,MH4U,tolerance_poison,90,status build-up points,https://kiranico.com/en/mh4u/monster/great-jaggi
great-jaggi,MH4U,tolerance_sleep,150,status build-up points,https://kiranico.com/en/mh4u/monster/great-jaggi
great-jaggi,MH4U,tolerance_stun,120,status build-up points,https://kiranico.com/en/mh4u/monster/great-jaggi
great-jagras,MHWorld,base_hp,2200,HP,https://mhworld.kiranico.com/en/monsters/zJ1Sb/great-jagras
great-jagras,MHWorld,enrage_attack_mult,1.1,"multiplier (Low Rank/High Rank column, not Master Rank)",https://mhworld.kiranico.com/en/monsters/zJ1Sb/great-jagras
great-jagras,MHWorld,enrage_duration,60,"seconds (Low Rank/High Rank column, not Master Rank)",https://mhworld.kiranico.com/en/monsters/zJ1Sb/great-jagras
great-jagras,MHWorld,enrage_speed_mult,1.1,"multiplier (Low Rank/High Rank column, not Master Rank)",https://mhworld.kiranico.com/en/monsters/zJ1Sb/great-jagras
great-jagras,MHWorld,enrage_trigger,440,"damage points (Low Rank/High Rank column, not Master Rank)",https://mhworld.kiranico.com/en/monsters/zJ1Sb/great-jagras
great-jagras,MHWorld,head_stagger,150,"damage (Part Breakability, exact ""Head"" row)",https://mhworld.kiranico.com/en/monsters/zJ1Sb/great-jagras
great-jagras,MHWorld,hitzone_max_raw,95,"raw hitzone % (max sever/blunt/shot over LR/HR Physiology rows, including state-variant parts e.g. ""Head (White)"", excluding Master Rank override rows)",https://mhworld.kiranico.com/en/monsters/zJ1Sb/great-jagras
great-jagras,MHWorld,move_power_max,70,motion value (max over Monster Attacks rows; poedb only lists a subset so is not used here),https://mhworld.kiranico.com/en/monsters/zJ1Sb/great-jagras
great-jagras,MHWorld,size_base,1109.66,cm (poedb Base; never derived as gold/1.23 — crown thresholds are per-monster),https://mhw.poedb.tw/eng/monster/7/Great%20Jagras
great-jagras,MHWorld,size_gold,1364.88,cm (gold crown threshold),https://mhworld.kiranico.com/en/monsters/zJ1Sb/great-jagras
great-jagras,MHWorld,tolerance_paralysis,130,status build-up points,https://mhworld.kiranico.com/en/monsters/zJ1Sb/great-jagras
great-jagras,MHWorld,tolerance_poison,100,status build-up points,https://mhworld.kiranico.com/en/monsters/zJ1Sb/great-jagras
great-jagras,MHWorld,tolerance_sleep,100,status build-up points,https://mhworld.kiranico.com/en/monsters/zJ1Sb/great-jagras
great-jagras,MHWorld,tolerance_stun,100,status build-up points,https://mhworld.kiranico.com/en/monsters/zJ1Sb/great-jagras
great-maccao,MHGU,base_hp,2000,HP,https://raw.githubusercontent.com/gatheringhallstudios/MHGenDatabase/master/app/src/main/assets/databases/mhgu.db.zip
great-maccao,MHGU,head_stagger,120,stagger threshold (raw),https://mhgu.kiranico.com/monster/60036
great-maccao,MHGU,hitzone_max_raw,63,raw hitzone percent (max over all Kiranico GU states),https://mhgu.kiranico.com/monster/60036
great-maccao,MHGU,size_base,797.31,cm,https://mhgu.kiranico.com/monster/60036
great-maccao,MHGU,size_gold,980.69,cm,https://mhgu.kiranico.com/monster/60036
great-maccao,MHGU,tolerance_paralysis,150,status build-up points,https://raw.githubusercontent.com/gatheringhallstudios/MHGenDatabase/master/app/src/main/assets/databases/mhgu.db.zip
great-maccao,MHGU,tolerance_poison,90,status build-up points,https://raw.githubusercontent.com/gatheringhallstudios/MHGenDatabase/master/app/src/main/assets/databases/mhgu.db.zip
great-maccao,MHGU,tolerance_sleep,150,status build-up points,https://raw.githubusercontent.com/gatheringhallstudios/MHGenDatabase/master/app/src/main/assets/databases/mhgu.db.zip
great-maccao,MHGU,tolerance_stun,120,status build-up points,https://raw.githubusercontent.com/gatheringhallstudios/MHGenDatabase/master/app/src/main/assets/databases/mhgu.db.zip
great-wroggi,MHRS,base_hp,3000,"HP (base_hp_vital, LR/HR)",https://mhrice.info/mhrice.json
great-wroggi,MHRS,enrage_attack_mult,1.2,multiplier,https://mhrice.info/mhrice.json
great-wroggi,MHRS,enrage_duration,120,seconds,https://mhrice.info/mhrice.json
great-wroggi,MHRS,enrage_speed_mult,1.2,motion-rate multiplier,https://mhrice.info/mhrice.json
great-wroggi,MHRS,enrage_trigger,800,damage points (High Rank),https://mhrice.info/mhrice.json
great-wroggi,MHRS,head_stagger,300,"part vital (flinch value, LR/HR)",https://mhrice.info/mhrice.json
great-wroggi,MHRS,hitzone_max_raw,75,hitzone percent (max over all parts and phases),https://mhrice.info/mhrice.json
great-wroggi,MHRS,move_power_max,50,raw damage (max base_damage),https://mhrice.info/mhrice.json
great-wroggi,MHRS,size_base,935.98,cm,https://mhrice.info/mhrice.json
great-wroggi,MHRS,size_gold,1151.2554,cm (base_size * king_boarder),https://mhrice.info/mhrice.json
great-wroggi,MHRS,tolerance_paralysis,130,status build-up points,https://mhrice.info/mhrice.json
great-wroggi,MHRS,tolerance_poison,250,status build-up points,https://mhrice.info/mhrice.json
great-wroggi,MHRS,tolerance_sleep,100,status build-up points,https://mhrice.info/mhrice.json
great-wroggi,MHRS,tolerance_stun,120,status build-up points,https://mhrice.info/mhrice.json
green-nargacuga,MH3U,enrage_attack_mult,1.2,multiplier,http://mh3g.org/book/narugakuruga-b.html
green-nargacuga,MH3U,enrage_duration,80,seconds,http://mh3g.org/book/narugakuruga-b.html
green-nargacuga,MH3U,enrage_speed_mult,1.2,multiplier,http://mh3g.org/book/narugakuruga-b.html
green-nargacuga,MH3U,head_stagger,200,damage points (village-quest base),http://mh3g.org/book/narugakuruga-b.html
green-nargacuga,MH3U,hitzone_max_raw,70,"raw hitzone % (max of cut/impact/shot, sentinels excluded)",https://raw.githubusercontent.com/dbooga/MonsterHunter3UDatabase/master/MonsterHunter3UDatabase/assets/mh3u.sqlite
green-nargacuga,MH3U,size_base,1602.3,cm,https://monsterhunterwiki.org/wiki/Green_Nargacuga_(MH3U)
green-nargacuga,MH3U,size_gold,1970.82,cm,https://monsterhunterwiki.org/wiki/Green_Nargacuga_(MH3U)
green-nargacuga,MH3U,tolerance_paralysis,180,status build-up points (village base),http://mh3g.trigwiki.jp/data/979.html
green-nargacuga,MH3U,tolerance_poison,180,status build-up points (village base),http://mh3g.trigwiki.jp/data/979.html
green-nargacuga,MH3U,tolerance_sleep,180,status build-up points (village base),http://mh3g.trigwiki.jp/data/979.html
green-nargacuga,MH3U,tolerance_stun,200,status build-up points (village base),http://mh3g.trigwiki.jp/data/979.html
green-plesioth,MH3U,enrage_attack_mult,1.3,multiplier,http://mh3g.org/book/ganototosu-b.html
green-plesioth,MH3U,enrage_duration,120,seconds,http://mh3g.org/book/ganototosu-b.html
green-plesioth,MH3U,enrage_speed_mult,1.3,multiplier,http://mh3g.org/book/ganototosu-b.html
green-plesioth,MH3U,hitzone_max_raw,50,"raw hitzone % (max of cut/impact/shot, sentinels excluded)",https://raw.githubusercontent.com/dbooga/MonsterHunter3UDatabase/master/MonsterHunter3UDatabase/assets/mh3u.sqlite
green-plesioth,MH3U,size_base,2237.21,cm,https://monsterhunterwiki.org/wiki/Green_Plesioth_(MH3U)
green-plesioth,MH3U,size_gold,2751.76,cm,https://monsterhunterwiki.org/wiki/Green_Plesioth_(MH3U)
grimclaw-tigrex,MHGU,base_hp,6000,HP,https://raw.githubusercontent.com/gatheringhallstudios/MHGenDatabase/master/app/src/main/assets/databases/mhgu.db.zip
grimclaw-tigrex,MHGU,head_stagger,220,stagger threshold (raw),https://mhgu.kiranico.com/monster/6d486
grimclaw-tigrex,MHGU,hitzone_max_raw,70,raw hitzone percent (max over all Kiranico GU states),https://mhgu.kiranico.com/monster/6d486
grimclaw-tigrex,MHGU,size_base,2121.1,cm,https://mhgu.kiranico.com/monster/6d486
grimclaw-tigrex,MHGU,size_gold,2312,cm,https://mhgu.kiranico.com/monster/6d486
grimclaw-tigrex,MHGU,tolerance_paralysis,200,status build-up points,https://raw.githubusercontent.com/gatheringhallstudios/MHGenDatabase/master/app/src/main/assets/databases/mhgu.db.zip
grimclaw-tigrex,MHGU,tolerance_poison,180,status build-up points,https://raw.githubusercontent.com/gatheringhallstudios/MHGenDatabase/master/app/src/main/assets/databases/mhgu.db.zip
grimclaw-tigrex,MHGU,tolerance_sleep,180,status build-up points,https://raw.githubusercontent.com/gatheringhallstudios/MHGenDatabase/master/app/src/main/assets/databases/mhgu.db.zip
grimclaw-tigrex,MHGU,tolerance_stun,200,status build-up points,https://raw.githubusercontent.com/gatheringhallstudios/MHGenDatabase/master/app/src/main/assets/databases/mhgu.db.zip
guardian-arkveld,MHWilds,base_hp,5200,HP points,https://wilds.mhdb.io/en/monsters
guardian-arkveld,MHWilds,enrage_attack_mult,1.1,multiplier (High Rank),https://raw.githubusercontent.com/robomeche/MHWilds-Database/main/monster/assets/json/MHWilds_Data_compact.json.gz
guardian-arkveld,MHWilds,enrage_duration,160,seconds (High Rank),https://raw.githubusercontent.com/robomeche/MHWilds-Database/main/monster/assets/json/MHWilds_Data_compact.json.gz
guardian-arkveld,MHWilds,enrage_speed_mult,1.05,motion-speed multiplier (High Rank),https://raw.githubusercontent.com/robomeche/MHWilds-Database/main/monster/assets/json/MHWilds_Data_compact.json.gz
guardian-arkveld,MHWilds,enrage_trigger,1400,damage points (High Rank),https://raw.githubusercontent.com/robomeche/MHWilds-Database/main/monster/assets/json/MHWilds_Data_compact.json.gz
guardian-arkveld,MHWilds,head_stagger,800,damage points (base),https://raw.githubusercontent.com/robomeche/MHWilds-Database/main/monster/assets/json/MHWilds_Data_compact.json.gz
guardian-arkveld,MHWilds,hitzone_max_raw,50,"percent (robomeche Meat, default state max)",https://raw.githubusercontent.com/robomeche/MHWilds-Database/main/monster/assets/json/MHWilds_Data_compact.json.gz
guardian-arkveld,MHWilds,size_base,1666.54,cm,https://wilds.mhdb.io/en/monsters
guardian-arkveld,MHWilds,size_gold,2049.8442,cm,https://wilds.mhdb.io/en/monsters
guardian-arkveld,MHWilds,tolerance_paralysis,180,status build-up points,https://raw.githubusercontent.com/robomeche/MHWilds-Database/main/monster/assets/json/MHWilds_Data_compact.json.gz
guardian-arkveld,MHWilds,tolerance_poison,150,status build-up points,https://raw.githubusercontent.com/robomeche/MHWilds-Database/main/monster/assets/json/MHWilds_Data_compact.json.gz
guardian-arkveld,MHWilds,tolerance_sleep,150,status build-up points,https://raw.githubusercontent.com/robomeche/MHWilds-Database/main/monster/assets/json/MHWilds_Data_compact.json.gz
guardian-arkveld,MHWilds,tolerance_stun,120,stun (KO) build-up points,https://raw.githubusercontent.com/robomeche/MHWilds-Database/main/monster/assets/json/MHWilds_Data_compact.json.gz
guardian-doshaguma,MHWilds,base_hp,5800,HP points,https://wilds.mhdb.io/en/monsters
guardian-doshaguma,MHWilds,enrage_attack_mult,1.1,multiplier (High Rank),https://raw.githubusercontent.com/robomeche/MHWilds-Database/main/monster/assets/json/MHWilds_Data_compact.json.gz
guardian-doshaguma,MHWilds,enrage_duration,80,seconds (High Rank),https://raw.githubusercontent.com/robomeche/MHWilds-Database/main/monster/assets/json/MHWilds_Data_compact.json.gz
guardian-doshaguma,MHWilds,enrage_speed_mult,1.1,motion-speed multiplier (High Rank),https://raw.githubusercontent.com/robomeche/MHWilds-Database/main/monster/assets/json/MHWilds_Data_compact.json.gz
guardian-doshaguma,MHWilds,enrage_trigger,1500,damage points (High Rank),https://raw.githubusercontent.com/robomeche/MHWilds-Database/main/monster/assets/json/MHWilds_Data_compact.json.gz
guardian-doshaguma,MHWilds,head_stagger,360,damage points (base),https://raw.githubusercontent.com/robomeche/MHWilds-Database/main/monster/assets/json/MHWilds_Data_compact.json.gz
guardian-doshaguma,MHWilds,hitzone_max_raw,65,"percent (robomeche Meat, default state max)",https://raw.githubusercontent.com/robomeche/MHWilds-Database/main/monster/assets/json/MHWilds_Data_compact.json.gz
guardian-doshaguma,MHWilds,size_base,1390.47,cm,https://wilds.mhdb.io/en/monsters
guardian-doshaguma,MHWilds,size_gold,1710.2781,cm,https://wilds.mhdb.io/en/monsters
guardian-doshaguma,MHWilds,tolerance_paralysis,180,status build-up points,https://raw.githubusercontent.com/robomeche/MHWilds-Database/main/monster/assets/json/MHWilds_Data_compact.json.gz
guardian-doshaguma,MHWilds,tolerance_poison,150,status build-up points,https://raw.githubusercontent.com/robomeche/MHWilds-Database/main/monster/assets/json/MHWilds_Data_compact.json.gz
guardian-doshaguma,MHWilds,tolerance_sleep,150,status build-up points,https://raw.githubusercontent.com/robomeche/MHWilds-Database/main/monster/assets/json/MHWilds_Data_compact.json.gz
guardian-doshaguma,MHWilds,tolerance_stun,120,stun (KO) build-up points,https://raw.githubusercontent.com/robomeche/MHWilds-Database/main/monster/assets/json/MHWilds_Data_compact.json.gz
guardian-ebony-odogaron,MHWilds,base_hp,5000,HP points,https://wilds.mhdb.io/en/monsters
guardian-ebony-odogaron,MHWilds,enrage_attack_mult,1.1,multiplier (High Rank),https://raw.githubusercontent.com/robomeche/MHWilds-Database/main/monster/assets/json/MHWilds_Data_compact.json.gz
guardian-ebony-odogaron,MHWilds,enrage_duration,120,seconds (High Rank),https://raw.githubusercontent.com/robomeche/MHWilds-Database/main/monster/assets/json/MHWilds_Data_compact.json.gz
guardian-ebony-odogaron,MHWilds,enrage_speed_mult,1.05,motion-speed multiplier (High Rank),https://raw.githubusercontent.com/robomeche/MHWilds-Database/main/monster/assets/json/MHWilds_Data_compact.json.gz
guardian-ebony-odogaron,MHWilds,enrage_trigger,1500,damage points (High Rank),https://raw.githubusercontent.com/robomeche/MHWilds-Database/main/monster/assets/json/MHWilds_Data_compact.json.gz
guardian-ebony-odogaron,MHWilds,head_stagger,400,damage points (base),https://raw.githubusercontent.com/robomeche/MHWilds-Database/main/monster/assets/json/MHWilds_Data_compact.json.gz
guardian-ebony-odogaron,MHWilds,hitzone_max_raw,45,"percent (robomeche Meat, default state max)",https://raw.githubusercontent.com/robomeche/MHWilds-Database/main/monster/assets/json/MHWilds_Data_compact.json.gz
guardian-ebony-odogaron,MHWilds,size_base,1388.7515,cm,https://wilds.mhdb.io/en/monsters
guardian-ebony-odogaron,MHWilds,size_gold,1708.1643,cm,https://wilds.mhdb.io/en/monsters
guardian-ebony-odogaron,MHWilds,tolerance_paralysis,130,status build-up points,https://raw.githubusercontent.com/robomeche/MHWilds-Database/main/monster/assets/json/MHWilds_Data_compact.json.gz
guardian-ebony-odogaron,MHWilds,tolerance_poison,150,status build-up points,https://raw.githubusercontent.com/robomeche/MHWilds-Database/main/monster/assets/json/MHWilds_Data_compact.json.gz
guardian-ebony-odogaron,MHWilds,tolerance_sleep,150,status build-up points,https://raw.githubusercontent.com/robomeche/MHWilds-Database/main/monster/assets/json/MHWilds_Data_compact.json.gz
guardian-ebony-odogaron,MHWilds,tolerance_stun,120,stun (KO) build-up points,https://raw.githubusercontent.com/robomeche/MHWilds-Database/main/monster/assets/json/MHWilds_Data_compact.json.gz
guardian-fulgur-anjanath,MHWilds,base_hp,5000,HP points,https://wilds.mhdb.io/en/monsters
guardian-fulgur-anjanath,MHWilds,enrage_attack_mult,1.1,multiplier (High Rank),https://raw.githubusercontent.com/robomeche/MHWilds-Database/main/monster/assets/json/MHWilds_Data_compact.json.gz
guardian-fulgur-anjanath,MHWilds,enrage_duration,120,seconds (High Rank),https://raw.githubusercontent.com/robomeche/MHWilds-Database/main/monster/assets/json/MHWilds_Data_compact.json.gz
guardian-fulgur-anjanath,MHWilds,enrage_speed_mult,1.1,motion-speed multiplier (High Rank),https://raw.githubusercontent.com/robomeche/MHWilds-Database/main/monster/assets/json/MHWilds_Data_compact.json.gz
guardian-fulgur-anjanath,MHWilds,enrage_trigger,1500,damage points (High Rank),https://raw.githubusercontent.com/robomeche/MHWilds-Database/main/monster/assets/json/MHWilds_Data_compact.json.gz
guardian-fulgur-anjanath,MHWilds,head_stagger,320,damage points (base),https://raw.githubusercontent.com/robomeche/MHWilds-Database/main/monster/assets/json/MHWilds_Data_compact.json.gz
guardian-fulgur-anjanath,MHWilds,hitzone_max_raw,75,"percent (robomeche Meat, default state max)",https://raw.githubusercontent.com/robomeche/MHWilds-Database/main/monster/assets/json/MHWilds_Data_compact.json.gz
guardian-fulgur-anjanath,MHWilds,size_base,1646.46,cm,https://wilds.mhdb.io/en/monsters
guardian-fulgur-anjanath,MHWilds,size_gold,2025.1458,cm,https://wilds.mhdb.io/en/monsters
guardian-fulgur-anjanath,MHWilds,tolerance_paralysis,180,status build-up points,https://raw.githubusercontent.com/robomeche/MHWilds-Database/main/monster/assets/json/MHWilds_Data_compact.json.gz
guardian-fulgur-anjanath,MHWilds,tolerance_poison,250,status build-up points,https://raw.githubusercontent.com/robomeche/MHWilds-Database/main/monster/assets/json/MHWilds_Data_compact.json.gz
guardian-fulgur-anjanath,MHWilds,tolerance_sleep,150,status build-up points,https://raw.githubusercontent.com/robomeche/MHWilds-Database/main/monster/assets/json/MHWilds_Data_compact.json.gz
guardian-fulgur-anjanath,MHWilds,tolerance_stun,120,stun (KO) build-up points,https://raw.githubusercontent.com/robomeche/MHWilds-Database/main/monster/assets/json/MHWilds_Data_compact.json.gz
guardian-rathalos,MHWilds,base_hp,5000,HP points,https://wilds.mhdb.io/en/monsters
guardian-rathalos,MHWilds,enrage_attack_mult,1.26,multiplier (High Rank),https://raw.githubusercontent.com/robomeche/MHWilds-Database/main/monster/assets/json/MHWilds_Data_compact.json.gz
guardian-rathalos,MHWilds,enrage_duration,100,seconds (High Rank),https://raw.githubusercontent.com/robomeche/MHWilds-Database/main/monster/assets/json/MHWilds_Data_compact.json.gz
guardian-rathalos,MHWilds,enrage_speed_mult,1.1,motion-speed multiplier (High Rank),https://raw.githubusercontent.com/robomeche/MHWilds-Database/main/monster/assets/json/MHWilds_Data_compact.json.gz
guardian-rathalos,MHWilds,enrage_trigger,500,damage points (High Rank),https://raw.githubusercontent.com/robomeche/MHWilds-Database/main/monster/assets/json/MHWilds_Data_compact.json.gz
guardian-rathalos,MHWilds,head_stagger,290,damage points (base),https://raw.githubusercontent.com/robomeche/MHWilds-Database/main/monster/assets/json/MHWilds_Data_compact.json.gz
guardian-rathalos,MHWilds,hitzone_max_raw,70,"percent (robomeche Meat, default state max)",https://raw.githubusercontent.com/robomeche/MHWilds-Database/main/monster/assets/json/MHWilds_Data_compact.json.gz
guardian-rathalos,MHWilds,size_base,1704.22,cm,https://wilds.mhdb.io/en/monsters
guardian-rathalos,MHWilds,size_gold,2096.1907,cm,https://wilds.mhdb.io/en/monsters
guardian-rathalos,MHWilds,tolerance_paralysis,180,status build-up points,https://raw.githubusercontent.com/robomeche/MHWilds-Database/main/monster/assets/json/MHWilds_Data_compact.json.gz
guardian-rathalos,MHWilds,tolerance_poison,250,status build-up points,https://raw.githubusercontent.com/robomeche/MHWilds-Database/main/monster/assets/json/MHWilds_Data_compact.json.gz
guardian-rathalos,MHWilds,tolerance_sleep,150,status build-up points,https://raw.githubusercontent.com/robomeche/MHWilds-Database/main/monster/assets/json/MHWilds_Data_compact.json.gz
guardian-rathalos,MHWilds,tolerance_stun,120,stun (KO) build-up points,https://raw.githubusercontent.com/robomeche/MHWilds-Database/main/monster/assets/json/MHWilds_Data_compact.json.gz
gypceros,MH4U,base_hp,3900,HP,https://kiranico.com/en/mh4u/monster/gypceros
gypceros,MHGU,base_hp,3900,HP,https://raw.githubusercontent.com/gatheringhallstudios/MHGenDatabase/master/app/src/main/assets/databases/mhgu.db.zip
gypceros,MHWilds,base_hp,4200,HP points,https://wilds.mhdb.io/en/monsters
gypceros,MH4U,enrage_attack_mult,1.3,multiplier,https://kiranico.com/en/mh4u/monster/gypceros
gypceros,MHWilds,enrage_attack_mult,1.1,multiplier (High Rank),https://raw.githubusercontent.com/robomeche/MHWilds-Database/main/monster/assets/json/MHWilds_Data_compact.json.gz
gypceros,MH4U,enrage_duration,60,seconds,https://kiranico.com/en/mh4u/monster/gypceros
gypceros,MHWilds,enrage_duration,60,seconds (High Rank),https://raw.githubusercontent.com/robomeche/MHWilds-Database/main/monster/assets/json/MHWilds_Data_compact.json.gz
gypceros,MH4U,enrage_speed_mult,1.2,multiplier,https://kiranico.com/en/mh4u/monster/gypceros
gypceros,MHWilds,enrage_speed_mult,1.1,motion-speed multiplier (High Rank),https://raw.githubusercontent.com/robomeche/MHWilds-Database/main/monster/assets/json/MHWilds_Data_compact.json.gz
gypceros,MHWilds,enrage_trigger,1500,damage points (High Rank),https://raw.githubusercontent.com/robomeche/MHWilds-Database/main/monster/assets/json/MHWilds_Data_compact.json.gz
gypceros,MH4U,head_stagger,220,damage,https://kiranico.com/en/mh4u/monster/gypceros
gypceros,MHGU,head_stagger,170,stagger threshold (raw),https://mhgu.kiranico.com/monster/a6b96
gypceros,MHWilds,head_stagger,440,damage points (base),https://raw.githubusercontent.com/robomeche/MHWilds-Database/main/monster/assets/json/MHWilds_Data_compact.json.gz
gypceros,MH4U,hitzone_max_raw,80,hitzone %,https://kiranico.com/en/mh4u/monster/gypceros
gypceros,MHGU,hitzone_max_raw,80,raw hitzone percent (max over all Kiranico GU states),https://mhgu.kiranico.com/monster/a6b96
gypceros,MHWilds,hitzone_max_raw,80,"percent (robomeche Meat, default state max)",https://raw.githubusercontent.com/robomeche/MHWilds-Database/main/monster/assets/json/MHWilds_Data_compact.json.gz
gypceros,MH4U,size_base,990.8842543497899,cm,https://kiranico.com/en/mh4u/monster/gypceros
gypceros,MHGU,size_base,990.9,cm,https://mhgu.kiranico.com/monster/a6b96
gypceros,MHWilds,size_base,964.138,cm,https://wilds.mhdb.io/en/monsters
gypceros,MH4U,size_gold,1218.8,cm,https://kiranico.com/en/mh4u/monster/gypceros
gypceros,MHGU,size_gold,1218.81,cm,https://mhgu.kiranico.com/monster/a6b96
gypceros,MHWilds,size_gold,1185.8898,cm,https://wilds.mhdb.io/en/monsters
gypceros,MH4U,tolerance_paralysis,150,status build-up points,https://kiranico.com/en/mh4u/monster/gypceros
gypceros,MHGU,tolerance_paralysis,150,status build-up points,https://raw.githubusercontent.com/gatheringhallstudios/MHGenDatabase/master/app/src/main/assets/databases/mhgu.db.zip
gypceros,MHWilds,tolerance_paralysis,180,status build-up points,https://raw.githubusercontent.com/robomeche/MHWilds-Database/main/monster/assets/json/MHWilds_Data_compact.json.gz
gypceros,MH4U,tolerance_poison,250,status build-up points,https://kiranico.com/en/mh4u/monster/gypceros
gypceros,MHGU,tolerance_poison,250,status build-up points,https://raw.githubusercontent.com/gatheringhallstudios/MHGenDatabase/master/app/src/main/assets/databases/mhgu.db.zip
gypceros,MHWilds,tolerance_poison,250,status build-up points,https://raw.githubusercontent.com/robomeche/MHWilds-Database/main/monster/assets/json/MHWilds_Data_compact.json.gz
gypceros,MH4U,tolerance_sleep,150,status build-up points,https://kiranico.com/en/mh4u/monster/gypceros
gypceros,MHGU,tolerance_sleep,150,status build-up points,https://raw.githubusercontent.com/gatheringhallstudios/MHGenDatabase/master/app/src/main/assets/databases/mhgu.db.zip
gypceros,MHWilds,tolerance_sleep,150,status build-up points,https://raw.githubusercontent.com/robomeche/MHWilds-Database/main/monster/assets/json/MHWilds_Data_compact.json.gz
gypceros,MH4U,tolerance_stun,150,status build-up points,https://kiranico.com/en/mh4u/monster/gypceros
gypceros,MHGU,tolerance_stun,150,status build-up points,https://raw.githubusercontent.com/gatheringhallstudios/MHGenDatabase/master/app/src/main/assets/databases/mhgu.db.zip
gypceros,MHWilds,tolerance_stun,120,stun (KO) build-up points,https://raw.githubusercontent.com/robomeche/MHWilds-Database/main/monster/assets/json/MHWilds_Data_compact.json.gz
hallowed-jhen-mohran,MH3U,head_stagger,600,damage points (village-quest base),http://mh3g.org/book/jienmooran-b.html
hallowed-jhen-mohran,MH3U,hitzone_max_raw,84,"raw hitzone % (max of cut/impact/shot, sentinels excluded)",https://raw.githubusercontent.com/dbooga/MonsterHunter3UDatabase/master/MonsterHunter3UDatabase/assets/mh3u.sqlite
hellblade-glavenus,MHGU,base_hp,5100,HP,https://raw.githubusercontent.com/gatheringhallstudios/MHGenDatabase/master/app/src/main/assets/databases/mhgu.db.zip
hellblade-glavenus,MHGU,head_stagger,350,stagger threshold (raw),https://mhgu.kiranico.com/monster/63a06
hellblade-glavenus,MHGU,hitzone_max_raw,70,raw hitzone percent (max over all Kiranico GU states),https://mhgu.kiranico.com/monster/63a06
hellblade-glavenus,MHGU,size_base,2840.85,cm,https://mhgu.kiranico.com/monster/63a06
hellblade-glavenus,MHGU,size_gold,3380.61,cm,https://mhgu.kiranico.com/monster/63a06
hellblade-glavenus,MHGU,tolerance_paralysis,180,status build-up points,https://raw.githubusercontent.com/gatheringhallstudios/MHGenDatabase/master/app/src/main/assets/databases/mhgu.db.zip
hellblade-glavenus,MHGU,tolerance_poison,100,status build-up points,https://raw.githubusercontent.com/gatheringhallstudios/MHGenDatabase/master/app/src/main/assets/databases/mhgu.db.zip
hellblade-glavenus,MHGU,tolerance_sleep,180,status build-up points,https://raw.githubusercontent.com/gatheringhallstudios/MHGenDatabase/master/app/src/main/assets/databases/mhgu.db.zip
hellblade-glavenus,MHGU,tolerance_stun,180,status build-up points,https://raw.githubusercontent.com/gatheringhallstudios/MHGenDatabase/master/app/src/main/assets/databases/mhgu.db.zip
hirabami,MHWilds,base_hp,4500,HP points,https://wilds.mhdb.io/en/monsters
hirabami,MHWilds,enrage_attack_mult,1.1,multiplier (High Rank),https://raw.githubusercontent.com/robomeche/MHWilds-Database/main/monster/assets/json/MHWilds_Data_compact.json.gz
hirabami,MHWilds,enrage_duration,120,seconds (High Rank),https://raw.githubusercontent.com/robomeche/MHWilds-Database/main/monster/assets/json/MHWilds_Data_compact.json.gz
hirabami,MHWilds,enrage_speed_mult,1.02,motion-speed multiplier (High Rank),https://raw.githubusercontent.com/robomeche/MHWilds-Database/main/monster/assets/json/MHWilds_Data_compact.json.gz
hirabami,MHWilds,enrage_trigger,1500,damage points (High Rank),https://raw.githubusercontent.com/robomeche/MHWilds-Database/main/monster/assets/json/MHWilds_Data_compact.json.gz
hirabami,MHWilds,head_stagger,800,damage points (base),https://raw.githubusercontent.com/robomeche/MHWilds-Database/main/monster/assets/json/MHWilds_Data_compact.json.gz
hirabami,MHWilds,hitzone_max_raw,70,"percent (robomeche Meat, default state max)",https://raw.githubusercontent.com/robomeche/MHWilds-Database/main/monster/assets/json/MHWilds_Data_compact.json.gz
hirabami,MHWilds,size_base,1659.3395,cm,https://wilds.mhdb.io/en/monsters
hirabami,MHWilds,size_gold,1875.0536,cm,https://wilds.mhdb.io/en/monsters
hirabami,MHWilds,tolerance_paralysis,180,status build-up points,https://raw.githubusercontent.com/robomeche/MHWilds-Database/main/monster/assets/json/MHWilds_Data_compact.json.gz
hirabami,MHWilds,tolerance_poison,100,status build-up points,https://raw.githubusercontent.com/robomeche/MHWilds-Database/main/monster/assets/json/MHWilds_Data_compact.json.gz
hirabami,MHWilds,tolerance_sleep,100,status build-up points,https://raw.githubusercontent.com/robomeche/MHWilds-Database/main/monster/assets/json/MHWilds_Data_compact.json.gz
hirabami,MHWilds,tolerance_stun,120,stun (KO) build-up points,https://raw.githubusercontent.com/robomeche/MHWilds-Database/main/monster/assets/json/MHWilds_Data_compact.json.gz
hypnocatrice,MHFU,base_hp,1430,"HP points (raw, min of appear[].health across quests)",https://raw.githubusercontent.com/Kolyn090/mhfu-db/394b2f99a9d56c83153d9dc045e207334bbd1095/Monsters/stats.json
hypnocatrice,MHFU,enrage_attack_mult,1.4,multiplier (x),https://raw.githubusercontent.com/Kolyn090/mhfu-db/394b2f99a9d56c83153d9dc045e207334bbd1095/Monsters/stats.json
hypnocatrice,MHFU,head_stagger,80,flinch/stagger damage threshold (raw),https://raw.githubusercontent.com/Kolyn090/mhfu-db/394b2f99a9d56c83153d9dc045e207334bbd1095/Monsters/basic-parts-duration.json
hypnocatrice,MHFU,hitzone_max_raw,65,"percent (raw hitzone, external non-conditional parts, max of slash/strike/shooting)",https://raw.githubusercontent.com/Kolyn090/mhfu-db/394b2f99a9d56c83153d9dc045e207334bbd1095/Monsters/weapon-effectiveness.json
hypnocatrice,MHFU,size_base,834.9,cm,https://raw.githubusercontent.com/Kolyn090/mhfu-db/394b2f99a9d56c83153d9dc045e207334bbd1095/Monsters/size.json
hypnocatrice,MHFU,size_gold,1010.2,cm,https://raw.githubusercontent.com/Kolyn090/mhfu-db/394b2f99a9d56c83153d9dc045e207334bbd1095/Monsters/size.json
hypnocatrice,MHFU,tolerance_paralysis,100,status build-up points,https://raw.githubusercontent.com/Kolyn090/mhfu-db/394b2f99a9d56c83153d9dc045e207334bbd1095/Monsters/status-effectiveness.json
hypnocatrice,MHFU,tolerance_poison,100,status build-up points,https://raw.githubusercontent.com/Kolyn090/mhfu-db/394b2f99a9d56c83153d9dc045e207334bbd1095/Monsters/status-effectiveness.json
hypnocatrice,MHFU,tolerance_sleep,110,status build-up points,https://raw.githubusercontent.com/Kolyn090/mhfu-db/394b2f99a9d56c83153d9dc045e207334bbd1095/Monsters/status-effectiveness.json
hypnocatrice,MHFU,tolerance_stun,100,status build-up points,https://raw.githubusercontent.com/Kolyn090/mhfu-db/394b2f99a9d56c83153d9dc045e207334bbd1095/Monsters/status-effectiveness.json
iodrome,MH4U,base_hp,3500,HP,https://kiranico.com/en/mh4u/monster/iodrome
iodrome,MHGU,base_hp,3500,HP,https://raw.githubusercontent.com/gatheringhallstudios/MHGenDatabase/master/app/src/main/assets/databases/mhgu.db.zip
iodrome,MH4U,enrage_attack_mult,1.4,multiplier,https://kiranico.com/en/mh4u/monster/iodrome
iodrome,MH4U,enrage_duration,60,seconds,https://kiranico.com/en/mh4u/monster/iodrome
iodrome,MH4U,enrage_speed_mult,1.1,multiplier,https://kiranico.com/en/mh4u/monster/iodrome
iodrome,MH4U,head_stagger,120,damage,https://kiranico.com/en/mh4u/monster/iodrome
iodrome,MHGU,head_stagger,120,stagger threshold (raw),https://mhgu.kiranico.com/monster/69846
iodrome,MH4U,hitzone_max_raw,60,hitzone %,https://kiranico.com/en/mh4u/monster/iodrome
iodrome,MHGU,hitzone_max_raw,60,raw hitzone percent (max over all Kiranico GU states),https://mhgu.kiranico.com/monster/69846
iodrome,MH4U,size_base,911.70437139154,cm,https://kiranico.com/en/mh4u/monster/iodrome
iodrome,MHGU,size_base,911.7,cm,https://mhgu.kiranico.com/monster/69846
iodrome,MH4U,size_gold,1121.4,cm,https://kiranico.com/en/mh4u/monster/iodrome
iodrome,MHGU,size_gold,1121.39,cm,https://mhgu.kiranico.com/monster/69846
iodrome,MH4U,tolerance_paralysis,80,status build-up points,https://kiranico.com/en/mh4u/monster/iodrome
iodrome,MHGU,tolerance_paralysis,80,status build-up points,https://raw.githubusercontent.com/gatheringhallstudios/MHGenDatabase/master/app/src/main/assets/databases/mhgu.db.zip
iodrome,MH4U,tolerance_poison,200,status build-up points,https://kiranico.com/en/mh4u/monster/iodrome
iodrome,MHGU,tolerance_poison,200,status build-up points,https://raw.githubusercontent.com/gatheringhallstudios/MHGenDatabase/master/app/src/main/assets/databases/mhgu.db.zip
iodrome,MH4U,tolerance_sleep,120,status build-up points,https://kiranico.com/en/mh4u/monster/iodrome
iodrome,MHGU,tolerance_sleep,120,status build-up points,https://raw.githubusercontent.com/gatheringhallstudios/MHGenDatabase/master/app/src/main/assets/databases/mhgu.db.zip
iodrome,MH4U,tolerance_stun,120,status build-up points,https://kiranico.com/en/mh4u/monster/iodrome
iodrome,MHGU,tolerance_stun,120,status build-up points,https://raw.githubusercontent.com/gatheringhallstudios/MHGenDatabase/master/app/src/main/assets/databases/mhgu.db.zip
ivory-lagiacrus,MH3U,enrage_attack_mult,1.25,multiplier,http://mh3g.org/book/ragiakurusu-b.html
ivory-lagiacrus,MH3U,enrage_duration,120,seconds,http://mh3g.org/book/ragiakurusu-b.html
ivory-lagiacrus,MH3U,enrage_speed_mult,1.2,multiplier,http://mh3g.org/book/ragiakurusu-b.html
ivory-lagiacrus,MH3U,hitzone_max_raw,55,"raw hitzone % (max of cut/impact/shot, sentinels excluded)",https://raw.githubusercontent.com/dbooga/MonsterHunter3UDatabase/master/MonsterHunter3UDatabase/assets/mh3u.sqlite
ivory-lagiacrus,MH3U,size_base,2648.5,cm,https://monsterhunterwiki.org/wiki/Ivory_Lagiacrus_(MH3U)
ivory-lagiacrus,MH3U,size_gold,3257.65,cm,https://monsterhunterwiki.org/wiki/Ivory_Lagiacrus_(MH3U)
jade-barroth,MH3U,enrage_attack_mult,1.3,multiplier,http://mh3g.org/book/boruborosu-b.html
jade-barroth,MH3U,enrage_duration,60,seconds,http://mh3g.org/book/boruborosu-b.html
jade-barroth,MH3U,enrage_speed_mult,1.2,multiplier,http://mh3g.org/book/boruborosu-b.html
jade-barroth,MH3U,head_stagger,150,damage points (village-quest base),http://mh3g.org/book/boruborosu-b.html
jade-barroth,MH3U,hitzone_max_raw,45,"raw hitzone % (max of cut/impact/shot, sentinels excluded)",https://raw.githubusercontent.com/dbooga/MonsterHunter3UDatabase/master/MonsterHunter3UDatabase/assets/mh3u.sqlite
jade-barroth,MH3U,size_base,1406.7,cm,https://monsterhunterwiki.org/wiki/Jade_Barroth_(MH3U)
jade-barroth,MH3U,size_gold,1730.24,cm,https://monsterhunterwiki.org/wiki/Jade_Barroth_(MH3U)
jade-barroth,MH3U,tolerance_paralysis,200,status build-up points (village base),http://mh3g.trigwiki.jp/data/924.html
jade-barroth,MH3U,tolerance_poison,150,status build-up points (village base),http://mh3g.trigwiki.jp/data/924.html
jade-barroth,MH3U,tolerance_sleep,200,status build-up points (village base),http://mh3g.trigwiki.jp/data/924.html
jade-barroth,MH3U,tolerance_stun,120,status build-up points (village base),http://mh3g.trigwiki.jp/data/924.html
jhen-mohran,MH3U,enrage_attack_mult,1.2,multiplier,http://mh3g.org/book/jienmooran.html
jhen-mohran,MH3U,enrage_speed_mult,1,multiplier,http://mh3g.org/book/jienmooran.html
jhen-mohran,MH3U,head_stagger,600,damage points (village-quest base),http://mh3g.org/book/jienmooran.html
jhen-mohran,MH3U,hitzone_max_raw,90,"raw hitzone % (max of cut/impact/shot, sentinels excluded)",https://raw.githubusercontent.com/dbooga/MonsterHunter3UDatabase/master/MonsterHunter3UDatabase/assets/mh3u.sqlite
jin-dahaad,MHWilds,base_hp,7400,HP points,https://wilds.mhdb.io/en/monsters
jin-dahaad,MHWilds,enrage_attack_mult,1.2,multiplier (High Rank),https://raw.githubusercontent.com/robomeche/MHWilds-Database/main/monster/assets/json/MHWilds_Data_compact.json.gz
jin-dahaad,MHWilds,enrage_duration,120,seconds (High Rank),https://raw.githubusercontent.com/robomeche/MHWilds-Database/main/monster/assets/json/MHWilds_Data_compact.json.gz
jin-dahaad,MHWilds,enrage_speed_mult,1.12,motion-speed multiplier (High Rank),https://raw.githubusercontent.com/robomeche/MHWilds-Database/main/monster/assets/json/MHWilds_Data_compact.json.gz
jin-dahaad,MHWilds,enrage_trigger,2000,damage points (High Rank),https://raw.githubusercontent.com/robomeche/MHWilds-Database/main/monster/assets/json/MHWilds_Data_compact.json.gz
jin-dahaad,MHWilds,head_stagger,350,damage points (base),https://raw.githubusercontent.com/robomeche/MHWilds-Database/main/monster/assets/json/MHWilds_Data_compact.json.gz
jin-dahaad,MHWilds,hitzone_max_raw,75,"percent (robomeche Meat, default state max)",https://raw.githubusercontent.com/robomeche/MHWilds-Database/main/monster/assets/json/MHWilds_Data_compact.json.gz
jin-dahaad,MHWilds,size_base,4560.894,cm,https://wilds.mhdb.io/en/monsters
jin-dahaad,MHWilds,size_gold,5609.9,cm,https://wilds.mhdb.io/en/monsters
jin-dahaad,MHWilds,tolerance_paralysis,300,status build-up points,https://raw.githubusercontent.com/robomeche/MHWilds-Database/main/monster/assets/json/MHWilds_Data_compact.json.gz
jin-dahaad,MHWilds,tolerance_poison,250,status build-up points,https://raw.githubusercontent.com/robomeche/MHWilds-Database/main/monster/assets/json/MHWilds_Data_compact.json.gz
jin-dahaad,MHWilds,tolerance_sleep,250,status build-up points,https://raw.githubusercontent.com/robomeche/MHWilds-Database/main/monster/assets/json/MHWilds_Data_compact.json.gz
jin-dahaad,MHWilds,tolerance_stun,200,stun (KO) build-up points,https://raw.githubusercontent.com/robomeche/MHWilds-Database/main/monster/assets/json/MHWilds_Data_compact.json.gz
jyuratodus,MHRS,base_hp,4500,"HP (base_hp_vital, LR/HR)",https://mhrice.info/mhrice.json
jyuratodus,MHRS,enrage_attack_mult,1.2,multiplier,https://mhrice.info/mhrice.json
jyuratodus,MHRS,enrage_duration,60,seconds,https://mhrice.info/mhrice.json
jyuratodus,MHRS,enrage_speed_mult,1.08,motion-rate multiplier,https://mhrice.info/mhrice.json
jyuratodus,MHRS,enrage_trigger,800,damage points (High Rank),https://mhrice.info/mhrice.json
jyuratodus,MHRS,head_stagger,150,"part vital (flinch value, LR/HR)",https://mhrice.info/mhrice.json
jyuratodus,MHRS,hitzone_max_raw,63,hitzone percent (max over all parts and phases),https://mhrice.info/mhrice.json
jyuratodus,MHRS,move_power_max,70,raw damage (max base_damage),https://mhrice.info/mhrice.json
jyuratodus,MHRS,size_base,1508.71,cm,https://mhrice.info/mhrice.json
jyuratodus,MHRS,size_gold,1855.7133000000001,cm (base_size * king_boarder),https://mhrice.info/mhrice.json
jyuratodus,MHRS,tolerance_paralysis,180,status build-up points,https://mhrice.info/mhrice.json
jyuratodus,MHRS,tolerance_poison,150,status build-up points,https://mhrice.info/mhrice.json
jyuratodus,MHRS,tolerance_sleep,250,status build-up points,https://mhrice.info/mhrice.json
jyuratodus,MHRS,tolerance_stun,100,status build-up points,https://mhrice.info/mhrice.json
kecha-wacha,MH4U,base_hp,3800,HP,https://kiranico.com/en/mh4u/monster/kecha-wacha
kecha-wacha,MHGU,base_hp,3800,HP,https://raw.githubusercontent.com/gatheringhallstudios/MHGenDatabase/master/app/src/main/assets/databases/mhgu.db.zip
kecha-wacha,MH4U,enrage_attack_mult,1.2,multiplier,https://kiranico.com/en/mh4u/monster/kecha-wacha
kecha-wacha,MH4U,enrage_duration,90,seconds,https://kiranico.com/en/mh4u/monster/kecha-wacha
kecha-wacha,MH4U,enrage_speed_mult,1.1,multiplier,https://kiranico.com/en/mh4u/monster/kecha-wacha
kecha-wacha,MH4U,head_stagger,160,damage,https://kiranico.com/en/mh4u/monster/kecha-wacha
kecha-wacha,MHGU,head_stagger,160,stagger threshold (raw),https://mhgu.kiranico.com/monster/6a756
kecha-wacha,MH4U,hitzone_max_raw,70,hitzone %,https://kiranico.com/en/mh4u/monster/kecha-wacha
kecha-wacha,MHGU,hitzone_max_raw,70,raw hitzone percent (max over all Kiranico GU states),https://mhgu.kiranico.com/monster/6a756
kecha-wacha,MH4U,size_base,886.1111111111111,cm,https://kiranico.com/en/mh4u/monster/kecha-wacha
kecha-wacha,MHGU,size_base,886.1,cm,https://mhgu.kiranico.com/monster/6a756
kecha-wacha,MH4U,size_gold,1010.2,cm,https://kiranico.com/en/mh4u/monster/kecha-wacha
kecha-wacha,MHGU,size_gold,1010.15,cm,https://mhgu.kiranico.com/monster/6a756
kecha-wacha,MH4U,tolerance_paralysis,150,status build-up points,https://kiranico.com/en/mh4u/monster/kecha-wacha
kecha-wacha,MHGU,tolerance_paralysis,150,status build-up points,https://raw.githubusercontent.com/gatheringhallstudios/MHGenDatabase/master/app/src/main/assets/databases/mhgu.db.zip
kecha-wacha,MH4U,tolerance_poison,150,status build-up points,https://kiranico.com/en/mh4u/monster/kecha-wacha
kecha-wacha,MHGU,tolerance_poison,150,status build-up points,https://raw.githubusercontent.com/gatheringhallstudios/MHGenDatabase/master/app/src/main/assets/databases/mhgu.db.zip
kecha-wacha,MH4U,tolerance_sleep,150,status build-up points,https://kiranico.com/en/mh4u/monster/kecha-wacha
kecha-wacha,MHGU,tolerance_sleep,150,status build-up points,https://raw.githubusercontent.com/gatheringhallstudios/MHGenDatabase/master/app/src/main/assets/databases/mhgu.db.zip
kecha-wacha,MH4U,tolerance_stun,150,status build-up points,https://kiranico.com/en/mh4u/monster/kecha-wacha
kecha-wacha,MHGU,tolerance_stun,150,status build-up points,https://raw.githubusercontent.com/gatheringhallstudios/MHGenDatabase/master/app/src/main/assets/databases/mhgu.db.zip
khezu,MH4U,base_hp,4500,HP,https://kiranico.com/en/mh4u/monster/khezu
khezu,MHGU,base_hp,4500,HP,https://raw.githubusercontent.com/gatheringhallstudios/MHGenDatabase/master/app/src/main/assets/databases/mhgu.db.zip
khezu,MHRS,base_hp,4200,"HP (base_hp_vital, LR/HR)",https://mhrice.info/mhrice.json
khezu,MH4U,enrage_attack_mult,1.4,multiplier,https://kiranico.com/en/mh4u/monster/khezu
khezu,MHRS,enrage_attack_mult,1.3,multiplier,https://mhrice.info/mhrice.json
khezu,MH4U,enrage_duration,60,seconds,https://kiranico.com/en/mh4u/monster/khezu
khezu,MHRS,enrage_duration,60,seconds,https://mhrice.info/mhrice.json
khezu,MH4U,enrage_speed_mult,1.3,multiplier,https://kiranico.com/en/mh4u/monster/khezu
khezu,MHRS,enrage_speed_mult,1.3,motion-rate multiplier,https://mhrice.info/mhrice.json
khezu,MHRS,enrage_trigger,800,damage points (High Rank),https://mhrice.info/mhrice.json
khezu,MH4U,head_stagger,240,damage,https://kiranico.com/en/mh4u/monster/khezu
khezu,MHGU,head_stagger,200,stagger threshold (raw),https://mhgu.kiranico.com/monster/d6d86
khezu,MHRS,head_stagger,200,"part vital (flinch value, LR/HR)",https://mhrice.info/mhrice.json
khezu,MH4U,hitzone_max_raw,80,hitzone %,https://kiranico.com/en/mh4u/monster/khezu
khezu,MHGU,hitzone_max_raw,80,raw hitzone percent (max over all Kiranico GU states),https://mhgu.kiranico.com/monster/d6d86
khezu,MHRS,hitzone_max_raw,80,hitzone percent (max over all parts and phases),https://mhrice.info/mhrice.json
khezu,MHRS,move_power_max,70,raw damage (max base_damage),https://mhrice.info/mhrice.json
khezu,MH4U,size_base,871.8888888888889,cm,https://kiranico.com/en/mh4u/monster/khezu
khezu,MHGU,size_base,871.9,cm,https://mhgu.kiranico.com/monster/d6d86
khezu,MHRS,size_base,881.28,cm,https://mhrice.info/mhrice.json
khezu,MH4U,size_gold,994,cm,https://kiranico.com/en/mh4u/monster/khezu
khezu,MHGU,size_gold,993.97,cm,https://mhgu.kiranico.com/monster/d6d86
khezu,MHRS,size_gold,1004.6591999999998,cm (base_size * king_boarder),https://mhrice.info/mhrice.json
khezu,MH4U,tolerance_paralysis,200,status build-up points,https://kiranico.com/en/mh4u/monster/khezu
khezu,MHGU,tolerance_paralysis,200,status build-up points,https://raw.githubusercontent.com/gatheringhallstudios/MHGenDatabase/master/app/src/main/assets/databases/mhgu.db.zip
khezu,MHRS,tolerance_paralysis,300,status build-up points,https://mhrice.info/mhrice.json
khezu,MH4U,tolerance_poison,110,status build-up points,https://kiranico.com/en/mh4u/monster/khezu
khezu,MHGU,tolerance_poison,110,status build-up points,https://raw.githubusercontent.com/gatheringhallstudios/MHGenDatabase/master/app/src/main/assets/databases/mhgu.db.zip
khezu,MHRS,tolerance_poison,100,status build-up points,https://mhrice.info/mhrice.json
khezu,MH4U,tolerance_sleep,200,status build-up points,https://kiranico.com/en/mh4u/monster/khezu
khezu,MHGU,tolerance_sleep,200,status build-up points,https://raw.githubusercontent.com/gatheringhallstudios/MHGenDatabase/master/app/src/main/assets/databases/mhgu.db.zip
khezu,MHRS,tolerance_sleep,150,status build-up points,https://mhrice.info/mhrice.json
khezu,MH4U,tolerance_stun,200,status build-up points,https://kiranico.com/en/mh4u/monster/khezu
khezu,MHGU,tolerance_stun,200,status build-up points,https://raw.githubusercontent.com/gatheringhallstudios/MHGenDatabase/master/app/src/main/assets/databases/mhgu.db.zip
khezu,MHRS,tolerance_stun,120,status build-up points,https://mhrice.info/mhrice.json
king-shakalaka,MHFU,base_hp,680,"HP points (raw, min of appear[].health across quests)",https://raw.githubusercontent.com/Kolyn090/mhfu-db/394b2f99a9d56c83153d9dc045e207334bbd1095/Monsters/stats.json
king-shakalaka,MHFU,enrage_attack_mult,1.4,multiplier (x),https://raw.githubusercontent.com/Kolyn090/mhfu-db/394b2f99a9d56c83153d9dc045e207334bbd1095/Monsters/stats.json
king-shakalaka,MHFU,hitzone_max_raw,40,"percent (raw hitzone, external non-conditional parts, max of slash/strike/shooting)",https://raw.githubusercontent.com/Kolyn090/mhfu-db/394b2f99a9d56c83153d9dc045e207334bbd1095/Monsters/weapon-effectiveness.json
king-shakalaka,MHFU,tolerance_paralysis,150,status build-up points,https://raw.githubusercontent.com/Kolyn090/mhfu-db/394b2f99a9d56c83153d9dc045e207334bbd1095/Monsters/status-effectiveness.json
king-shakalaka,MHFU,tolerance_poison,100,status build-up points,https://raw.githubusercontent.com/Kolyn090/mhfu-db/394b2f99a9d56c83153d9dc045e207334bbd1095/Monsters/status-effectiveness.json
king-shakalaka,MHFU,tolerance_sleep,100,status build-up points,https://raw.githubusercontent.com/Kolyn090/mhfu-db/394b2f99a9d56c83153d9dc045e207334bbd1095/Monsters/status-effectiveness.json
king-shakalaka,MHFU,tolerance_stun,150,status build-up points,https://raw.githubusercontent.com/Kolyn090/mhfu-db/394b2f99a9d56c83153d9dc045e207334bbd1095/Monsters/status-effectiveness.json
kirin,MH4U,base_hp,3200,HP,https://kiranico.com/en/mh4u/monster/kirin
kirin,MHGU,base_hp,3200,HP,https://raw.githubusercontent.com/gatheringhallstudios/MHGenDatabase/master/app/src/main/assets/databases/mhgu.db.zip
kirin,MHWorld,base_hp,3350,HP,https://mhworld.kiranico.com/en/monsters/BQruK/kirin
kirin,MH4U,enrage_attack_mult,1.5,multiplier,https://kiranico.com/en/mh4u/monster/kirin
kirin,MHWorld,enrage_attack_mult,1.2,"multiplier (Low Rank/High Rank column, not Master Rank)",https://mhworld.kiranico.com/en/monsters/BQruK/kirin
kirin,MH4U,enrage_duration,90,seconds,https://kiranico.com/en/mh4u/monster/kirin
kirin,MHWorld,enrage_duration,150,"seconds (Low Rank/High Rank column, not Master Rank)",https://mhworld.kiranico.com/en/monsters/BQruK/kirin
kirin,MH4U,enrage_speed_mult,1.1,multiplier,https://kiranico.com/en/mh4u/monster/kirin
kirin,MHWorld,enrage_speed_mult,1.05,"multiplier (Low Rank/High Rank column, not Master Rank)",https://mhworld.kiranico.com/en/monsters/BQruK/kirin
kirin,MHWorld,enrage_trigger,200,"damage points (Low Rank/High Rank column, not Master Rank)",https://mhworld.kiranico.com/en/monsters/BQruK/kirin
kirin,MH4U,head_stagger,250,damage,https://kiranico.com/en/mh4u/monster/kirin
kirin,MHGU,head_stagger,250,stagger threshold (raw),https://mhgu.kiranico.com/monster/63d06
kirin,MHWorld,head_stagger,200,"damage (Part Breakability, exact ""Head"" row)",https://mhworld.kiranico.com/en/monsters/BQruK/kirin
kirin,MH4U,hitzone_max_raw,40,hitzone %,https://kiranico.com/en/mh4u/monster/kirin
kirin,MHGU,hitzone_max_raw,50,raw hitzone percent (max over all Kiranico GU states),https://mhgu.kiranico.com/monster/63d06
kirin,MHWorld,hitzone_max_raw,55,"raw hitzone % (max sever/blunt/shot over LR/HR Physiology rows, including state-variant parts e.g. ""Head (White)"", excluding Master Rank override rows)",https://mhworld.kiranico.com/en/monsters/BQruK/kirin
kirin,MHWorld,move_power_max,50,motion value (max over Monster Attacks rows; poedb only lists a subset so is not used here),https://mhworld.kiranico.com/en/monsters/BQruK/kirin
kirin,MH4U,size_base,549.7777777777778,cm,https://kiranico.com/en/mh4u/monster/kirin
kirin,MHGU,size_base,549.8,cm,https://mhgu.kiranico.com/monster/63d06
kirin,MHWorld,size_base,536.26,cm (poedb Base; never derived as gold/1.23 — crown thresholds are per-monster),https://mhw.poedb.tw/eng/monster/14/Kirin
kirin,MH4U,size_gold,676.3,cm,https://kiranico.com/en/mh4u/monster/kirin
kirin,MHGU,size_gold,676.25,cm,https://mhgu.kiranico.com/monster/63d06
kirin,MHWorld,size_gold,659.6,cm (gold crown threshold),https://mhworld.kiranico.com/en/monsters/BQruK/kirin
kirin,MH4U,tolerance_poison,200,status build-up points,https://kiranico.com/en/mh4u/monster/kirin
kirin,MHGU,tolerance_poison,200,status build-up points,https://raw.githubusercontent.com/gatheringhallstudios/MHGenDatabase/master/app/src/main/assets/databases/mhgu.db.zip
kirin,MHWorld,tolerance_poison,250,status build-up points,https://mhworld.kiranico.com/en/monsters/BQruK/kirin
kirin,MH4U,tolerance_sleep,200,status build-up points,https://kiranico.com/en/mh4u/monster/kirin
kirin,MHGU,tolerance_sleep,200,status build-up points,https://raw.githubusercontent.com/gatheringhallstudios/MHGenDatabase/master/app/src/main/assets/databases/mhgu.db.zip
kirin,MHWorld,tolerance_sleep,150,status build-up points,https://mhworld.kiranico.com/en/monsters/BQruK/kirin
kirin,MH4U,tolerance_stun,150,status build-up points,https://kiranico.com/en/mh4u/monster/kirin
kirin,MHGU,tolerance_stun,150,status build-up points,https://raw.githubusercontent.com/gatheringhallstudios/MHGenDatabase/master/app/src/main/assets/databases/mhgu.db.zip
kirin,MHWorld,tolerance_stun,200,status build-up points,https://mhworld.kiranico.com/en/monsters/BQruK/kirin
kulu-ya-ku,MHRS,base_hp,3300,"HP (base_hp_vital, LR/HR)",https://mhrice.info/mhrice.json
kulu-ya-ku,MHRS,enrage_attack_mult,1.2,multiplier,https://mhrice.info/mhrice.json
kulu-ya-ku,MHRS,enrage_duration,100,seconds,https://mhrice.info/mhrice.json
kulu-ya-ku,MHRS,enrage_speed_mult,1.05,motion-rate multiplier,https://mhrice.info/mhrice.json
kulu-ya-ku,MHRS,enrage_trigger,900,damage points (High Rank),https://mhrice.info/mhrice.json
kulu-ya-ku,MHRS,head_stagger,250,"part vital (flinch value, LR/HR)",https://mhrice.info/mhrice.json
kulu-ya-ku,MHRS,hitzone_max_raw,68,hitzone percent (max over all parts and phases),https://mhrice.info/mhrice.json
kulu-ya-ku,MHRS,move_power_max,80,raw damage (max base_damage),https://mhrice.info/mhrice.json
kulu-ya-ku,MHRS,size_base,901.24,cm,https://mhrice.info/mhrice.json
kulu-ya-ku,MHRS,size_gold,1108.5252,cm (base_size * king_boarder),https://mhrice.info/mhrice.json
kulu-ya-ku,MHRS,tolerance_paralysis,180,status build-up points,https://mhrice.info/mhrice.json
kulu-ya-ku,MHRS,tolerance_poison,150,status build-up points,https://mhrice.info/mhrice.json
kulu-ya-ku,MHRS,tolerance_sleep,150,status build-up points,https://mhrice.info/mhrice.json
kulu-ya-ku,MHRS,tolerance_stun,100,status build-up points,https://mhrice.info/mhrice.json
kulve-taroth,MHWorld,base_hp,30000,HP,https://mhworld.kiranico.com/en/monsters/5xbCn/kulve-taroth
kulve-taroth,MHWorld,enrage_attack_mult,1.15,"multiplier (Low Rank/High Rank column, not Master Rank)",https://mhworld.kiranico.com/en/monsters/5xbCn/kulve-taroth
kulve-taroth,MHWorld,enrage_duration,150,"seconds (Low Rank/High Rank column, not Master Rank)",https://mhworld.kiranico.com/en/monsters/5xbCn/kulve-taroth
kulve-taroth,MHWorld,enrage_speed_mult,1.15,"multiplier (Low Rank/High Rank column, not Master Rank)",https://mhworld.kiranico.com/en/monsters/5xbCn/kulve-taroth
kulve-taroth,MHWorld,enrage_trigger,1500,"damage points (Low Rank/High Rank column, not Master Rank)",https://mhworld.kiranico.com/en/monsters/5xbCn/kulve-taroth
kulve-taroth,MHWorld,hitzone_max_raw,85,"raw hitzone % (max sever/blunt/shot over LR/HR Physiology rows, including state-variant parts e.g. ""Head (White)"", excluding Master Rank override rows)",https://mhworld.kiranico.com/en/monsters/5xbCn/kulve-taroth
kulve-taroth,MHWorld,move_power_max,110,motion value (max over Monster Attacks rows; poedb only lists a subset so is not used here),https://mhworld.kiranico.com/en/monsters/5xbCn/kulve-taroth
kulve-taroth,MHWorld,size_base,4573.25,cm (poedb Base; never derived as gold/1.23 — crown thresholds are per-monster),https://mhw.poedb.tw/eng/monster/38/Kulve%20Taroth
kulve-taroth,MHWorld,size_gold,5625.1,cm (gold crown threshold),https://mhworld.kiranico.com/en/monsters/5xbCn/kulve-taroth
kulve-taroth,MHWorld,tolerance_paralysis,150,status build-up points,https://mhworld.kiranico.com/en/monsters/5xbCn/kulve-taroth
kulve-taroth,MHWorld,tolerance_poison,150,status build-up points,https://mhworld.kiranico.com/en/monsters/5xbCn/kulve-taroth
kulve-taroth,MHWorld,tolerance_sleep,150,status build-up points,https://mhworld.kiranico.com/en/monsters/5xbCn/kulve-taroth
kulve-taroth,MHWorld,tolerance_stun,200,status build-up points,https://mhworld.kiranico.com/en/monsters/5xbCn/kulve-taroth
kushala-daora,MH4U,base_hp,4200,HP,https://kiranico.com/en/mh4u/monster/kushala-daora
kushala-daora,MHGU,base_hp,4200,HP,https://raw.githubusercontent.com/gatheringhallstudios/MHGenDatabase/master/app/src/main/assets/databases/mhgu.db.zip
kushala-daora,MHRS,base_hp,4500,"HP (base_hp_vital, LR/HR)",https://mhrice.info/mhrice.json
kushala-daora,MH4U,enrage_attack_mult,1.3,multiplier,https://kiranico.com/en/mh4u/monster/kushala-daora
kushala-daora,MHRS,enrage_attack_mult,1.05,multiplier,https://mhrice.info/mhrice.json
kushala-daora,MH4U,enrage_duration,80,seconds,https://kiranico.com/en/mh4u/monster/kushala-daora
kushala-daora,MHRS,enrage_duration,80,seconds,https://mhrice.info/mhrice.json
kushala-daora,MH4U,enrage_speed_mult,1.1,multiplier,https://kiranico.com/en/mh4u/monster/kushala-daora
kushala-daora,MHRS,enrage_speed_mult,1.05,motion-rate multiplier,https://mhrice.info/mhrice.json
kushala-daora,MHRS,enrage_trigger,1450,damage points (High Rank),https://mhrice.info/mhrice.json
kushala-daora,MH4U,head_stagger,260,damage,https://kiranico.com/en/mh4u/monster/kushala-daora
kushala-daora,MHGU,head_stagger,260,stagger threshold (raw),https://mhgu.kiranico.com/monster/6ebb6
kushala-daora,MHRS,head_stagger,220,"part vital (flinch value, LR/HR)",https://mhrice.info/mhrice.json
kushala-daora,MH4U,hitzone_max_raw,50,hitzone %,https://kiranico.com/en/mh4u/monster/kushala-daora
kushala-daora,MHGU,hitzone_max_raw,50,raw hitzone percent (max over all Kiranico GU states),https://mhgu.kiranico.com/monster/6ebb6
kushala-daora,MHRS,hitzone_max_raw,60,hitzone percent (max over all parts and phases),https://mhrice.info/mhrice.json
kushala-daora,MHRS,move_power_max,100,raw damage (max base_damage),https://mhrice.info/mhrice.json
kushala-daora,MH4U,size_base,1801.3128313891832,cm,https://kiranico.com/en/mh4u/monster/kushala-daora
kushala-daora,MHGU,size_base,1801.3,cm,https://mhgu.kiranico.com/monster/6ebb6
kushala-daora,MHRS,size_base,1913.13,cm,https://mhrice.info/mhrice.json
kushala-daora,MH4U,size_gold,2215.6,cm,https://kiranico.com/en/mh4u/monster/kushala-daora
kushala-daora,MHGU,size_gold,2215.6,cm,https://mhgu.kiranico.com/monster/6ebb6
kushala-daora,MHRS,size_gold,2353.1499,cm (base_size * king_boarder),https://mhrice.info/mhrice.json
kushala-daora,MH4U,tolerance_paralysis,200,status build-up points,https://kiranico.com/en/mh4u/monster/kushala-daora
kushala-daora,MHGU,tolerance_paralysis,200,status build-up points,https://raw.githubusercontent.com/gatheringhallstudios/MHGenDatabase/master/app/src/main/assets/databases/mhgu.db.zip
kushala-daora,MHRS,tolerance_paralysis,300,status build-up points,https://mhrice.info/mhrice.json
kushala-daora,MH4U,tolerance_poison,150,status build-up points,https://kiranico.com/en/mh4u/monster/kushala-daora
kushala-daora,MHGU,tolerance_poison,150,status build-up points,https://raw.githubusercontent.com/gatheringhallstudios/MHGenDatabase/master/app/src/main/assets/databases/mhgu.db.zip
kushala-daora,MHRS,tolerance_poison,180,status build-up points,https://mhrice.info/mhrice.json
kushala-daora,MH4U,tolerance_sleep,200,status build-up points,https://kiranico.com/en/mh4u/monster/kushala-daora
kushala-daora,MHGU,tolerance_sleep,200,status build-up points,https://raw.githubusercontent.com/gatheringhallstudios/MHGenDatabase/master/app/src/main/assets/databases/mhgu.db.zip
kushala-daora,MHRS,tolerance_sleep,250,status build-up points,https://mhrice.info/mhrice.json
kushala-daora,MH4U,tolerance_stun,150,status build-up points,https://kiranico.com/en/mh4u/monster/kushala-daora
kushala-daora,MHGU,tolerance_stun,150,status build-up points,https://raw.githubusercontent.com/gatheringhallstudios/MHGenDatabase/master/app/src/main/assets/databases/mhgu.db.zip
kushala-daora,MHRS,tolerance_stun,150,status build-up points,https://mhrice.info/mhrice.json
lagiacrus,MHGU,base_hp,5000,HP,https://raw.githubusercontent.com/gatheringhallstudios/MHGenDatabase/master/app/src/main/assets/databases/mhgu.db.zip
lagiacrus,MHWilds,base_hp,5600,HP points,https://wilds.mhdb.io/en/monsters
lagiacrus,MHWilds,enrage_attack_mult,1.15,multiplier (High Rank),https://raw.githubusercontent.com/robomeche/MHWilds-Database/main/monster/assets/json/MHWilds_Data_compact.json.gz
lagiacrus,MHWilds,enrage_duration,120,seconds (High Rank),https://raw.githubusercontent.com/robomeche/MHWilds-Database/main/monster/assets/json/MHWilds_Data_compact.json.gz
lagiacrus,MHWilds,enrage_speed_mult,1.05,motion-speed multiplier (High Rank),https://raw.githubusercontent.com/robomeche/MHWilds-Database/main/monster/assets/json/MHWilds_Data_compact.json.gz
lagiacrus,MHWilds,enrage_trigger,1400,damage points (High Rank),https://raw.githubusercontent.com/robomeche/MHWilds-Database/main/monster/assets/json/MHWilds_Data_compact.json.gz
lagiacrus,MHGU,head_stagger,250,stagger threshold (raw),https://mhgu.kiranico.com/monster/68346
lagiacrus,MHWilds,head_stagger,850,damage points (base),https://raw.githubusercontent.com/robomeche/MHWilds-Database/main/monster/assets/json/MHWilds_Data_compact.json.gz
lagiacrus,MHGU,hitzone_max_raw,55,raw hitzone percent (max over all Kiranico GU states),https://mhgu.kiranico.com/monster/68346
lagiacrus,MHWilds,hitzone_max_raw,55,"percent (robomeche Meat, default state max)",https://raw.githubusercontent.com/robomeche/MHWilds-Database/main/monster/assets/json/MHWilds_Data_compact.json.gz
lagiacrus,MHGU,size_base,2648.58,cm,https://mhgu.kiranico.com/monster/68346
lagiacrus,MHWilds,size_base,2535.46,cm,https://wilds.mhdb.io/en/monsters
lagiacrus,MHGU,size_gold,3257.75,cm,https://mhgu.kiranico.com/monster/68346
lagiacrus,MHWilds,size_gold,2865.0698,cm,https://wilds.mhdb.io/en/monsters
lagiacrus,MHGU,tolerance_paralysis,150,status build-up points,https://raw.githubusercontent.com/gatheringhallstudios/MHGenDatabase/master/app/src/main/assets/databases/mhgu.db.zip
lagiacrus,MHWilds,tolerance_paralysis,300,status build-up points,https://raw.githubusercontent.com/robomeche/MHWilds-Database/main/monster/assets/json/MHWilds_Data_compact.json.gz
lagiacrus,MHGU,tolerance_poison,180,status build-up points,https://raw.githubusercontent.com/gatheringhallstudios/MHGenDatabase/master/app/src/main/assets/databases/mhgu.db.zip
lagiacrus,MHWilds,tolerance_poison,150,status build-up points,https://raw.githubusercontent.com/robomeche/MHWilds-Database/main/monster/assets/json/MHWilds_Data_compact.json.gz
lagiacrus,MHGU,tolerance_sleep,180,status build-up points,https://raw.githubusercontent.com/gatheringhallstudios/MHGenDatabase/master/app/src/main/assets/databases/mhgu.db.zip
lagiacrus,MHWilds,tolerance_sleep,150,status build-up points,https://raw.githubusercontent.com/robomeche/MHWilds-Database/main/monster/assets/json/MHWilds_Data_compact.json.gz
lagiacrus,MHGU,tolerance_stun,150,status build-up points,https://raw.githubusercontent.com/gatheringhallstudios/MHGenDatabase/master/app/src/main/assets/databases/mhgu.db.zip
lagiacrus,MHWilds,tolerance_stun,150,stun (KO) build-up points,https://raw.githubusercontent.com/robomeche/MHWilds-Database/main/monster/assets/json/MHWilds_Data_compact.json.gz
lagombi,MH4U,base_hp,3600,HP,https://kiranico.com/en/mh4u/monster/lagombi
lagombi,MHGU,base_hp,3600,HP,https://raw.githubusercontent.com/gatheringhallstudios/MHGenDatabase/master/app/src/main/assets/databases/mhgu.db.zip
lagombi,MHRS,base_hp,3600,"HP (base_hp_vital, LR/HR)",https://mhrice.info/mhrice.json
lagombi,MH4U,enrage_attack_mult,1.3,multiplier,https://kiranico.com/en/mh4u/monster/lagombi
lagombi,MHRS,enrage_attack_mult,1.15,multiplier,https://mhrice.info/mhrice.json
lagombi,MH4U,enrage_duration,30,seconds,https://kiranico.com/en/mh4u/monster/lagombi
lagombi,MHRS,enrage_duration,60,seconds,https://mhrice.info/mhrice.json
lagombi,MH4U,enrage_speed_mult,1.1,multiplier,https://kiranico.com/en/mh4u/monster/lagombi
lagombi,MHRS,enrage_speed_mult,1.05,motion-rate multiplier,https://mhrice.info/mhrice.json
lagombi,MHRS,enrage_trigger,550,damage points (High Rank),https://mhrice.info/mhrice.json
lagombi,MH4U,head_stagger,170,damage,https://kiranico.com/en/mh4u/monster/lagombi
lagombi,MHGU,head_stagger,170,stagger threshold (raw),https://mhgu.kiranico.com/monster/68a46
lagombi,MHRS,head_stagger,170,"part vital (flinch value, LR/HR)",https://mhrice.info/mhrice.json
lagombi,MH4U,hitzone_max_raw,63,hitzone %,https://kiranico.com/en/mh4u/monster/lagombi
lagombi,MHGU,hitzone_max_raw,63,raw hitzone percent (max over all Kiranico GU states),https://mhgu.kiranico.com/monster/68a46
lagombi,MHRS,hitzone_max_raw,63,hitzone percent (max over all parts and phases),https://mhrice.info/mhrice.json
lagombi,MHRS,move_power_max,60,raw damage (max base_damage),https://mhrice.info/mhrice.json
lagombi,MH4U,size_base,527.3182514433842,cm,https://kiranico.com/en/mh4u/monster/lagombi
lagombi,MHGU,size_base,527.3,cm,https://mhgu.kiranico.com/monster/68a46
lagombi,MHRS,size_base,525.11,cm,https://mhrice.info/mhrice.json
lagombi,MH4U,size_gold,648.6,cm,https://kiranico.com/en/mh4u/monster/lagombi
lagombi,MHGU,size_gold,648.58,cm,https://mhgu.kiranico.com/monster/68a46
lagombi,MHRS,size_gold,645.8853,cm (base_size * king_boarder),https://mhrice.info/mhrice.json
lagombi,MH4U,tolerance_paralysis,100,status build-up points,https://kiranico.com/en/mh4u/monster/lagombi
lagombi,MHGU,tolerance_paralysis,100,status build-up points,https://raw.githubusercontent.com/gatheringhallstudios/MHGenDatabase/master/app/src/main/assets/databases/mhgu.db.zip
lagombi,MHRS,tolerance_paralysis,130,status build-up points,https://mhrice.info/mhrice.json
lagombi,MH4U,tolerance_poison,150,status build-up points,https://kiranico.com/en/mh4u/monster/lagombi
lagombi,MHGU,tolerance_poison,150,status build-up points,https://raw.githubusercontent.com/gatheringhallstudios/MHGenDatabase/master/app/src/main/assets/databases/mhgu.db.zip
lagombi,MHRS,tolerance_poison,100,status build-up points,https://mhrice.info/mhrice.json
lagombi,MH4U,tolerance_sleep,200,status build-up points,https://kiranico.com/en/mh4u/monster/lagombi
lagombi,MHGU,tolerance_sleep,200,status build-up points,https://raw.githubusercontent.com/gatheringhallstudios/MHGenDatabase/master/app/src/main/assets/databases/mhgu.db.zip
lagombi,MHRS,tolerance_sleep,150,status build-up points,https://mhrice.info/mhrice.json
lagombi,MH4U,tolerance_stun,100,status build-up points,https://kiranico.com/en/mh4u/monster/lagombi
lagombi,MHGU,tolerance_stun,100,status build-up points,https://raw.githubusercontent.com/gatheringhallstudios/MHGenDatabase/master/app/src/main/assets/databases/mhgu.db.zip
lagombi,MHRS,tolerance_stun,100,status build-up points,https://mhrice.info/mhrice.json
lala-barina,MHWilds,base_hp,4000,HP points,https://wilds.mhdb.io/en/monsters
lala-barina,MHWilds,enrage_attack_mult,1.1,multiplier (High Rank),https://raw.githubusercontent.com/robomeche/MHWilds-Database/main/monster/assets/json/MHWilds_Data_compact.json.gz
lala-barina,MHWilds,enrage_duration,120,seconds (High Rank),https://raw.githubusercontent.com/robomeche/MHWilds-Database/main/monster/assets/json/MHWilds_Data_compact.json.gz
lala-barina,MHWilds,enrage_speed_mult,1.15,motion-speed multiplier (High Rank),https://raw.githubusercontent.com/robomeche/MHWilds-Database/main/monster/assets/json/MHWilds_Data_compact.json.gz
lala-barina,MHWilds,enrage_trigger,1200,damage points (High Rank),https://raw.githubusercontent.com/robomeche/MHWilds-Database/main/monster/assets/json/MHWilds_Data_compact.json.gz
lala-barina,MHWilds,head_stagger,300,damage points (base),https://raw.githubusercontent.com/robomeche/MHWilds-Database/main/monster/assets/json/MHWilds_Data_compact.json.gz
lala-barina,MHWilds,hitzone_max_raw,60,"percent (robomeche Meat, default state max)",https://raw.githubusercontent.com/robomeche/MHWilds-Database/main/monster/assets/json/MHWilds_Data_compact.json.gz
lala-barina,MHWilds,size_base,698.7456,cm,https://wilds.mhdb.io/en/monsters
lala-barina,MHWilds,size_gold,859.4571,cm,https://wilds.mhdb.io/en/monsters
lala-barina,MHWilds,tolerance_paralysis,300,status build-up points,https://raw.githubusercontent.com/robomeche/MHWilds-Database/main/monster/assets/json/MHWilds_Data_compact.json.gz
lala-barina,MHWilds,tolerance_poison,150,status build-up points,https://raw.githubusercontent.com/robomeche/MHWilds-Database/main/monster/assets/json/MHWilds_Data_compact.json.gz
lala-barina,MHWilds,tolerance_sleep,150,status build-up points,https://raw.githubusercontent.com/robomeche/MHWilds-Database/main/monster/assets/json/MHWilds_Data_compact.json.gz
lala-barina,MHWilds,tolerance_stun,100,stun (KO) build-up points,https://raw.githubusercontent.com/robomeche/MHWilds-Database/main/monster/assets/json/MHWilds_Data_compact.json.gz
lao-shan-lung,MHGU,base_hp,25000,HP,https://raw.githubusercontent.com/gatheringhallstudios/MHGenDatabase/master/app/src/main/assets/databases/mhgu.db.zip
lao-shan-lung,MHGU,head_stagger,800,stagger threshold (raw),https://mhgu.kiranico.com/monster/68e56
lao-shan-lung,MHGU,hitzone_max_raw,80,raw hitzone percent (max over all Kiranico GU states),https://mhgu.kiranico.com/monster/68e56
lao-shan-lung,MHGU,size_base,6959.79,cm,https://mhgu.kiranico.com/monster/68e56
lavasioth,MHGU,base_hp,4500,HP,https://raw.githubusercontent.com/gatheringhallstudios/MHGenDatabase/master/app/src/main/assets/databases/mhgu.db.zip
lavasioth,MHWorld,base_hp,4000,HP,https://mhworld.kiranico.com/en/monsters/BL1ca/lavasioth
lavasioth,MHWorld,enrage_attack_mult,1.1,"multiplier (Low Rank/High Rank column, not Master Rank)",https://mhworld.kiranico.com/en/monsters/BL1ca/lavasioth
lavasioth,MHWorld,enrage_duration,120,"seconds (Low Rank/High Rank column, not Master Rank)",https://mhworld.kiranico.com/en/monsters/BL1ca/lavasioth
lavasioth,MHWorld,enrage_speed_mult,1.05,"multiplier (Low Rank/High Rank column, not Master Rank)",https://mhworld.kiranico.com/en/monsters/BL1ca/lavasioth
lavasioth,MHWorld,enrage_trigger,450,"damage points (Low Rank/High Rank column, not Master Rank)",https://mhworld.kiranico.com/en/monsters/BL1ca/lavasioth
lavasioth,MHGU,head_stagger,200,stagger threshold (raw),https://mhgu.kiranico.com/monster/6ba96
lavasioth,MHWorld,head_stagger,100,"damage (Part Breakability, exact ""Head"" row)",https://mhworld.kiranico.com/en/monsters/BL1ca/lavasioth
lavasioth,MHGU,hitzone_max_raw,63,raw hitzone percent (max over all Kiranico GU states),https://mhgu.kiranico.com/monster/6ba96
lavasioth,MHWorld,hitzone_max_raw,60,"raw hitzone % (max sever/blunt/shot over LR/HR Physiology rows, including state-variant parts e.g. ""Head (White)"", excluding Master Rank override rows)",https://mhworld.kiranico.com/en/monsters/BL1ca/lavasioth
lavasioth,MHWorld,move_power_max,80,motion value (max over Monster Attacks rows; poedb only lists a subset so is not used here),https://mhworld.kiranico.com/en/monsters/BL1ca/lavasioth
lavasioth,MHGU,size_base,2077.67,cm,https://mhgu.kiranico.com/monster/6ba96
lavasioth,MHWorld,size_base,1797.24,cm (poedb Base; never derived as gold/1.23 — crown thresholds are per-monster),https://mhw.poedb.tw/eng/monster/19/Lavasioth
lavasioth,MHGU,size_gold,2555.53,cm,https://mhgu.kiranico.com/monster/6ba96
lavasioth,MHWorld,size_gold,2210.61,cm (gold crown threshold),https://mhworld.kiranico.com/en/monsters/BL1ca/lavasioth
lavasioth,MHGU,tolerance_paralysis,180,status build-up points,https://raw.githubusercontent.com/gatheringhallstudios/MHGenDatabase/master/app/src/main/assets/databases/mhgu.db.zip
lavasioth,MHWorld,tolerance_paralysis,180,status build-up points,https://mhworld.kiranico.com/en/monsters/BL1ca/lavasioth
lavasioth,MHGU,tolerance_poison,180,status build-up points,https://raw.githubusercontent.com/gatheringhallstudios/MHGenDatabase/master/app/src/main/assets/databases/mhgu.db.zip
lavasioth,MHWorld,tolerance_poison,100,status build-up points,https://mhworld.kiranico.com/en/monsters/BL1ca/lavasioth
lavasioth,MHGU,tolerance_sleep,180,status build-up points,https://raw.githubusercontent.com/gatheringhallstudios/MHGenDatabase/master/app/src/main/assets/databases/mhgu.db.zip
lavasioth,MHWorld,tolerance_sleep,150,status build-up points,https://mhworld.kiranico.com/en/monsters/BL1ca/lavasioth
lavasioth,MHGU,tolerance_stun,150,status build-up points,https://raw.githubusercontent.com/gatheringhallstudios/MHGenDatabase/master/app/src/main/assets/databases/mhgu.db.zip
lavasioth,MHWorld,tolerance_stun,150,status build-up points,https://mhworld.kiranico.com/en/monsters/BL1ca/lavasioth
legiana,MHWorld,base_hp,3000,HP,https://mhworld.kiranico.com/en/monsters/QNYCK/legiana
legiana,MHWorld,enrage_attack_mult,1.1,"multiplier (Low Rank/High Rank column, not Master Rank)",https://mhworld.kiranico.com/en/monsters/QNYCK/legiana
legiana,MHWorld,enrage_duration,100,"seconds (Low Rank/High Rank column, not Master Rank)",https://mhworld.kiranico.com/en/monsters/QNYCK/legiana
legiana,MHWorld,enrage_speed_mult,1.1,"multiplier (Low Rank/High Rank column, not Master Rank)",https://mhworld.kiranico.com/en/monsters/QNYCK/legiana
legiana,MHWorld,enrage_trigger,600,"damage points (Low Rank/High Rank column, not Master Rank)",https://mhworld.kiranico.com/en/monsters/QNYCK/legiana
legiana,MHWorld,head_stagger,210,"damage (Part Breakability, exact ""Head"" row)",https://mhworld.kiranico.com/en/monsters/QNYCK/legiana
legiana,MHWorld,hitzone_max_raw,70,"raw hitzone % (max sever/blunt/shot over LR/HR Physiology rows, including state-variant parts e.g. ""Head (White)"", excluding Master Rank override rows)",https://mhworld.kiranico.com/en/monsters/QNYCK/legiana
legiana,MHWorld,move_power_max,75,motion value (max over Monster Attacks rows; poedb only lists a subset so is not used here),https://mhworld.kiranico.com/en/monsters/QNYCK/legiana
legiana,MHWorld,size_base,1699.75,cm (poedb Base; never derived as gold/1.23 — crown thresholds are per-monster),https://mhw.poedb.tw/eng/monster/32/Legiana
legiana,MHWorld,size_gold,2090.69,cm (gold crown threshold),https://mhworld.kiranico.com/en/monsters/QNYCK/legiana
legiana,MHWorld,tolerance_paralysis,180,status build-up points,https://mhworld.kiranico.com/en/monsters/QNYCK/legiana
legiana,MHWorld,tolerance_poison,80,status build-up points,https://mhworld.kiranico.com/en/monsters/QNYCK/legiana
legiana,MHWorld,tolerance_sleep,150,status build-up points,https://mhworld.kiranico.com/en/monsters/QNYCK/legiana
legiana,MHWorld,tolerance_stun,150,status build-up points,https://mhworld.kiranico.com/en/monsters/QNYCK/legiana
leshen,MHWorld,base_hp,9000,HP,https://mhworld.kiranico.com/en/monsters/GmYh0/leshen
leshen,MHWorld,enrage_attack_mult,1,"multiplier (Low Rank/High Rank column, not Master Rank)",https://mhworld.kiranico.com/en/monsters/GmYh0/leshen
leshen,MHWorld,enrage_duration,0,"seconds (Low Rank/High Rank column, not Master Rank)",https://mhworld.kiranico.com/en/monsters/GmYh0/leshen
leshen,MHWorld,enrage_speed_mult,1,"multiplier (Low Rank/High Rank column, not Master Rank)",https://mhworld.kiranico.com/en/monsters/GmYh0/leshen
leshen,MHWorld,enrage_trigger,0,"damage points (Low Rank/High Rank column, not Master Rank)",https://mhworld.kiranico.com/en/monsters/GmYh0/leshen
leshen,MHWorld,head_stagger,600,"damage (Part Breakability, exact ""Head"" row)",https://mhworld.kiranico.com/en/monsters/GmYh0/leshen
leshen,MHWorld,hitzone_max_raw,65,"raw hitzone % (max sever/blunt/shot over LR/HR Physiology rows, including state-variant parts e.g. ""Head (White)"", excluding Master Rank override rows)",https://mhworld.kiranico.com/en/monsters/GmYh0/leshen
leshen,MHWorld,move_power_max,250,motion value (max over Monster Attacks rows; poedb only lists a subset so is not used here),https://mhworld.kiranico.com/en/monsters/GmYh0/leshen
leshen,MHWorld,size_base,549.7,cm (poedb Base; never derived as gold/1.23 — crown thresholds are per-monster),https://mhw.poedb.tw/eng/monster/23/Leshen
leshen,MHWorld,size_gold,676.13,cm (gold crown threshold),https://mhworld.kiranico.com/en/monsters/GmYh0/leshen
leshen,MHWorld,tolerance_paralysis,180,status build-up points,https://mhworld.kiranico.com/en/monsters/GmYh0/leshen
leshen,MHWorld,tolerance_poison,100,status build-up points,https://mhworld.kiranico.com/en/monsters/GmYh0/leshen
leshen,MHWorld,tolerance_stun,200,status build-up points,https://mhworld.kiranico.com/en/monsters/GmYh0/leshen
lucent-nargacuga,MHRS,base_hp,4700,"HP (base_hp_vital, LR/HR)",https://mhrice.info/mhrice.json
lucent-nargacuga,MHRS,enrage_attack_mult,1.2,multiplier,https://mhrice.info/mhrice.json
lucent-nargacuga,MHRS,enrage_duration,150,seconds,https://mhrice.info/mhrice.json
lucent-nargacuga,MHRS,enrage_speed_mult,1.2,motion-rate multiplier,https://mhrice.info/mhrice.json
lucent-nargacuga,MHRS,enrage_trigger,900,damage points (High Rank),https://mhrice.info/mhrice.json
lucent-nargacuga,MHRS,head_stagger,300,"part vital (flinch value, LR/HR)",https://mhrice.info/mhrice.json
lucent-nargacuga,MHRS,hitzone_max_raw,70,hitzone percent (max over all parts and phases),https://mhrice.info/mhrice.json
lucent-nargacuga,MHRS,move_power_max,95,raw damage (max base_damage),https://mhrice.info/mhrice.json
lucent-nargacuga,MHRS,size_base,2012.03,cm,https://mhrice.info/mhrice.json
lucent-nargacuga,MHRS,size_gold,2474.7969,cm (base_size * king_boarder),https://mhrice.info/mhrice.json
lucent-nargacuga,MHRS,tolerance_paralysis,180,status build-up points,https://mhrice.info/mhrice.json
lucent-nargacuga,MHRS,tolerance_poison,250,status build-up points,https://mhrice.info/mhrice.json
lucent-nargacuga,MHRS,tolerance_sleep,150,status build-up points,https://mhrice.info/mhrice.json
lucent-nargacuga,MHRS,tolerance_stun,150,status build-up points,https://mhrice.info/mhrice.json
lunagaron,MHRS,base_hp,4800,"HP (base_hp_vital, LR/HR)",https://mhrice.info/mhrice.json
lunagaron,MHRS,enrage_attack_mult,1.1,multiplier,https://mhrice.info/mhrice.json
lunagaron,MHRS,enrage_duration,120,seconds,https://mhrice.info/mhrice.json
lunagaron,MHRS,enrage_speed_mult,1.05,motion-rate multiplier,https://mhrice.info/mhrice.json
lunagaron,MHRS,enrage_trigger,400,damage points (High Rank),https://mhrice.info/mhrice.json
lunagaron,MHRS,head_stagger,270,"part vital (flinch value, LR/HR)",https://mhrice.info/mhrice.json
lunagaron,MHRS,hitzone_max_raw,65,hitzone percent (max over all parts and phases),https://mhrice.info/mhrice.json
lunagaron,MHRS,move_power_max,600,raw damage (max base_damage),https://mhrice.info/mhrice.json
lunagaron,MHRS,size_base,1414.23,cm,https://mhrice.info/mhrice.json
lunagaron,MHRS,size_gold,1739.5029,cm (base_size * king_boarder),https://mhrice.info/mhrice.json
lunagaron,MHRS,tolerance_paralysis,180,status build-up points,https://mhrice.info/mhrice.json
lunagaron,MHRS,tolerance_poison,150,status build-up points,https://mhrice.info/mhrice.json
lunagaron,MHRS,tolerance_sleep,150,status build-up points,https://mhrice.info/mhrice.json
lunagaron,MHRS,tolerance_stun,120,status build-up points,https://mhrice.info/mhrice.json
lunastra,MHWorld,base_hp,4300,HP,https://mhworld.kiranico.com/en/monsters/j8gFA/lunastra
lunastra,MHWorld,enrage_attack_mult,1.2,"multiplier (Low Rank/High Rank column, not Master Rank)",https://mhworld.kiranico.com/en/monsters/j8gFA/lunastra
lunastra,MHWorld,enrage_duration,120,"seconds (Low Rank/High Rank column, not Master Rank)",https://mhworld.kiranico.com/en/monsters/j8gFA/lunastra
lunastra,MHWorld,enrage_speed_mult,1.1,"multiplier (Low Rank/High Rank column, not Master Rank)",https://mhworld.kiranico.com/en/monsters/j8gFA/lunastra
lunastra,MHWorld,enrage_trigger,860,"damage points (Low Rank/High Rank column, not Master Rank)",https://mhworld.kiranico.com/en/monsters/j8gFA/lunastra
lunastra,MHWorld,head_stagger,200,"damage (Part Breakability, exact ""Head"" row)",https://mhworld.kiranico.com/en/monsters/j8gFA/lunastra
lunastra,MHWorld,hitzone_max_raw,60,"raw hitzone % (max sever/blunt/shot over LR/HR Physiology rows, including state-variant parts e.g. ""Head (White)"", excluding Master Rank override rows)",https://mhworld.kiranico.com/en/monsters/j8gFA/lunastra
lunastra,MHWorld,move_power_max,75,motion value (max over Monster Attacks rows; poedb only lists a subset so is not used here),https://mhworld.kiranico.com/en/monsters/j8gFA/lunastra
lunastra,MHWorld,size_base,1828.68,cm (poedb Base; never derived as gold/1.23 — crown thresholds are per-monster),https://mhw.poedb.tw/eng/monster/17/Lunastra
lunastra,MHWorld,size_gold,2249.28,cm (gold crown threshold),https://mhworld.kiranico.com/en/monsters/j8gFA/lunastra
lunastra,MHWorld,tolerance_paralysis,300,status build-up points,https://mhworld.kiranico.com/en/monsters/j8gFA/lunastra
lunastra,MHWorld,tolerance_poison,250,status build-up points,https://mhworld.kiranico.com/en/monsters/j8gFA/lunastra
lunastra,MHWorld,tolerance_sleep,250,status build-up points,https://mhworld.kiranico.com/en/monsters/j8gFA/lunastra
lunastra,MHWorld,tolerance_stun,150,status build-up points,https://mhworld.kiranico.com/en/monsters/j8gFA/lunastra
magma-almudron,MHRS,base_hp,4200,"HP (base_hp_vital, LR/HR)",https://mhrice.info/mhrice.json
magma-almudron,MHRS,enrage_attack_mult,1.1,multiplier,https://mhrice.info/mhrice.json
magma-almudron,MHRS,enrage_duration,140,seconds,https://mhrice.info/mhrice.json
magma-almudron,MHRS,enrage_speed_mult,1.1,motion-rate multiplier,https://mhrice.info/mhrice.json
magma-almudron,MHRS,enrage_trigger,1050,damage points (High Rank),https://mhrice.info/mhrice.json
magma-almudron,MHRS,head_stagger,300,"part vital (flinch value, LR/HR)",https://mhrice.info/mhrice.json
magma-almudron,MHRS,hitzone_max_raw,85,hitzone percent (max over all parts and phases),https://mhrice.info/mhrice.json
magma-almudron,MHRS,move_power_max,90,raw damage (max base_damage),https://mhrice.info/mhrice.json
magma-almudron,MHRS,size_base,2245.29,cm,https://mhrice.info/mhrice.json
magma-almudron,MHRS,size_gold,2761.7066999999997,cm (base_size * king_boarder),https://mhrice.info/mhrice.json
magma-almudron,MHRS,tolerance_paralysis,180,status build-up points,https://mhrice.info/mhrice.json
magma-almudron,MHRS,tolerance_poison,150,status build-up points,https://mhrice.info/mhrice.json
magma-almudron,MHRS,tolerance_sleep,150,status build-up points,https://mhrice.info/mhrice.json
magma-almudron,MHRS,tolerance_stun,150,status build-up points,https://mhrice.info/mhrice.json
magnamalo,MHRS,base_hp,4500,"HP (base_hp_vital, LR/HR)",https://mhrice.info/mhrice.json
magnamalo,MHRS,enrage_attack_mult,1.2,multiplier,https://mhrice.info/mhrice.json
magnamalo,MHRS,enrage_duration,80,seconds,https://mhrice.info/mhrice.json
magnamalo,MHRS,enrage_speed_mult,1.1,motion-rate multiplier,https://mhrice.info/mhrice.json
magnamalo,MHRS,enrage_trigger,900,damage points (High Rank),https://mhrice.info/mhrice.json
magnamalo,MHRS,head_stagger,200,"part vital (flinch value, LR/HR)",https://mhrice.info/mhrice.json
magnamalo,MHRS,hitzone_max_raw,63,hitzone percent (max over all parts and phases),https://mhrice.info/mhrice.json
magnamalo,MHRS,move_power_max,100,raw damage (max base_damage),https://mhrice.info/mhrice.json
magnamalo,MHRS,size_base,1820.89,cm,https://mhrice.info/mhrice.json
magnamalo,MHRS,size_gold,2239.6947,cm (base_size * king_boarder),https://mhrice.info/mhrice.json
magnamalo,MHRS,tolerance_paralysis,180,status build-up points,https://mhrice.info/mhrice.json
magnamalo,MHRS,tolerance_poison,150,status build-up points,https://mhrice.info/mhrice.json
magnamalo,MHRS,tolerance_sleep,150,status build-up points,https://mhrice.info/mhrice.json
magnamalo,MHRS,tolerance_stun,150,status build-up points,https://mhrice.info/mhrice.json
malfestio,MHGU,base_hp,4000,HP,https://raw.githubusercontent.com/gatheringhallstudios/MHGenDatabase/master/app/src/main/assets/databases/mhgu.db.zip
malfestio,MHGU,head_stagger,180,stagger threshold (raw),https://mhgu.kiranico.com/monster/6b796
malfestio,MHGU,hitzone_max_raw,55,raw hitzone percent (max over all Kiranico GU states),https://mhgu.kiranico.com/monster/6b796
malfestio,MHGU,size_base,611.66,cm,https://mhgu.kiranico.com/monster/6b796
malfestio,MHGU,size_gold,752.34,cm,https://mhgu.kiranico.com/monster/6b796
malfestio,MHGU,tolerance_paralysis,180,status build-up points,https://raw.githubusercontent.com/gatheringhallstudios/MHGenDatabase/master/app/src/main/assets/databases/mhgu.db.zip
malfestio,MHGU,tolerance_poison,180,status build-up points,https://raw.githubusercontent.com/gatheringhallstudios/MHGenDatabase/master/app/src/main/assets/databases/mhgu.db.zip
malfestio,MHGU,tolerance_sleep,200,status build-up points,https://raw.githubusercontent.com/gatheringhallstudios/MHGenDatabase/master/app/src/main/assets/databases/mhgu.db.zip
malfestio,MHGU,tolerance_stun,150,status build-up points,https://raw.githubusercontent.com/gatheringhallstudios/MHGenDatabase/master/app/src/main/assets/databases/mhgu.db.zip
malzeno,MHRS,base_hp,5000,"HP (base_hp_vital, LR/HR)",https://mhrice.info/mhrice.json
malzeno,MHRS,enrage_attack_mult,1.1,multiplier,https://mhrice.info/mhrice.json
malzeno,MHRS,enrage_duration,80,seconds,https://mhrice.info/mhrice.json
malzeno,MHRS,enrage_speed_mult,1.15,motion-rate multiplier,https://mhrice.info/mhrice.json
malzeno,MHRS,enrage_trigger,800,damage points (High Rank),https://mhrice.info/mhrice.json
malzeno,MHRS,head_stagger,320,"part vital (flinch value, LR/HR)",https://mhrice.info/mhrice.json
malzeno,MHRS,hitzone_max_raw,58,hitzone percent (max over all parts and phases),https://mhrice.info/mhrice.json
malzeno,MHRS,move_power_max,100,raw damage (max base_damage),https://mhrice.info/mhrice.json
malzeno,MHRS,size_base,2081.64,cm,https://mhrice.info/mhrice.json
malzeno,MHRS,size_gold,2435.5188,cm (base_size * king_boarder),https://mhrice.info/mhrice.json
malzeno,MHRS,tolerance_paralysis,300,status build-up points,https://mhrice.info/mhrice.json
malzeno,MHRS,tolerance_poison,250,status build-up points,https://mhrice.info/mhrice.json
malzeno,MHRS,tolerance_sleep,250,status build-up points,https://mhrice.info/mhrice.json
malzeno,MHRS,tolerance_stun,150,status build-up points,https://mhrice.info/mhrice.json
mizutsune,MHGU,base_hp,4600,HP,https://raw.githubusercontent.com/gatheringhallstudios/MHGenDatabase/master/app/src/main/assets/databases/mhgu.db.zip
mizutsune,MHWilds,base_hp,5500,HP points,https://wilds.mhdb.io/en/monsters
mizutsune,MHWilds,enrage_attack_mult,1.26,multiplier (High Rank),https://raw.githubusercontent.com/robomeche/MHWilds-Database/main/monster/assets/json/MHWilds_Data_compact.json.gz
mizutsune,MHWilds,enrage_duration,100,seconds (High Rank),https://raw.githubusercontent.com/robomeche/MHWilds-Database/main/monster/assets/json/MHWilds_Data_compact.json.gz
mizutsune,MHWilds,enrage_speed_mult,1.1,motion-speed multiplier (High Rank),https://raw.githubusercontent.com/robomeche/MHWilds-Database/main/monster/assets/json/MHWilds_Data_compact.json.gz
mizutsune,MHWilds,enrage_trigger,1500,damage points (High Rank),https://raw.githubusercontent.com/robomeche/MHWilds-Database/main/monster/assets/json/MHWilds_Data_compact.json.gz
mizutsune,MHGU,head_stagger,270,stagger threshold (raw),https://mhgu.kiranico.com/monster/6e5b6
mizutsune,MHWilds,head_stagger,220,damage points (base),https://raw.githubusercontent.com/robomeche/MHWilds-Database/main/monster/assets/json/MHWilds_Data_compact.json.gz
mizutsune,MHGU,hitzone_max_raw,63,raw hitzone percent (max over all Kiranico GU states),https://mhgu.kiranico.com/monster/6e5b6
mizutsune,MHWilds,hitzone_max_raw,63,"percent (robomeche Meat, default state max)",https://raw.githubusercontent.com/robomeche/MHWilds-Database/main/monster/assets/json/MHWilds_Data_compact.json.gz
mizutsune,MHGU,size_base,1885.12,cm,https://mhgu.kiranico.com/monster/6e5b6
mizutsune,MHWilds,size_base,1923.434,cm,https://wilds.mhdb.io/en/monsters
mizutsune,MHGU,size_gold,2318.7,cm,https://mhgu.kiranico.com/monster/6e5b6
mizutsune,MHWilds,size_gold,2365.8237,cm,https://wilds.mhdb.io/en/monsters
mizutsune,MHGU,tolerance_paralysis,200,status build-up points,https://raw.githubusercontent.com/gatheringhallstudios/MHGenDatabase/master/app/src/main/assets/databases/mhgu.db.zip
mizutsune,MHWilds,tolerance_paralysis,180,status build-up points,https://raw.githubusercontent.com/robomeche/MHWilds-Database/main/monster/assets/json/MHWilds_Data_compact.json.gz
mizutsune,MHGU,tolerance_poison,180,status build-up points,https://raw.githubusercontent.com/gatheringhallstudios/MHGenDatabase/master/app/src/main/assets/databases/mhgu.db.zip
mizutsune,MHWilds,tolerance_poison,150,status build-up points,https://raw.githubusercontent.com/robomeche/MHWilds-Database/main/monster/assets/json/MHWilds_Data_compact.json.gz
mizutsune,MHGU,tolerance_sleep,180,status build-up points,https://raw.githubusercontent.com/gatheringhallstudios/MHGenDatabase/master/app/src/main/assets/databases/mhgu.db.zip
mizutsune,MHWilds,tolerance_sleep,150,status build-up points,https://raw.githubusercontent.com/robomeche/MHWilds-Database/main/monster/assets/json/MHWilds_Data_compact.json.gz
mizutsune,MHGU,tolerance_stun,200,status build-up points,https://raw.githubusercontent.com/gatheringhallstudios/MHGenDatabase/master/app/src/main/assets/databases/mhgu.db.zip
mizutsune,MHWilds,tolerance_stun,120,stun (KO) build-up points,https://raw.githubusercontent.com/robomeche/MHWilds-Database/main/monster/assets/json/MHWilds_Data_compact.json.gz
molten-tigrex,MH4U,base_hp,5000,HP,https://kiranico.com/en/mh4u/monster/molten-tigrex
molten-tigrex,MH4U,enrage_attack_mult,1.1,multiplier,https://kiranico.com/en/mh4u/monster/molten-tigrex
molten-tigrex,MH4U,enrage_duration,300,seconds,https://kiranico.com/en/mh4u/monster/molten-tigrex
molten-tigrex,MH4U,enrage_speed_mult,1.2,multiplier,https://kiranico.com/en/mh4u/monster/molten-tigrex
molten-tigrex,MH4U,head_stagger,250,damage,https://kiranico.com/en/mh4u/monster/molten-tigrex
molten-tigrex,MH4U,hitzone_max_raw,45,hitzone %,https://kiranico.com/en/mh4u/monster/molten-tigrex
molten-tigrex,MH4U,tolerance_paralysis,200,status build-up points,https://kiranico.com/en/mh4u/monster/molten-tigrex
molten-tigrex,MH4U,tolerance_poison,200,status build-up points,https://kiranico.com/en/mh4u/monster/molten-tigrex
molten-tigrex,MH4U,tolerance_sleep,200,status build-up points,https://kiranico.com/en/mh4u/monster/molten-tigrex
molten-tigrex,MH4U,tolerance_stun,200,status build-up points,https://kiranico.com/en/mh4u/monster/molten-tigrex
monoblos,MH4U,base_hp,4000,HP,https://kiranico.com/en/mh4u/monster/monoblos
monoblos,MH4U,enrage_attack_mult,1.5,multiplier,https://kiranico.com/en/mh4u/monster/monoblos
monoblos,MH4U,enrage_duration,80,seconds,https://kiranico.com/en/mh4u/monster/monoblos
monoblos,MH4U,enrage_speed_mult,1.4,multiplier,https://kiranico.com/en/mh4u/monster/monoblos
monoblos,MH4U,head_stagger,120,damage,https://kiranico.com/en/mh4u/monster/monoblos
monoblos,MH4U,hitzone_max_raw,80,hitzone %,https://kiranico.com/en/mh4u/monster/monoblos
monoblos,MH4U,size_base,2163.566002906406,cm,https://kiranico.com/en/mh4u/monster/monoblos
monoblos,MH4U,size_gold,2661.2,cm,https://kiranico.com/en/mh4u/monster/monoblos
monoblos,MH4U,tolerance_paralysis,150,status build-up points,https://kiranico.com/en/mh4u/monster/monoblos
monoblos,MH4U,tolerance_poison,100,status build-up points,https://kiranico.com/en/mh4u/monster/monoblos
monoblos,MH4U,tolerance_sleep,150,status build-up points,https://kiranico.com/en/mh4u/monster/monoblos
monoblos,MH4U,tolerance_stun,100,status build-up points,https://kiranico.com/en/mh4u/monster/monoblos
najarala,MH4U,base_hp,4350,HP,https://kiranico.com/en/mh4u/monster/najarala
najarala,MHGU,base_hp,4350,HP,https://raw.githubusercontent.com/gatheringhallstudios/MHGenDatabase/master/app/src/main/assets/databases/mhgu.db.zip
najarala,MH4U,enrage_attack_mult,1.3,multiplier,https://kiranico.com/en/mh4u/monster/najarala
najarala,MH4U,enrage_duration,80,seconds,https://kiranico.com/en/mh4u/monster/najarala
najarala,MH4U,enrage_speed_mult,1.2,multiplier,https://kiranico.com/en/mh4u/monster/najarala
najarala,MH4U,head_stagger,120,damage,https://kiranico.com/en/mh4u/monster/najarala
najarala,MHGU,head_stagger,120,stagger threshold (raw),https://mhgu.kiranico.com/monster/69a46
najarala,MH4U,hitzone_max_raw,85,hitzone %,https://kiranico.com/en/mh4u/monster/najarala
najarala,MHGU,hitzone_max_raw,85,raw hitzone percent (max over all Kiranico GU states),https://mhgu.kiranico.com/monster/69a46
najarala,MH4U,size_base,4055.028042889125,cm,https://kiranico.com/en/mh4u/monster/najarala
najarala,MHGU,size_base,4055,cm,https://mhgu.kiranico.com/monster/69a46
najarala,MH4U,size_gold,4987.7,cm,https://kiranico.com/en/mh4u/monster/najarala
najarala,MHGU,size_gold,4987.65,cm,https://mhgu.kiranico.com/monster/69a46
najarala,MH4U,tolerance_paralysis,400,status build-up points,https://kiranico.com/en/mh4u/monster/najarala
najarala,MHGU,tolerance_paralysis,400,status build-up points,https://raw.githubusercontent.com/gatheringhallstudios/MHGenDatabase/master/app/src/main/assets/databases/mhgu.db.zip
najarala,MH4U,tolerance_poison,230,status build-up points,https://kiranico.com/en/mh4u/monster/najarala
najarala,MHGU,tolerance_poison,230,status build-up points,https://raw.githubusercontent.com/gatheringhallstudios/MHGenDatabase/master/app/src/main/assets/databases/mhgu.db.zip
najarala,MH4U,tolerance_sleep,180,status build-up points,https://kiranico.com/en/mh4u/monster/najarala
najarala,MHGU,tolerance_sleep,180,status build-up points,https://raw.githubusercontent.com/gatheringhallstudios/MHGenDatabase/master/app/src/main/assets/databases/mhgu.db.zip
najarala,MH4U,tolerance_stun,110,status build-up points,https://kiranico.com/en/mh4u/monster/najarala
najarala,MHGU,tolerance_stun,110,status build-up points,https://raw.githubusercontent.com/gatheringhallstudios/MHGenDatabase/master/app/src/main/assets/databases/mhgu.db.zip
nakarkos,MHGU,base_hp,14000,HP,https://raw.githubusercontent.com/gatheringhallstudios/MHGenDatabase/master/app/src/main/assets/databases/mhgu.db.zip
nakarkos,MHGU,head_stagger,500,stagger threshold (raw),https://mhgu.kiranico.com/monster/65576
nakarkos,MHGU,hitzone_max_raw,70,raw hitzone percent (max over all Kiranico GU states),https://mhgu.kiranico.com/monster/65576
nakarkos,MHGU,size_base,5812.86,cm,https://mhgu.kiranico.com/monster/65576
nakarkos,MHGU,tolerance_poison,400,status build-up points,https://raw.githubusercontent.com/gatheringhallstudios/MHGenDatabase/master/app/src/main/assets/databases/mhgu.db.zip
namielle,MHWorld,base_hp,4000,HP,https://mhworld.kiranico.com/en/monsters/Mzdfo/namielle
namielle,MHWorld,enrage_attack_mult,1.05,"multiplier (Low Rank/High Rank column, not Master Rank)",https://mhworld.kiranico.com/en/monsters/Mzdfo/namielle
namielle,MHWorld,enrage_duration,120,"seconds (Low Rank/High Rank column, not Master Rank)",https://mhworld.kiranico.com/en/monsters/Mzdfo/namielle
namielle,MHWorld,enrage_speed_mult,1.05,"multiplier (Low Rank/High Rank column, not Master Rank)",https://mhworld.kiranico.com/en/monsters/Mzdfo/namielle
namielle,MHWorld,enrage_trigger,600,"damage points (Low Rank/High Rank column, not Master Rank)",https://mhworld.kiranico.com/en/monsters/Mzdfo/namielle
namielle,MHWorld,head_stagger,300,"damage (Part Breakability, exact ""Head"" row)",https://mhworld.kiranico.com/en/monsters/Mzdfo/namielle
namielle,MHWorld,hitzone_max_raw,65,"raw hitzone % (max sever/blunt/shot over LR/HR Physiology rows, including state-variant parts e.g. ""Head (White)"", excluding Master Rank override rows)",https://mhworld.kiranico.com/en/monsters/Mzdfo/namielle
namielle,MHWorld,move_power_max,60,motion value (max over Monster Attacks rows; poedb only lists a subset so is not used here),https://mhworld.kiranico.com/en/monsters/Mzdfo/namielle
namielle,MHWorld,size_base,2048.25,cm (poedb Base; never derived as gold/1.23 — crown thresholds are per-monster),https://mhw.poedb.tw/eng/monster/80/Namielle
namielle,MHWorld,size_gold,2519.35,cm (gold crown threshold),https://mhworld.kiranico.com/en/monsters/Mzdfo/namielle
namielle,MHWorld,tolerance_paralysis,300,status build-up points,https://mhworld.kiranico.com/en/monsters/Mzdfo/namielle
namielle,MHWorld,tolerance_poison,100,status build-up points,https://mhworld.kiranico.com/en/monsters/Mzdfo/namielle
namielle,MHWorld,tolerance_sleep,250,status build-up points,https://mhworld.kiranico.com/en/monsters/Mzdfo/namielle
namielle,MHWorld,tolerance_stun,150,status build-up points,https://mhworld.kiranico.com/en/monsters/Mzdfo/namielle
nargacuga,MHGU,base_hp,4200,HP,https://raw.githubusercontent.com/gatheringhallstudios/MHGenDatabase/master/app/src/main/assets/databases/mhgu.db.zip
nargacuga,MHRS,base_hp,4200,"HP (base_hp_vital, LR/HR)",https://mhrice.info/mhrice.json
nargacuga,MHRS,enrage_attack_mult,1.2,multiplier,https://mhrice.info/mhrice.json
nargacuga,MHRS,enrage_duration,80,seconds,https://mhrice.info/mhrice.json
nargacuga,MHRS,enrage_speed_mult,1.2,motion-rate multiplier,https://mhrice.info/mhrice.json
nargacuga,MHRS,enrage_trigger,900,damage points (High Rank),https://mhrice.info/mhrice.json
nargacuga,MHGU,head_stagger,200,stagger threshold (raw),https://mhgu.kiranico.com/monster/6a856
nargacuga,MHRS,head_stagger,300,"part vital (flinch value, LR/HR)",https://mhrice.info/mhrice.json
nargacuga,MHGU,hitzone_max_raw,60,raw hitzone percent (max over all Kiranico GU states),https://mhgu.kiranico.com/monster/6a856
nargacuga,MHRS,hitzone_max_raw,72,hitzone percent (max over all parts and phases),https://mhrice.info/mhrice.json
nargacuga,MHRS,move_power_max,85,raw damage (max base_damage),https://mhrice.info/mhrice.json
nargacuga,MHGU,size_base,1602.19,cm,https://mhgu.kiranico.com/monster/6a856
nargacuga,MHRS,size_base,1914.14,cm,https://mhrice.info/mhrice.json
nargacuga,MHGU,size_gold,1970.69,cm,https://mhgu.kiranico.com/monster/6a856
nargacuga,MHRS,size_gold,2354.3922000000002,cm (base_size * king_boarder),https://mhrice.info/mhrice.json
nargacuga,MHGU,tolerance_paralysis,180,status build-up points,https://raw.githubusercontent.com/gatheringhallstudios/MHGenDatabase/master/app/src/main/assets/databases/mhgu.db.zip
nargacuga,MHRS,tolerance_paralysis,180,status build-up points,https://mhrice.info/mhrice.json
nargacuga,MHGU,tolerance_poison,180,status build-up points,https://raw.githubusercontent.com/gatheringhallstudios/MHGenDatabase/master/app/src/main/assets/databases/mhgu.db.zip
nargacuga,MHRS,tolerance_poison,150,status build-up points,https://mhrice.info/mhrice.json
nargacuga,MHGU,tolerance_sleep,180,status build-up points,https://raw.githubusercontent.com/gatheringhallstudios/MHGenDatabase/master/app/src/main/assets/databases/mhgu.db.zip
nargacuga,MHRS,tolerance_sleep,150,status build-up points,https://mhrice.info/mhrice.json
nargacuga,MHGU,tolerance_stun,200,status build-up points,https://raw.githubusercontent.com/gatheringhallstudios/MHGenDatabase/master/app/src/main/assets/databases/mhgu.db.zip
nargacuga,MHRS,tolerance_stun,150,status build-up points,https://mhrice.info/mhrice.json
narwa-the-allmother,MHRS,base_hp,11000,"HP (base_hp_vital, LR/HR)",https://mhrice.info/mhrice.json
narwa-the-allmother,MHRS,enrage_attack_mult,1.2,multiplier,https://mhrice.info/mhrice.json
narwa-the-allmother,MHRS,enrage_duration,220,seconds,https://mhrice.info/mhrice.json
narwa-the-allmother,MHRS,enrage_speed_mult,1.2,motion-rate multiplier,https://mhrice.info/mhrice.json
narwa-the-allmother,MHRS,enrage_trigger,900,damage points (High Rank),https://mhrice.info/mhrice.json
narwa-the-allmother,MHRS,head_stagger,0,"part vital (flinch value, LR/HR)",https://mhrice.info/mhrice.json
narwa-the-allmother,MHRS,hitzone_max_raw,100,hitzone percent (max over all parts and phases),https://mhrice.info/mhrice.json
narwa-the-allmother,MHRS,move_power_max,224,raw damage (max base_damage),https://mhrice.info/mhrice.json
narwa-the-allmother,MHRS,size_base,3875.05,cm,https://mhrice.info/mhrice.json
narwa-the-allmother,MHRS,size_gold,4766.3115,cm (base_size * king_boarder),https://mhrice.info/mhrice.json
narwa-the-allmother,MHRS,tolerance_paralysis,300,status build-up points,https://mhrice.info/mhrice.json
narwa-the-allmother,MHRS,tolerance_poison,250,status build-up points,https://mhrice.info/mhrice.json
narwa-the-allmother,MHRS,tolerance_sleep,300,status build-up points,https://mhrice.info/mhrice.json
narwa-the-allmother,MHRS,tolerance_stun,300,status build-up points,https://mhrice.info/mhrice.json
nergigante,MHWorld,base_hp,3520,HP,https://mhworld.kiranico.com/en/monsters/aYaUV/nergigante
nergigante,MHWorld,enrage_attack_mult,1.2,"multiplier (Low Rank/High Rank column, not Master Rank)",https://mhworld.kiranico.com/en/monsters/aYaUV/nergigante
nergigante,MHWorld,enrage_duration,100,"seconds (Low Rank/High Rank column, not Master Rank)",https://mhworld.kiranico.com/en/monsters/aYaUV/nergigante
nergigante,MHWorld,enrage_speed_mult,1.04,"multiplier (Low Rank/High Rank column, not Master Rank)",https://mhworld.kiranico.com/en/monsters/aYaUV/nergigante
nergigante,MHWorld,enrage_trigger,400,"damage points (Low Rank/High Rank column, not Master Rank)",https://mhworld.kiranico.com/en/monsters/aYaUV/nergigante
nergigante,MHWorld,head_stagger,190,"damage (Part Breakability, exact ""Head"" row)",https://mhworld.kiranico.com/en/monsters/aYaUV/nergigante
nergigante,MHWorld,hitzone_max_raw,90,"raw hitzone % (max sever/blunt/shot over LR/HR Physiology rows, including state-variant parts e.g. ""Head (White)"", excluding Master Rank override rows)",https://mhworld.kiranico.com/en/monsters/aYaUV/nergigante
nergigante,MHWorld,move_power_max,110,motion value (max over Monster Attacks rows; poedb only lists a subset so is not used here),https://mhworld.kiranico.com/en/monsters/aYaUV/nergigante
nergigante,MHWorld,size_base,1848.12,cm (poedb Base; never derived as gold/1.23 — crown thresholds are per-monster),https://mhw.poedb.tw/eng/monster/25/Nergigante
nergigante,MHWorld,size_gold,2273.19,cm (gold crown threshold),https://mhworld.kiranico.com/en/monsters/aYaUV/nergigante
nergigante,MHWorld,tolerance_paralysis,180,status build-up points,https://mhworld.kiranico.com/en/monsters/aYaUV/nergigante
nergigante,MHWorld,tolerance_poison,150,status build-up points,https://mhworld.kiranico.com/en/monsters/aYaUV/nergigante
nergigante,MHWorld,tolerance_sleep,150,status build-up points,https://mhworld.kiranico.com/en/monsters/aYaUV/nergigante
nergigante,MHWorld,tolerance_stun,200,status build-up points,https://mhworld.kiranico.com/en/monsters/aYaUV/nergigante
nerscylla,MH4U,base_hp,3900,HP,https://kiranico.com/en/mh4u/monster/nerscylla
nerscylla,MHGU,base_hp,3900,HP,https://raw.githubusercontent.com/gatheringhallstudios/MHGenDatabase/master/app/src/main/assets/databases/mhgu.db.zip
nerscylla,MHWilds,base_hp,4400,HP points,https://wilds.mhdb.io/en/monsters
nerscylla,MH4U,enrage_attack_mult,1.4,multiplier,https://kiranico.com/en/mh4u/monster/nerscylla
nerscylla,MHWilds,enrage_attack_mult,1.1,multiplier (High Rank),https://raw.githubusercontent.com/robomeche/MHWilds-Database/main/monster/assets/json/MHWilds_Data_compact.json.gz
nerscylla,MH4U,enrage_duration,90,seconds,https://kiranico.com/en/mh4u/monster/nerscylla
nerscylla,MHWilds,enrage_duration,120,seconds (High Rank),https://raw.githubusercontent.com/robomeche/MHWilds-Database/main/monster/assets/json/MHWilds_Data_compact.json.gz
nerscylla,MH4U,enrage_speed_mult,1.1,multiplier,https://kiranico.com/en/mh4u/monster/nerscylla
nerscylla,MHWilds,enrage_speed_mult,1.05,motion-speed multiplier (High Rank),https://raw.githubusercontent.com/robomeche/MHWilds-Database/main/monster/assets/json/MHWilds_Data_compact.json.gz
nerscylla,MHWilds,enrage_trigger,800,damage points (High Rank),https://raw.githubusercontent.com/robomeche/MHWilds-Database/main/monster/assets/json/MHWilds_Data_compact.json.gz
nerscylla,MH4U,head_stagger,100,damage,https://kiranico.com/en/mh4u/monster/nerscylla
nerscylla,MHGU,head_stagger,100,stagger threshold (raw),https://mhgu.kiranico.com/monster/60750
nerscylla,MHWilds,head_stagger,360,damage points (base),https://raw.githubusercontent.com/robomeche/MHWilds-Database/main/monster/assets/json/MHWilds_Data_compact.json.gz
nerscylla,MH4U,hitzone_max_raw,65,hitzone %,https://kiranico.com/en/mh4u/monster/nerscylla
nerscylla,MHGU,hitzone_max_raw,65,raw hitzone percent (max over all Kiranico GU states),https://mhgu.kiranico.com/monster/60750
nerscylla,MHWilds,hitzone_max_raw,65,"percent (robomeche Meat, default state max)",https://raw.githubusercontent.com/robomeche/MHWilds-Database/main/monster/assets/json/MHWilds_Data_compact.json.gz
nerscylla,MH4U,size_base,946.6666666666666,cm,https://kiranico.com/en/mh4u/monster/nerscylla
nerscylla,MHGU,size_base,998.9,cm,https://mhgu.kiranico.com/monster/60750
nerscylla,MHWilds,size_base,731.9625,cm,https://wilds.mhdb.io/en/monsters
nerscylla,MH4U,size_gold,1117.1,cm,https://kiranico.com/en/mh4u/monster/nerscylla
nerscylla,MHGU,size_gold,1178.7,cm,https://mhgu.kiranico.com/monster/60750
nerscylla,MHWilds,size_gold,900.3139,cm,https://wilds.mhdb.io/en/monsters
nerscylla,MH4U,tolerance_paralysis,110,status build-up points,https://kiranico.com/en/mh4u/monster/nerscylla
nerscylla,MHGU,tolerance_paralysis,110,status build-up points,https://raw.githubusercontent.com/gatheringhallstudios/MHGenDatabase/master/app/src/main/assets/databases/mhgu.db.zip
nerscylla,MHWilds,tolerance_paralysis,130,status build-up points,https://raw.githubusercontent.com/robomeche/MHWilds-Database/main/monster/assets/json/MHWilds_Data_compact.json.gz
nerscylla,MH4U,tolerance_poison,180,status build-up points,https://kiranico.com/en/mh4u/monster/nerscylla
nerscylla,MHGU,tolerance_poison,180,status build-up points,https://raw.githubusercontent.com/gatheringhallstudios/MHGenDatabase/master/app/src/main/assets/databases/mhgu.db.zip
nerscylla,MHWilds,tolerance_poison,150,status build-up points,https://raw.githubusercontent.com/robomeche/MHWilds-Database/main/monster/assets/json/MHWilds_Data_compact.json.gz
nerscylla,MH4U,tolerance_sleep,200,status build-up points,https://kiranico.com/en/mh4u/monster/nerscylla
nerscylla,MHGU,tolerance_sleep,200,status build-up points,https://raw.githubusercontent.com/gatheringhallstudios/MHGenDatabase/master/app/src/main/assets/databases/mhgu.db.zip
nerscylla,MHWilds,tolerance_sleep,250,status build-up points,https://raw.githubusercontent.com/robomeche/MHWilds-Database/main/monster/assets/json/MHWilds_Data_compact.json.gz
nerscylla,MH4U,tolerance_stun,120,status build-up points,https://kiranico.com/en/mh4u/monster/nerscylla
nerscylla,MHGU,tolerance_stun,120,status build-up points,https://raw.githubusercontent.com/gatheringhallstudios/MHGenDatabase/master/app/src/main/assets/databases/mhgu.db.zip
nerscylla,MHWilds,tolerance_stun,120,stun (KO) build-up points,https://raw.githubusercontent.com/robomeche/MHWilds-Database/main/monster/assets/json/MHWilds_Data_compact.json.gz
nibelsnarf,MHGU,base_hp,4000,HP,https://raw.githubusercontent.com/gatheringhallstudios/MHGenDatabase/master/app/src/main/assets/databases/mhgu.db.zip
nibelsnarf,MHGU,head_stagger,200,stagger threshold (raw),https://mhgu.kiranico.com/monster/63706
nibelsnarf,MHGU,hitzone_max_raw,70,raw hitzone percent (max over all Kiranico GU states),https://mhgu.kiranico.com/monster/63706
nibelsnarf,MHGU,size_base,2040.46,cm,https://mhgu.kiranico.com/monster/63706
nibelsnarf,MHGU,size_gold,2509.77,cm,https://mhgu.kiranico.com/monster/63706
nibelsnarf,MHGU,tolerance_paralysis,180,status build-up points,https://raw.githubusercontent.com/gatheringhallstudios/MHGenDatabase/master/app/src/main/assets/databases/mhgu.db.zip
nibelsnarf,MHGU,tolerance_poison,180,status build-up points,https://raw.githubusercontent.com/gatheringhallstudios/MHGenDatabase/master/app/src/main/assets/databases/mhgu.db.zip
nibelsnarf,MHGU,tolerance_sleep,180,status build-up points,https://raw.githubusercontent.com/gatheringhallstudios/MHGenDatabase/master/app/src/main/assets/databases/mhgu.db.zip
nibelsnarf,MHGU,tolerance_stun,150,status build-up points,https://raw.githubusercontent.com/gatheringhallstudios/MHGenDatabase/master/app/src/main/assets/databases/mhgu.db.zip
nightcloak-malfestio,MHGU,base_hp,4800,HP,https://raw.githubusercontent.com/gatheringhallstudios/MHGenDatabase/master/app/src/main/assets/databases/mhgu.db.zip
nightcloak-malfestio,MHGU,head_stagger,350,stagger threshold (raw),https://mhgu.kiranico.com/monster/6dade
nightcloak-malfestio,MHGU,hitzone_max_raw,50,raw hitzone percent (max over all Kiranico GU states),https://mhgu.kiranico.com/monster/6dade
nightcloak-malfestio,MHGU,size_base,733.02,cm,https://mhgu.kiranico.com/monster/6dade
nightcloak-malfestio,MHGU,size_gold,901.61,cm,https://mhgu.kiranico.com/monster/6dade
nightcloak-malfestio,MHGU,tolerance_paralysis,180,status build-up points,https://raw.githubusercontent.com/gatheringhallstudios/MHGenDatabase/master/app/src/main/assets/databases/mhgu.db.zip
nightcloak-malfestio,MHGU,tolerance_poison,180,status build-up points,https://raw.githubusercontent.com/gatheringhallstudios/MHGenDatabase/master/app/src/main/assets/databases/mhgu.db.zip
nightcloak-malfestio,MHGU,tolerance_sleep,200,status build-up points,https://raw.githubusercontent.com/gatheringhallstudios/MHGenDatabase/master/app/src/main/assets/databases/mhgu.db.zip
nightcloak-malfestio,MHGU,tolerance_stun,150,status build-up points,https://raw.githubusercontent.com/gatheringhallstudios/MHGenDatabase/master/app/src/main/assets/databases/mhgu.db.zip
nightshade-paolumu,MHWorld,base_hp,2950,HP,https://mhworld.kiranico.com/en/monsters/QNkhw/nightshade-paolumu
nightshade-paolumu,MHWorld,enrage_attack_mult,1.05,"multiplier (Low Rank/High Rank column, not Master Rank)",https://mhworld.kiranico.com/en/monsters/QNkhw/nightshade-paolumu
nightshade-paolumu,MHWorld,enrage_duration,150,"seconds (Low Rank/High Rank column, not Master Rank)",https://mhworld.kiranico.com/en/monsters/QNkhw/nightshade-paolumu
nightshade-paolumu,MHWorld,enrage_speed_mult,1.2,"multiplier (Low Rank/High Rank column, not Master Rank)",https://mhworld.kiranico.com/en/monsters/QNkhw/nightshade-paolumu
nightshade-paolumu,MHWorld,enrage_trigger,450,"damage points (Low Rank/High Rank column, not Master Rank)",https://mhworld.kiranico.com/en/monsters/QNkhw/nightshade-paolumu
nightshade-paolumu,MHWorld,head_stagger,180,"damage (Part Breakability, exact ""Head"" row)",https://mhworld.kiranico.com/en/monsters/QNkhw/nightshade-paolumu
nightshade-paolumu,MHWorld,hitzone_max_raw,75,"raw hitzone % (max sever/blunt/shot over LR/HR Physiology rows, including state-variant parts e.g. ""Head (White)"", excluding Master Rank override rows)",https://mhworld.kiranico.com/en/monsters/QNkhw/nightshade-paolumu
nightshade-paolumu,MHWorld,move_power_max,90,motion value (max over Monster Attacks rows; poedb only lists a subset so is not used here),https://mhworld.kiranico.com/en/monsters/QNkhw/nightshade-paolumu
nightshade-paolumu,MHWorld,size_base,1143.36,cm (poedb Base; never derived as gold/1.23 — crown thresholds are per-monster),https://mhw.poedb.tw/eng/monster/72/Nightshade%20Paolumu
nightshade-paolumu,MHWorld,size_gold,1406.33,cm (gold crown threshold),https://mhworld.kiranico.com/en/monsters/QNkhw/nightshade-paolumu
nightshade-paolumu,MHWorld,tolerance_paralysis,180,status build-up points,https://mhworld.kiranico.com/en/monsters/QNkhw/nightshade-paolumu
nightshade-paolumu,MHWorld,tolerance_poison,150,status build-up points,https://mhworld.kiranico.com/en/monsters/QNkhw/nightshade-paolumu
nightshade-paolumu,MHWorld,tolerance_sleep,250,status build-up points,https://mhworld.kiranico.com/en/monsters/QNkhw/nightshade-paolumu
nightshade-paolumu,MHWorld,tolerance_stun,150,status build-up points,https://mhworld.kiranico.com/en/monsters/QNkhw/nightshade-paolumu
nu-udra,MHWilds,base_hp,5250,HP points,https://wilds.mhdb.io/en/monsters
nu-udra,MHWilds,enrage_attack_mult,1.15,multiplier (High Rank),https://raw.githubusercontent.com/robomeche/MHWilds-Database/main/monster/assets/json/MHWilds_Data_compact.json.gz
nu-udra,MHWilds,enrage_duration,5,seconds (High Rank),https://raw.githubusercontent.com/robomeche/MHWilds-Database/main/monster/assets/json/MHWilds_Data_compact.json.gz
nu-udra,MHWilds,enrage_speed_mult,1.1,motion-speed multiplier (High Rank),https://raw.githubusercontent.com/robomeche/MHWilds-Database/main/monster/assets/json/MHWilds_Data_compact.json.gz
nu-udra,MHWilds,enrage_trigger,1500,damage points (High Rank),https://raw.githubusercontent.com/robomeche/MHWilds-Database/main/monster/assets/json/MHWilds_Data_compact.json.gz
nu-udra,MHWilds,head_stagger,500,damage points (base),https://raw.githubusercontent.com/robomeche/MHWilds-Database/main/monster/assets/json/MHWilds_Data_compact.json.gz
nu-udra,MHWilds,hitzone_max_raw,80,"percent (robomeche Meat, default state max)",https://raw.githubusercontent.com/robomeche/MHWilds-Database/main/monster/assets/json/MHWilds_Data_compact.json.gz
nu-udra,MHWilds,size_base,2093.7,cm,https://wilds.mhdb.io/en/monsters
nu-udra,MHWilds,size_gold,2365.8809,cm,https://wilds.mhdb.io/en/monsters
nu-udra,MHWilds,tolerance_paralysis,300,status build-up points,https://raw.githubusercontent.com/robomeche/MHWilds-Database/main/monster/assets/json/MHWilds_Data_compact.json.gz
nu-udra,MHWilds,tolerance_poison,150,status build-up points,https://raw.githubusercontent.com/robomeche/MHWilds-Database/main/monster/assets/json/MHWilds_Data_compact.json.gz
nu-udra,MHWilds,tolerance_sleep,150,status build-up points,https://raw.githubusercontent.com/robomeche/MHWilds-Database/main/monster/assets/json/MHWilds_Data_compact.json.gz
nu-udra,MHWilds,tolerance_stun,120,stun (KO) build-up points,https://raw.githubusercontent.com/robomeche/MHWilds-Database/main/monster/assets/json/MHWilds_Data_compact.json.gz
odogaron,MHWorld,base_hp,3000,HP,https://mhworld.kiranico.com/en/monsters/ADAfZ/odogaron
odogaron,MHWorld,enrage_attack_mult,1.15,"multiplier (Low Rank/High Rank column, not Master Rank)",https://mhworld.kiranico.com/en/monsters/ADAfZ/odogaron
odogaron,MHWorld,enrage_duration,100,"seconds (Low Rank/High Rank column, not Master Rank)",https://mhworld.kiranico.com/en/monsters/ADAfZ/odogaron
odogaron,MHWorld,enrage_speed_mult,1.05,"multiplier (Low Rank/High Rank column, not Master Rank)",https://mhworld.kiranico.com/en/monsters/ADAfZ/odogaron
odogaron,MHWorld,enrage_trigger,600,"damage points (Low Rank/High Rank column, not Master Rank)",https://mhworld.kiranico.com/en/monsters/ADAfZ/odogaron
odogaron,MHWorld,head_stagger,300,"damage (Part Breakability, exact ""Head"" row)",https://mhworld.kiranico.com/en/monsters/ADAfZ/odogaron
odogaron,MHWorld,hitzone_max_raw,75,"raw hitzone % (max sever/blunt/shot over LR/HR Physiology rows, including state-variant parts e.g. ""Head (White)"", excluding Master Rank override rows)",https://mhworld.kiranico.com/en/monsters/ADAfZ/odogaron
odogaron,MHWorld,move_power_max,80,motion value (max over Monster Attacks rows; poedb only lists a subset so is not used here),https://mhworld.kiranico.com/en/monsters/ADAfZ/odogaron
odogaron,MHWorld,size_base,1388.75,cm (poedb Base; never derived as gold/1.23 — crown thresholds are per-monster),https://mhw.poedb.tw/eng/monster/34/Odogaron
odogaron,MHWorld,size_gold,1708.16,cm (gold crown threshold),https://mhworld.kiranico.com/en/monsters/ADAfZ/odogaron
odogaron,MHWorld,tolerance_paralysis,100,status build-up points,https://mhworld.kiranico.com/en/monsters/ADAfZ/odogaron
odogaron,MHWorld,tolerance_poison,250,status build-up points,https://mhworld.kiranico.com/en/monsters/ADAfZ/odogaron
odogaron,MHWorld,tolerance_sleep,150,status build-up points,https://mhworld.kiranico.com/en/monsters/ADAfZ/odogaron
odogaron,MHWorld,tolerance_stun,150,status build-up points,https://mhworld.kiranico.com/en/monsters/ADAfZ/odogaron
old-fatalis,MH4U,base_hp,9000,HP,https://kiranico.com/en/mh4u/monster/white-fatalis
old-fatalis,MHGU,base_hp,9000,HP,https://raw.githubusercontent.com/gatheringhallstudios/MHGenDatabase/master/app/src/main/assets/databases/mhgu.db.zip
old-fatalis,MHGU,head_stagger,500,stagger threshold (raw),https://mhgu.kiranico.com/monster/6b886
old-fatalis,MHGU,hitzone_max_raw,85,raw hitzone percent (max over all Kiranico GU states),https://mhgu.kiranico.com/monster/6b886
old-fatalis,MHGU,size_base,4119.2,cm,https://mhgu.kiranico.com/monster/6b886
old-fatalis,MH4U,tolerance_paralysis,400,status build-up points,https://kiranico.com/en/mh4u/monster/white-fatalis
old-fatalis,MHGU,tolerance_paralysis,400,status build-up points,https://raw.githubusercontent.com/gatheringhallstudios/MHGenDatabase/master/app/src/main/assets/databases/mhgu.db.zip
old-fatalis,MH4U,tolerance_poison,400,status build-up points,https://kiranico.com/en/mh4u/monster/white-fatalis
old-fatalis,MHGU,tolerance_poison,400,status build-up points,https://raw.githubusercontent.com/gatheringhallstudios/MHGenDatabase/master/app/src/main/assets/databases/mhgu.db.zip
old-fatalis,MH4U,tolerance_sleep,400,status build-up points,https://kiranico.com/en/mh4u/monster/white-fatalis
old-fatalis,MHGU,tolerance_sleep,400,status build-up points,https://raw.githubusercontent.com/gatheringhallstudios/MHGenDatabase/master/app/src/main/assets/databases/mhgu.db.zip
omega-planetes,MHWilds,base_hp,7000,HP points,https://wilds.mhdb.io/en/monsters
omega-planetes,MHWilds,enrage_attack_mult,1.1,multiplier (High Rank),https://raw.githubusercontent.com/robomeche/MHWilds-Database/main/monster/assets/json/MHWilds_Data_compact.json.gz
omega-planetes,MHWilds,enrage_duration,120,seconds (High Rank),https://raw.githubusercontent.com/robomeche/MHWilds-Database/main/monster/assets/json/MHWilds_Data_compact.json.gz
omega-planetes,MHWilds,enrage_speed_mult,1.1,motion-speed multiplier (High Rank),https://raw.githubusercontent.com/robomeche/MHWilds-Database/main/monster/assets/json/MHWilds_Data_compact.json.gz
omega-planetes,MHWilds,enrage_trigger,2000,damage points (High Rank),https://raw.githubusercontent.com/robomeche/MHWilds-Database/main/monster/assets/json/MHWilds_Data_compact.json.gz
omega-planetes,MHWilds,head_stagger,600,damage points (base),https://raw.githubusercontent.com/robomeche/MHWilds-Database/main/monster/assets/json/MHWilds_Data_compact.json.gz
omega-planetes,MHWilds,hitzone_max_raw,100,"percent (robomeche Meat, default state max)",https://raw.githubusercontent.com/robomeche/MHWilds-Database/main/monster/assets/json/MHWilds_Data_compact.json.gz
omega-planetes,MHWilds,size_base,1181.86,cm,https://wilds.mhdb.io/en/monsters
omega-planetes,MHWilds,size_gold,1453.6877,cm,https://wilds.mhdb.io/en/monsters
omega-planetes,MHWilds,tolerance_paralysis,300,status build-up points,https://raw.githubusercontent.com/robomeche/MHWilds-Database/main/monster/assets/json/MHWilds_Data_compact.json.gz
omega-planetes,MHWilds,tolerance_poison,0,status build-up points,https://raw.githubusercontent.com/robomeche/MHWilds-Database/main/monster/assets/json/MHWilds_Data_compact.json.gz
omega-planetes,MHWilds,tolerance_sleep,0,status build-up points,https://raw.githubusercontent.com/robomeche/MHWilds-Database/main/monster/assets/json/MHWilds_Data_compact.json.gz
omega-planetes,MHWilds,tolerance_stun,300,stun (KO) build-up points,https://raw.githubusercontent.com/robomeche/MHWilds-Database/main/monster/assets/json/MHWilds_Data_compact.json.gz
oroshi-kirin,MH4U,base_hp,3200,HP,https://kiranico.com/en/mh4u/monster/oroshi-kirin
oroshi-kirin,MH4U,enrage_attack_mult,1.4,multiplier,https://kiranico.com/en/mh4u/monster/oroshi-kirin
oroshi-kirin,MH4U,enrage_duration,90,seconds,https://kiranico.com/en/mh4u/monster/oroshi-kirin
oroshi-kirin,MH4U,enrage_speed_mult,1.2,multiplier,https://kiranico.com/en/mh4u/monster/oroshi-kirin
oroshi-kirin,MH4U,head_stagger,250,damage,https://kiranico.com/en/mh4u/monster/oroshi-kirin
oroshi-kirin,MH4U,hitzone_max_raw,40,hitzone %,https://kiranico.com/en/mh4u/monster/oroshi-kirin
oroshi-kirin,MH4U,size_base,549.7777777777778,cm,https://kiranico.com/en/mh4u/monster/oroshi-kirin
oroshi-kirin,MH4U,size_gold,676.3,cm,https://kiranico.com/en/mh4u/monster/oroshi-kirin
oroshi-kirin,MH4U,tolerance_poison,200,status build-up points,https://kiranico.com/en/mh4u/monster/oroshi-kirin
oroshi-kirin,MH4U,tolerance_sleep,200,status build-up points,https://kiranico.com/en/mh4u/monster/oroshi-kirin
oroshi-kirin,MH4U,tolerance_stun,150,status build-up points,https://kiranico.com/en/mh4u/monster/oroshi-kirin
paolumu,MHWorld,base_hp,2950,HP,https://mhworld.kiranico.com/en/monsters/2mnT3/paolumu
paolumu,MHWorld,enrage_attack_mult,1.05,"multiplier (Low Rank/High Rank column, not Master Rank)",https://mhworld.kiranico.com/en/monsters/2mnT3/paolumu
paolumu,MHWorld,enrage_duration,150,"seconds (Low Rank/High Rank column, not Master Rank)",https://mhworld.kiranico.com/en/monsters/2mnT3/paolumu
paolumu,MHWorld,enrage_speed_mult,1.2,"multiplier (Low Rank/High Rank column, not Master Rank)",https://mhworld.kiranico.com/en/monsters/2mnT3/paolumu
paolumu,MHWorld,enrage_trigger,450,"damage points (Low Rank/High Rank column, not Master Rank)",https://mhworld.kiranico.com/en/monsters/2mnT3/paolumu
paolumu,MHWorld,head_stagger,180,"damage (Part Breakability, exact ""Head"" row)",https://mhworld.kiranico.com/en/monsters/2mnT3/paolumu
paolumu,MHWorld,hitzone_max_raw,75,"raw hitzone % (max sever/blunt/shot over LR/HR Physiology rows, including state-variant parts e.g. ""Head (White)"", excluding Master Rank override rows)",https://mhworld.kiranico.com/en/monsters/2mnT3/paolumu
paolumu,MHWorld,move_power_max,90,motion value (max over Monster Attacks rows; poedb only lists a subset so is not used here),https://mhworld.kiranico.com/en/monsters/2mnT3/paolumu
paolumu,MHWorld,size_base,1143.36,cm (poedb Base; never derived as gold/1.23 — crown thresholds are per-monster),https://mhw.poedb.tw/eng/monster/31/Paolumu
paolumu,MHWorld,size_gold,1406.33,cm (gold crown threshold),https://mhworld.kiranico.com/en/monsters/2mnT3/paolumu
paolumu,MHWorld,tolerance_paralysis,180,status build-up points,https://mhworld.kiranico.com/en/monsters/2mnT3/paolumu
paolumu,MHWorld,tolerance_poison,150,status build-up points,https://mhworld.kiranico.com/en/monsters/2mnT3/paolumu
paolumu,MHWorld,tolerance_sleep,150,status build-up points,https://mhworld.kiranico.com/en/monsters/2mnT3/paolumu
paolumu,MHWorld,tolerance_stun,100,status build-up points,https://mhworld.kiranico.com/en/monsters/2mnT3/paolumu
pink-rathian,MH4U,base_hp,4200,HP,https://kiranico.com/en/mh4u/monster/pink-rathian
pink-rathian,MHWorld,base_hp,3000,HP,https://mhworld.kiranico.com/en/monsters/BnNTd/pink-rathian
pink-rathian,MH4U,enrage_attack_mult,1.3,multiplier,https://kiranico.com/en/mh4u/monster/pink-rathian
pink-rathian,MHWorld,enrage_attack_mult,1.1,"multiplier (Low Rank/High Rank column, not Master Rank)",https://mhworld.kiranico.com/en/monsters/BnNTd/pink-rathian
pink-rathian,MH4U,enrage_duration,90,seconds,https://kiranico.com/en/mh4u/monster/pink-rathian
pink-rathian,MHWorld,enrage_duration,100,"seconds (Low Rank/High Rank column, not Master Rank)",https://mhworld.kiranico.com/en/monsters/BnNTd/pink-rathian
pink-rathian,MH4U,enrage_speed_mult,1.2,multiplier,https://kiranico.com/en/mh4u/monster/pink-rathian
pink-rathian,MHWorld,enrage_speed_mult,1.1,"multiplier (Low Rank/High Rank column, not Master Rank)",https://mhworld.kiranico.com/en/monsters/BnNTd/pink-rathian
pink-rathian,MHWorld,enrage_trigger,600,"damage points (Low Rank/High Rank column, not Master Rank)",https://mhworld.kiranico.com/en/monsters/BnNTd/pink-rathian
pink-rathian,MH4U,head_stagger,200,damage,https://kiranico.com/en/mh4u/monster/pink-rathian
pink-rathian,MHWorld,head_stagger,240,"damage (Part Breakability, exact ""Head"" row)",https://mhworld.kiranico.com/en/monsters/BnNTd/pink-rathian
pink-rathian,MH4U,hitzone_max_raw,70,hitzone %,https://kiranico.com/en/mh4u/monster/pink-rathian
pink-rathian,MHWorld,hitzone_max_raw,65,"raw hitzone % (max sever/blunt/shot over LR/HR Physiology rows, including state-variant parts e.g. ""Head (White)"", excluding Master Rank override rows)",https://mhworld.kiranico.com/en/monsters/BnNTd/pink-rathian
pink-rathian,MHWorld,move_power_max,95,motion value (max over Monster Attacks rows; poedb only lists a subset so is not used here),https://mhworld.kiranico.com/en/monsters/BnNTd/pink-rathian
pink-rathian,MH4U,size_base,1783,cm,https://kiranico.com/en/mh4u/monster/pink-rathian
pink-rathian,MHWorld,size_base,1754.37,cm (poedb Base; never derived as gold/1.23 — crown thresholds are per-monster),https://mhw.poedb.tw/eng/monster/10/Pink%20Rathian
pink-rathian,MH4U,size_gold,2034.8,cm,https://kiranico.com/en/mh4u/monster/pink-rathian
pink-rathian,MHWorld,size_gold,2157.88,cm (gold crown threshold),https://mhworld.kiranico.com/en/monsters/BnNTd/pink-rathian
pink-rathian,MH4U,tolerance_paralysis,180,status build-up points,https://kiranico.com/en/mh4u/monster/pink-rathian
pink-rathian,MHWorld,tolerance_paralysis,180,status build-up points,https://mhworld.kiranico.com/en/monsters/BnNTd/pink-rathian
pink-rathian,MH4U,tolerance_poison,180,status build-up points,https://kiranico.com/en/mh4u/monster/pink-rathian
pink-rathian,MHWorld,tolerance_poison,250,status build-up points,https://mhworld.kiranico.com/en/monsters/BnNTd/pink-rathian
pink-rathian,MH4U,tolerance_sleep,180,status build-up points,https://kiranico.com/en/mh4u/monster/pink-rathian
pink-rathian,MHWorld,tolerance_sleep,150,status build-up points,https://mhworld.kiranico.com/en/monsters/BnNTd/pink-rathian
pink-rathian,MH4U,tolerance_stun,130,status build-up points,https://kiranico.com/en/mh4u/monster/pink-rathian
pink-rathian,MHWorld,tolerance_stun,120,status build-up points,https://mhworld.kiranico.com/en/monsters/BnNTd/pink-rathian
plesioth,MHGU,base_hp,4000,HP,https://raw.githubusercontent.com/gatheringhallstudios/MHGenDatabase/master/app/src/main/assets/databases/mhgu.db.zip
plesioth,MHGU,head_stagger,200,stagger threshold (raw),https://mhgu.kiranico.com/monster/76a56
plesioth,MHGU,hitzone_max_raw,50,raw hitzone percent (max over all Kiranico GU states),https://mhgu.kiranico.com/monster/76a56
plesioth,MHGU,size_base,2624.83,cm,https://mhgu.kiranico.com/monster/76a56
plesioth,MHGU,size_gold,3228.54,cm,https://mhgu.kiranico.com/monster/76a56
plesioth,MHGU,tolerance_paralysis,100,status build-up points,https://raw.githubusercontent.com/gatheringhallstudios/MHGenDatabase/master/app/src/main/assets/databases/mhgu.db.zip
plesioth,MHGU,tolerance_poison,100,status build-up points,https://raw.githubusercontent.com/gatheringhallstudios/MHGenDatabase/master/app/src/main/assets/databases/mhgu.db.zip
plesioth,MHGU,tolerance_sleep,100,status build-up points,https://raw.githubusercontent.com/gatheringhallstudios/MHGenDatabase/master/app/src/main/assets/databases/mhgu.db.zip
plesioth,MHGU,tolerance_stun,130,status build-up points,https://raw.githubusercontent.com/gatheringhallstudios/MHGenDatabase/master/app/src/main/assets/databases/mhgu.db.zip
plum-daimyo-hermitaur,MH4U,base_hp,3500,HP,https://kiranico.com/en/mh4u/monster/plum-d.hermitaur
plum-daimyo-hermitaur,MH4U,enrage_attack_mult,1.3,multiplier,https://kiranico.com/en/mh4u/monster/plum-d.hermitaur
plum-daimyo-hermitaur,MH4U,enrage_duration,80,seconds,https://kiranico.com/en/mh4u/monster/plum-d.hermitaur
plum-daimyo-hermitaur,MH4U,enrage_speed_mult,1.2,multiplier,https://kiranico.com/en/mh4u/monster/plum-d.hermitaur
plum-daimyo-hermitaur,MH4U,head_stagger,170,damage,https://kiranico.com/en/mh4u/monster/plum-d.hermitaur
plum-daimyo-hermitaur,MH4U,hitzone_max_raw,60,hitzone %,https://kiranico.com/en/mh4u/monster/plum-d.hermitaur
plum-daimyo-hermitaur,MH4U,size_base,533.5555555555555,cm,https://kiranico.com/en/mh4u/monster/plum-d.hermitaur
plum-daimyo-hermitaur,MH4U,size_gold,608.9,cm,https://kiranico.com/en/mh4u/monster/plum-d.hermitaur
plum-daimyo-hermitaur,MH4U,tolerance_paralysis,125,status build-up points,https://kiranico.com/en/mh4u/monster/plum-d.hermitaur
plum-daimyo-hermitaur,MH4U,tolerance_poison,200,status build-up points,https://kiranico.com/en/mh4u/monster/plum-d.hermitaur
plum-daimyo-hermitaur,MH4U,tolerance_sleep,150,status build-up points,https://kiranico.com/en/mh4u/monster/plum-d.hermitaur
plum-daimyo-hermitaur,MH4U,tolerance_stun,120,status build-up points,https://kiranico.com/en/mh4u/monster/plum-d.hermitaur
primordial-malzeno,MHRS,base_hp,5000,"HP (base_hp_vital, LR/HR)",https://mhrice.info/mhrice.json
primordial-malzeno,MHRS,enrage_attack_mult,1.15,multiplier,https://mhrice.info/mhrice.json
primordial-malzeno,MHRS,enrage_duration,80,seconds,https://mhrice.info/mhrice.json
primordial-malzeno,MHRS,enrage_speed_mult,1,motion-rate multiplier,https://mhrice.info/mhrice.json
primordial-malzeno,MHRS,enrage_trigger,800,damage points (High Rank),https://mhrice.info/mhrice.json
primordial-malzeno,MHRS,head_stagger,400,"part vital (flinch value, LR/HR)",https://mhrice.info/mhrice.json
primordial-malzeno,MHRS,hitzone_max_raw,58,hitzone percent (max over all parts and phases),https://mhrice.info/mhrice.json
primordial-malzeno,MHRS,move_power_max,150,raw damage (max base_damage),https://mhrice.info/mhrice.json
primordial-malzeno,MHRS,size_base,2081.64,cm,https://mhrice.info/mhrice.json
primordial-malzeno,MHRS,size_gold,2435.5188,cm (base_size * king_boarder),https://mhrice.info/mhrice.json
primordial-malzeno,MHRS,tolerance_paralysis,300,status build-up points,https://mhrice.info/mhrice.json
primordial-malzeno,MHRS,tolerance_poison,250,status build-up points,https://mhrice.info/mhrice.json
primordial-malzeno,MHRS,tolerance_sleep,250,status build-up points,https://mhrice.info/mhrice.json
primordial-malzeno,MHRS,tolerance_stun,300,status build-up points,https://mhrice.info/mhrice.json
pukei-pukei,MHRS,base_hp,4100,"HP (base_hp_vital, LR/HR)",https://mhrice.info/mhrice.json
pukei-pukei,MHRS,enrage_attack_mult,1.15,multiplier,https://mhrice.info/mhrice.json
pukei-pukei,MHRS,enrage_duration,80,seconds,https://mhrice.info/mhrice.json
pukei-pukei,MHRS,enrage_speed_mult,1.05,motion-rate multiplier,https://mhrice.info/mhrice.json
pukei-pukei,MHRS,enrage_trigger,900,damage points (High Rank),https://mhrice.info/mhrice.json
pukei-pukei,MHRS,head_stagger,250,"part vital (flinch value, LR/HR)",https://mhrice.info/mhrice.json
pukei-pukei,MHRS,hitzone_max_raw,95,hitzone percent (max over all parts and phases),https://mhrice.info/mhrice.json
pukei-pukei,MHRS,move_power_max,55,raw damage (max base_damage),https://mhrice.info/mhrice.json
pukei-pukei,MHRS,size_base,1102.45,cm,https://mhrice.info/mhrice.json
pukei-pukei,MHRS,size_gold,1356.0135,cm (base_size * king_boarder),https://mhrice.info/mhrice.json
pukei-pukei,MHRS,tolerance_paralysis,130,status build-up points,https://mhrice.info/mhrice.json
pukei-pukei,MHRS,tolerance_poison,250,status build-up points,https://mhrice.info/mhrice.json
pukei-pukei,MHRS,tolerance_sleep,100,status build-up points,https://mhrice.info/mhrice.json
pukei-pukei,MHRS,tolerance_stun,120,status build-up points,https://mhrice.info/mhrice.json
purple-gypceros,MH4U,base_hp,3900,HP,https://kiranico.com/en/mh4u/monster/purple-gypceros
purple-gypceros,MH4U,enrage_attack_mult,1.3,multiplier,https://kiranico.com/en/mh4u/monster/purple-gypceros
purple-gypceros,MH4U,enrage_duration,60,seconds,https://kiranico.com/en/mh4u/monster/purple-gypceros
purple-gypceros,MH4U,enrage_speed_mult,1.3,multiplier,https://kiranico.com/en/mh4u/monster/purple-gypceros
purple-gypceros,MH4U,head_stagger,220,damage,https://kiranico.com/en/mh4u/monster/purple-gypceros
purple-gypceros,MH4U,hitzone_max_raw,80,hitzone %,https://kiranico.com/en/mh4u/monster/purple-gypceros
purple-gypceros,MH4U,size_base,1068,cm,https://kiranico.com/en/mh4u/monster/purple-gypceros
purple-gypceros,MH4U,size_gold,1218.8,cm,https://kiranico.com/en/mh4u/monster/purple-gypceros
purple-gypceros,MH4U,tolerance_paralysis,150,status build-up points,https://kiranico.com/en/mh4u/monster/purple-gypceros
purple-gypceros,MH4U,tolerance_poison,250,status build-up points,https://kiranico.com/en/mh4u/monster/purple-gypceros
purple-gypceros,MH4U,tolerance_sleep,150,status build-up points,https://kiranico.com/en/mh4u/monster/purple-gypceros
purple-gypceros,MH4U,tolerance_stun,150,status build-up points,https://kiranico.com/en/mh4u/monster/purple-gypceros
purple-ludroth,MH3U,enrage_attack_mult,1.2,multiplier,http://mh3g.org/book/roarudorosu-b.html
purple-ludroth,MH3U,enrage_duration,90,seconds,http://mh3g.org/book/roarudorosu-b.html
purple-ludroth,MH3U,enrage_speed_mult,1.1,multiplier,http://mh3g.org/book/roarudorosu-b.html
purple-ludroth,MH3U,head_stagger,160,damage points (village-quest base),http://mh3g.org/book/roarudorosu-b.html
purple-ludroth,MH3U,hitzone_max_raw,50,"raw hitzone % (max of cut/impact/shot, sentinels excluded)",https://raw.githubusercontent.com/dbooga/MonsterHunter3UDatabase/master/MonsterHunter3UDatabase/assets/mh3u.sqlite
purple-ludroth,MH3U,size_base,1545.2,cm,https://monsterhunterwiki.org/wiki/Purple_Ludroth_(MH3U)
purple-ludroth,MH3U,size_gold,1900.59,cm,https://monsterhunterwiki.org/wiki/Purple_Ludroth_(MH3U)
purple-ludroth,MH3U,tolerance_paralysis,200,status build-up points (village base),http://mh3g.trigwiki.jp/data/936.html
purple-ludroth,MH3U,tolerance_poison,250,status build-up points (village base),http://mh3g.trigwiki.jp/data/936.html
purple-ludroth,MH3U,tolerance_sleep,200,status build-up points (village base),http://mh3g.trigwiki.jp/data/936.html
purple-ludroth,MH3U,tolerance_stun,200,status build-up points (village base),http://mh3g.trigwiki.jp/data/936.html
pyre-rakna-kadaki,MHRS,base_hp,5000,"HP (base_hp_vital, LR/HR)",https://mhrice.info/mhrice.json
pyre-rakna-kadaki,MHRS,enrage_attack_mult,1.2,multiplier,https://mhrice.info/mhrice.json
pyre-rakna-kadaki,MHRS,enrage_duration,120,seconds,https://mhrice.info/mhrice.json
pyre-rakna-kadaki,MHRS,enrage_speed_mult,1.2,motion-rate multiplier,https://mhrice.info/mhrice.json
pyre-rakna-kadaki,MHRS,enrage_trigger,1050,damage points (High Rank),https://mhrice.info/mhrice.json
pyre-rakna-kadaki,MHRS,head_stagger,350,"part vital (flinch value, LR/HR)",https://mhrice.info/mhrice.json
pyre-rakna-kadaki,MHRS,hitzone_max_raw,65,hitzone percent (max over all parts and phases),https://mhrice.info/mhrice.json
pyre-rakna-kadaki,MHRS,move_power_max,90,raw damage (max base_damage),https://mhrice.info/mhrice.json
pyre-rakna-kadaki,MHRS,size_base,856.93,cm,https://mhrice.info/mhrice.json
pyre-rakna-kadaki,MHRS,size_gold,1054.0239,cm (base_size * king_boarder),https://mhrice.info/mhrice.json
pyre-rakna-kadaki,MHRS,tolerance_paralysis,180,status build-up points,https://mhrice.info/mhrice.json
pyre-rakna-kadaki,MHRS,tolerance_poison,250,status build-up points,https://mhrice.info/mhrice.json
pyre-rakna-kadaki,MHRS,tolerance_sleep,150,status build-up points,https://mhrice.info/mhrice.json
pyre-rakna-kadaki,MHRS,tolerance_stun,100,status build-up points,https://mhrice.info/mhrice.json
quematrice,MHWilds,base_hp,4000,HP points,https://wilds.mhdb.io/en/monsters
quematrice,MHWilds,enrage_attack_mult,1.05,multiplier (High Rank),https://raw.githubusercontent.com/robomeche/MHWilds-Database/main/monster/assets/json/MHWilds_Data_compact.json.gz
quematrice,MHWilds,enrage_duration,80,seconds (High Rank),https://raw.githubusercontent.com/robomeche/MHWilds-Database/main/monster/assets/json/MHWilds_Data_compact.json.gz
quematrice,MHWilds,enrage_speed_mult,1.05,motion-speed multiplier (High Rank),https://raw.githubusercontent.com/robomeche/MHWilds-Database/main/monster/assets/json/MHWilds_Data_compact.json.gz
quematrice,MHWilds,enrage_trigger,1200,damage points (High Rank),https://raw.githubusercontent.com/robomeche/MHWilds-Database/main/monster/assets/json/MHWilds_Data_compact.json.gz
quematrice,MHWilds,head_stagger,600,damage points (base),https://raw.githubusercontent.com/robomeche/MHWilds-Database/main/monster/assets/json/MHWilds_Data_compact.json.gz
quematrice,MHWilds,hitzone_max_raw,65,"percent (robomeche Meat, default state max)",https://raw.githubusercontent.com/robomeche/MHWilds-Database/main/monster/assets/json/MHWilds_Data_compact.json.gz
quematrice,MHWilds,size_base,1244.165,cm,https://wilds.mhdb.io/en/monsters
quematrice,MHWilds,size_gold,1530.323,cm,https://wilds.mhdb.io/en/monsters
quematrice,MHWilds,tolerance_paralysis,130,status build-up points,https://raw.githubusercontent.com/robomeche/MHWilds-Database/main/monster/assets/json/MHWilds_Data_compact.json.gz
quematrice,MHWilds,tolerance_poison,100,status build-up points,https://raw.githubusercontent.com/robomeche/MHWilds-Database/main/monster/assets/json/MHWilds_Data_compact.json.gz
quematrice,MHWilds,tolerance_sleep,150,status build-up points,https://raw.githubusercontent.com/robomeche/MHWilds-Database/main/monster/assets/json/MHWilds_Data_compact.json.gz
quematrice,MHWilds,tolerance_stun,120,stun (KO) build-up points,https://raw.githubusercontent.com/robomeche/MHWilds-Database/main/monster/assets/json/MHWilds_Data_compact.json.gz
qurupeco,MH3U,enrage_attack_mult,1.3,multiplier,http://mh3g.org/book/kurupekko.html
qurupeco,MH3U,enrage_duration,60,seconds,http://mh3g.org/book/kurupekko.html
qurupeco,MH3U,enrage_speed_mult,1.2,multiplier,http://mh3g.org/book/kurupekko.html
qurupeco,MH3U,head_stagger,130,damage points (village-quest base),http://mh3g.org/book/kurupekko.html
qurupeco,MH3U,hitzone_max_raw,90,"raw hitzone % (max of cut/impact/shot, sentinels excluded)",https://raw.githubusercontent.com/dbooga/MonsterHunter3UDatabase/master/MonsterHunter3UDatabase/assets/mh3u.sqlite
qurupeco,MH3U,size_base,868.3,cm,https://monsterhunterwiki.org/wiki/Qurupeco_(MH3U)
qurupeco,MH3U,size_gold,1068,cm,https://monsterhunterwiki.org/wiki/Qurupeco_(MH3U)
qurupeco,MH3U,tolerance_paralysis,150,status build-up points (village base),http://mh3g.trigwiki.jp/data/913.html
qurupeco,MH3U,tolerance_poison,150,status build-up points (village base),http://mh3g.trigwiki.jp/data/913.html
qurupeco,MH3U,tolerance_sleep,150,status build-up points (village base),http://mh3g.trigwiki.jp/data/913.html
qurupeco,MH3U,tolerance_stun,100,status build-up points (village base),http://mh3g.trigwiki.jp/data/913.html
radobaan,MHWorld,base_hp,3000,HP,https://mhworld.kiranico.com/en/monsters/v2OUJ/radobaan
radobaan,MHWorld,enrage_attack_mult,1.1,"multiplier (Low Rank/High Rank column, not Master Rank)",https://mhworld.kiranico.com/en/monsters/v2OUJ/radobaan
radobaan,MHWorld,enrage_duration,100,"seconds (Low Rank/High Rank column, not Master Rank)",https://mhworld.kiranico.com/en/monsters/v2OUJ/radobaan
radobaan,MHWorld,enrage_speed_mult,1.05,"multiplier (Low Rank/High Rank column, not Master Rank)",https://mhworld.kiranico.com/en/monsters/v2OUJ/radobaan
radobaan,MHWorld,enrage_trigger,370,"damage points (Low Rank/High Rank column, not Master Rank)",https://mhworld.kiranico.com/en/monsters/v2OUJ/radobaan
radobaan,MHWorld,head_stagger,300,"damage (Part Breakability, exact ""Head"" row)",https://mhworld.kiranico.com/en/monsters/v2OUJ/radobaan
radobaan,MHWorld,hitzone_max_raw,90,"raw hitzone % (max sever/blunt/shot over LR/HR Physiology rows, including state-variant parts e.g. ""Head (White)"", excluding Master Rank override rows)",https://mhworld.kiranico.com/en/monsters/v2OUJ/radobaan
radobaan,MHWorld,move_power_max,80,motion value (max over Monster Attacks rows; poedb only lists a subset so is not used here),https://mhworld.kiranico.com/en/monsters/v2OUJ/radobaan
radobaan,MHWorld,size_base,1803.47,cm (poedb Base; never derived as gold/1.23 — crown thresholds are per-monster),https://mhw.poedb.tw/eng/monster/35/Radobaan
radobaan,MHWorld,size_gold,2164.16,cm (gold crown threshold),https://mhworld.kiranico.com/en/monsters/v2OUJ/radobaan
radobaan,MHWorld,tolerance_paralysis,130,status build-up points,https://mhworld.kiranico.com/en/monsters/v2OUJ/radobaan
radobaan,MHWorld,tolerance_poison,180,status build-up points,https://mhworld.kiranico.com/en/monsters/v2OUJ/radobaan
radobaan,MHWorld,tolerance_sleep,250,status build-up points,https://mhworld.kiranico.com/en/monsters/v2OUJ/radobaan
radobaan,MHWorld,tolerance_stun,150,status build-up points,https://mhworld.kiranico.com/en/monsters/v2OUJ/radobaan
raging-brachydios,MH4U,base_hp,5500,HP,https://kiranico.com/en/mh4u/monster/raging-brachydios
raging-brachydios,MHGU,base_hp,5500,HP,https://raw.githubusercontent.com/gatheringhallstudios/MHGenDatabase/master/app/src/main/assets/databases/mhgu.db.zip
raging-brachydios,MHWorld,base_hp,3800,HP,https://mhworld.kiranico.com/en/monsters/JoYHZ/raging-brachydios
raging-brachydios,MH4U,enrage_attack_mult,1.3,multiplier,https://kiranico.com/en/mh4u/monster/raging-brachydios
raging-brachydios,MHWorld,enrage_attack_mult,1,"multiplier (Low Rank/High Rank column, not Master Rank)",https://mhworld.kiranico.com/en/monsters/JoYHZ/raging-brachydios
raging-brachydios,MH4U,enrage_duration,120,seconds,https://kiranico.com/en/mh4u/monster/raging-brachydios
raging-brachydios,MHWorld,enrage_duration,130,"seconds (Low Rank/High Rank column, not Master Rank)",https://mhworld.kiranico.com/en/monsters/JoYHZ/raging-brachydios
raging-brachydios,MH4U,enrage_speed_mult,1.1,multiplier,https://kiranico.com/en/mh4u/monster/raging-brachydios
raging-brachydios,MHWorld,enrage_speed_mult,1.02,"multiplier (Low Rank/High Rank column, not Master Rank)",https://mhworld.kiranico.com/en/monsters/JoYHZ/raging-brachydios
raging-brachydios,MHWorld,enrage_trigger,500,"damage points (Low Rank/High Rank column, not Master Rank)",https://mhworld.kiranico.com/en/monsters/JoYHZ/raging-brachydios
raging-brachydios,MH4U,head_stagger,260,damage,https://kiranico.com/en/mh4u/monster/raging-brachydios
raging-brachydios,MHGU,head_stagger,260,stagger threshold (raw),https://mhgu.kiranico.com/monster/65ed3
raging-brachydios,MHWorld,head_stagger,350,"damage (Part Breakability, exact ""Head"" row)",https://mhworld.kiranico.com/en/monsters/JoYHZ/raging-brachydios
raging-brachydios,MHGU,hitzone_max_raw,65,raw hitzone percent (max over all Kiranico GU states),https://mhgu.kiranico.com/monster/65ed3
raging-brachydios,MHWorld,hitzone_max_raw,75,"raw hitzone % (max sever/blunt/shot over LR/HR Physiology rows, including state-variant parts e.g. ""Head (White)"", excluding Master Rank override rows)",https://mhworld.kiranico.com/en/monsters/JoYHZ/raging-brachydios
raging-brachydios,MHWorld,move_power_max,90,motion value (max over Monster Attacks rows; poedb only lists a subset so is not used here),https://mhworld.kiranico.com/en/monsters/JoYHZ/raging-brachydios
raging-brachydios,MHGU,size_base,1521.8,cm,https://mhgu.kiranico.com/monster/65ed3
raging-brachydios,MHWorld,size_base,2282.77,cm (poedb Base; never derived as gold/1.23 — crown thresholds are per-monster),https://mhw.poedb.tw/eng/monster/96/Raging%20Brachydios
raging-brachydios,MHGU,size_gold,1871.81,cm,https://mhgu.kiranico.com/monster/65ed3
raging-brachydios,MHWorld,size_gold,2807.81,cm (gold crown threshold),https://mhworld.kiranico.com/en/monsters/JoYHZ/raging-brachydios
raging-brachydios,MH4U,tolerance_paralysis,200,status build-up points,https://kiranico.com/en/mh4u/monster/raging-brachydios
raging-brachydios,MHGU,tolerance_paralysis,200,status build-up points,https://raw.githubusercontent.com/gatheringhallstudios/MHGenDatabase/master/app/src/main/assets/databases/mhgu.db.zip
raging-brachydios,MHWorld,tolerance_paralysis,180,status build-up points,https://mhworld.kiranico.com/en/monsters/JoYHZ/raging-brachydios
raging-brachydios,MH4U,tolerance_poison,150,status build-up points,https://kiranico.com/en/mh4u/monster/raging-brachydios
raging-brachydios,MHGU,tolerance_poison,150,status build-up points,https://raw.githubusercontent.com/gatheringhallstudios/MHGenDatabase/master/app/src/main/assets/databases/mhgu.db.zip
raging-brachydios,MHWorld,tolerance_poison,150,status build-up points,https://mhworld.kiranico.com/en/monsters/JoYHZ/raging-brachydios
raging-brachydios,MH4U,tolerance_sleep,150,status build-up points,https://kiranico.com/en/mh4u/monster/raging-brachydios
raging-brachydios,MHGU,tolerance_sleep,150,status build-up points,https://raw.githubusercontent.com/gatheringhallstudios/MHGenDatabase/master/app/src/main/assets/databases/mhgu.db.zip
raging-brachydios,MHWorld,tolerance_sleep,150,status build-up points,https://mhworld.kiranico.com/en/monsters/JoYHZ/raging-brachydios
raging-brachydios,MH4U,tolerance_stun,90,status build-up points,https://kiranico.com/en/mh4u/monster/raging-brachydios
raging-brachydios,MHGU,tolerance_stun,90,status build-up points,https://raw.githubusercontent.com/gatheringhallstudios/MHGenDatabase/master/app/src/main/assets/databases/mhgu.db.zip
raging-brachydios,MHWorld,tolerance_stun,200,status build-up points,https://mhworld.kiranico.com/en/monsters/JoYHZ/raging-brachydios
rajang,MH4U,base_hp,4500,HP,https://kiranico.com/en/mh4u/monster/rajang
rajang,MHGU,base_hp,4500,HP,https://raw.githubusercontent.com/gatheringhallstudios/MHGenDatabase/master/app/src/main/assets/databases/mhgu.db.zip
rajang,MHRS,base_hp,4500,"HP (base_hp_vital, LR/HR)",https://mhrice.info/mhrice.json
rajang,MH4U,enrage_attack_mult,1.4,multiplier,https://kiranico.com/en/mh4u/monster/rajang
rajang,MHRS,enrage_attack_mult,1.15,multiplier,https://mhrice.info/mhrice.json
rajang,MH4U,enrage_duration,90,seconds,https://kiranico.com/en/mh4u/monster/rajang
rajang,MHRS,enrage_duration,80,seconds,https://mhrice.info/mhrice.json
rajang,MH4U,enrage_speed_mult,1.2,multiplier,https://kiranico.com/en/mh4u/monster/rajang
rajang,MHRS,enrage_speed_mult,1.15,motion-rate multiplier,https://mhrice.info/mhrice.json
rajang,MHRS,enrage_trigger,1150,damage points (High Rank),https://mhrice.info/mhrice.json
rajang,MH4U,head_stagger,500,damage,https://kiranico.com/en/mh4u/monster/rajang
rajang,MHGU,head_stagger,500,stagger threshold (raw),https://mhgu.kiranico.com/monster/63306
rajang,MHRS,head_stagger,540,"part vital (flinch value, LR/HR)",https://mhrice.info/mhrice.json
rajang,MH4U,hitzone_max_raw,60,hitzone %,https://kiranico.com/en/mh4u/monster/rajang
rajang,MHGU,hitzone_max_raw,60,raw hitzone percent (max over all Kiranico GU states),https://mhgu.kiranico.com/monster/63306
rajang,MHRS,hitzone_max_raw,67,hitzone percent (max over all parts and phases),https://mhrice.info/mhrice.json
rajang,MHRS,move_power_max,80,raw damage (max base_damage),https://mhrice.info/mhrice.json
rajang,MH4U,size_base,965.5555555555555,cm,https://kiranico.com/en/mh4u/monster/rajang
rajang,MHGU,size_base,965.6,cm,https://mhgu.kiranico.com/monster/63306
rajang,MHRS,size_base,845.91,cm,https://mhrice.info/mhrice.json
rajang,MH4U,size_gold,1187.7,cm,https://kiranico.com/en/mh4u/monster/rajang
rajang,MHGU,size_gold,1187.69,cm,https://mhgu.kiranico.com/monster/63306
rajang,MHRS,size_gold,1040.4693,cm (base_size * king_boarder),https://mhrice.info/mhrice.json
rajang,MH4U,tolerance_paralysis,200,status build-up points,https://kiranico.com/en/mh4u/monster/rajang
rajang,MHGU,tolerance_paralysis,200,status build-up points,https://raw.githubusercontent.com/gatheringhallstudios/MHGenDatabase/master/app/src/main/assets/databases/mhgu.db.zip
rajang,MHRS,tolerance_paralysis,300,status build-up points,https://mhrice.info/mhrice.json
rajang,MH4U,tolerance_poison,180,status build-up points,https://kiranico.com/en/mh4u/monster/rajang
rajang,MHGU,tolerance_poison,180,status build-up points,https://raw.githubusercontent.com/gatheringhallstudios/MHGenDatabase/master/app/src/main/assets/databases/mhgu.db.zip
rajang,MHRS,tolerance_poison,250,status build-up points,https://mhrice.info/mhrice.json
rajang,MH4U,tolerance_sleep,150,status build-up points,https://kiranico.com/en/mh4u/monster/rajang
rajang,MHGU,tolerance_sleep,150,status build-up points,https://raw.githubusercontent.com/gatheringhallstudios/MHGenDatabase/master/app/src/main/assets/databases/mhgu.db.zip
rajang,MHRS,tolerance_sleep,250,status build-up points,https://mhrice.info/mhrice.json
rajang,MH4U,tolerance_stun,150,status build-up points,https://kiranico.com/en/mh4u/monster/rajang
rajang,MHGU,tolerance_stun,150,status build-up points,https://raw.githubusercontent.com/gatheringhallstudios/MHGenDatabase/master/app/src/main/assets/databases/mhgu.db.zip
rajang,MHRS,tolerance_stun,200,status build-up points,https://mhrice.info/mhrice.json
rakna-kadaki,MHRS,base_hp,5500,"HP (base_hp_vital, LR/HR)",https://mhrice.info/mhrice.json
rakna-kadaki,MHRS,enrage_attack_mult,1.2,multiplier,https://mhrice.info/mhrice.json
rakna-kadaki,MHRS,enrage_duration,100,seconds,https://mhrice.info/mhrice.json
rakna-kadaki,MHRS,enrage_speed_mult,1.2,motion-rate multiplier,https://mhrice.info/mhrice.json
rakna-kadaki,MHRS,enrage_trigger,1050,damage points (High Rank),https://mhrice.info/mhrice.json
rakna-kadaki,MHRS,head_stagger,180,"part vital (flinch value, LR/HR)",https://mhrice.info/mhrice.json
rakna-kadaki,MHRS,hitzone_max_raw,70,hitzone percent (max over all parts and phases),https://mhrice.info/mhrice.json
rakna-kadaki,MHRS,move_power_max,65,raw damage (max base_damage),https://mhrice.info/mhrice.json
rakna-kadaki,MHRS,size_base,856.93,cm,https://mhrice.info/mhrice.json
rakna-kadaki,MHRS,size_gold,1054.0239,cm (base_size * king_boarder),https://mhrice.info/mhrice.json
rakna-kadaki,MHRS,tolerance_paralysis,180,status build-up points,https://mhrice.info/mhrice.json
rakna-kadaki,MHRS,tolerance_poison,250,status build-up points,https://mhrice.info/mhrice.json
rakna-kadaki,MHRS,tolerance_sleep,150,status build-up points,https://mhrice.info/mhrice.json
rakna-kadaki,MHRS,tolerance_stun,150,status build-up points,https://mhrice.info/mhrice.json
rathalos,MH4U,base_hp,4200,HP,https://kiranico.com/en/mh4u/monster/rathalos
rathalos,MHGU,base_hp,4200,HP,https://raw.githubusercontent.com/gatheringhallstudios/MHGenDatabase/master/app/src/main/assets/databases/mhgu.db.zip
rathalos,MHWilds,base_hp,4500,HP points,https://wilds.mhdb.io/en/monsters
rathalos,MH4U,enrage_attack_mult,1.3,multiplier,https://kiranico.com/en/mh4u/monster/rathalos
rathalos,MHWilds,enrage_attack_mult,1.26,multiplier (High Rank),https://raw.githubusercontent.com/robomeche/MHWilds-Database/main/monster/assets/json/MHWilds_Data_compact.json.gz
rathalos,MH4U,enrage_duration,80,seconds,https://kiranico.com/en/mh4u/monster/rathalos
rathalos,MHWilds,enrage_duration,100,seconds (High Rank),https://raw.githubusercontent.com/robomeche/MHWilds-Database/main/monster/assets/json/MHWilds_Data_compact.json.gz
rathalos,MH4U,enrage_speed_mult,1.2,multiplier,https://kiranico.com/en/mh4u/monster/rathalos
rathalos,MHWilds,enrage_speed_mult,1.1,motion-speed multiplier (High Rank),https://raw.githubusercontent.com/robomeche/MHWilds-Database/main/monster/assets/json/MHWilds_Data_compact.json.gz
rathalos,MHWilds,enrage_trigger,1500,damage points (High Rank),https://raw.githubusercontent.com/robomeche/MHWilds-Database/main/monster/assets/json/MHWilds_Data_compact.json.gz
rathalos,MH4U,head_stagger,230,damage,https://kiranico.com/en/mh4u/monster/rathalos
rathalos,MHGU,head_stagger,230,stagger threshold (raw),https://mhgu.kiranico.com/monster/d6576
rathalos,MHWilds,head_stagger,500,damage points (base),https://raw.githubusercontent.com/robomeche/MHWilds-Database/main/monster/assets/json/MHWilds_Data_compact.json.gz
rathalos,MH4U,hitzone_max_raw,65,hitzone %,https://kiranico.com/en/mh4u/monster/rathalos
rathalos,MHGU,hitzone_max_raw,65,raw hitzone percent (max over all Kiranico GU states),https://mhgu.kiranico.com/monster/d6576
rathalos,MHWilds,hitzone_max_raw,70,"percent (robomeche Meat, default state max)",https://raw.githubusercontent.com/robomeche/MHWilds-Database/main/monster/assets/json/MHWilds_Data_compact.json.gz
rathalos,MH4U,size_base,1711.3128313891837,cm,https://kiranico.com/en/mh4u/monster/rathalos
rathalos,MHGU,size_base,1711.3,cm,https://mhgu.kiranico.com/monster/d6576
rathalos,MHWilds,size_base,1704.22,cm,https://wilds.mhdb.io/en/monsters
rathalos,MH4U,size_gold,2104.9,cm,https://kiranico.com/en/mh4u/monster/rathalos
rathalos,MHGU,size_gold,2104.9,cm,https://mhgu.kiranico.com/monster/d6576
rathalos,MHWilds,size_gold,2096.1907,cm,https://wilds.mhdb.io/en/monsters
rathalos,MH4U,tolerance_paralysis,180,status build-up points,https://kiranico.com/en/mh4u/monster/rathalos
rathalos,MHGU,tolerance_paralysis,180,status build-up points,https://raw.githubusercontent.com/gatheringhallstudios/MHGenDatabase/master/app/src/main/assets/databases/mhgu.db.zip
rathalos,MHWilds,tolerance_paralysis,180,status build-up points,https://raw.githubusercontent.com/robomeche/MHWilds-Database/main/monster/assets/json/MHWilds_Data_compact.json.gz
rathalos,MH4U,tolerance_poison,180,status build-up points,https://kiranico.com/en/mh4u/monster/rathalos
rathalos,MHGU,tolerance_poison,180,status build-up points,https://raw.githubusercontent.com/gatheringhallstudios/MHGenDatabase/master/app/src/main/assets/databases/mhgu.db.zip
rathalos,MHWilds,tolerance_poison,250,status build-up points,https://raw.githubusercontent.com/robomeche/MHWilds-Database/main/monster/assets/json/MHWilds_Data_compact.json.gz
rathalos,MH4U,tolerance_sleep,180,status build-up points,https://kiranico.com/en/mh4u/monster/rathalos
rathalos,MHGU,tolerance_sleep,180,status build-up points,https://raw.githubusercontent.com/gatheringhallstudios/MHGenDatabase/master/app/src/main/assets/databases/mhgu.db.zip
rathalos,MHWilds,tolerance_sleep,150,status build-up points,https://raw.githubusercontent.com/robomeche/MHWilds-Database/main/monster/assets/json/MHWilds_Data_compact.json.gz
rathalos,MH4U,tolerance_stun,150,status build-up points,https://kiranico.com/en/mh4u/monster/rathalos
rathalos,MHGU,tolerance_stun,150,status build-up points,https://raw.githubusercontent.com/gatheringhallstudios/MHGenDatabase/master/app/src/main/assets/databases/mhgu.db.zip
rathalos,MHWilds,tolerance_stun,120,stun (KO) build-up points,https://raw.githubusercontent.com/robomeche/MHWilds-Database/main/monster/assets/json/MHWilds_Data_compact.json.gz
rathian,MH4U,base_hp,4500,HP,https://kiranico.com/en/mh4u/monster/rathian
rathian,MHGU,base_hp,4500,HP,https://raw.githubusercontent.com/gatheringhallstudios/MHGenDatabase/master/app/src/main/assets/databases/mhgu.db.zip
rathian,MHWilds,base_hp,4500,HP points,https://wilds.mhdb.io/en/monsters
rathian,MH4U,enrage_attack_mult,1.3,multiplier,https://kiranico.com/en/mh4u/monster/rathian
rathian,MHWilds,enrage_attack_mult,1.15,multiplier (High Rank),https://raw.githubusercontent.com/robomeche/MHWilds-Database/main/monster/assets/json/MHWilds_Data_compact.json.gz
rathian,MH4U,enrage_duration,70,seconds,https://kiranico.com/en/mh4u/monster/rathian
rathian,MHWilds,enrage_duration,80,seconds (High Rank),https://raw.githubusercontent.com/robomeche/MHWilds-Database/main/monster/assets/json/MHWilds_Data_compact.json.gz
rathian,MH4U,enrage_speed_mult,1.2,multiplier,https://kiranico.com/en/mh4u/monster/rathian
rathian,MHWilds,enrage_speed_mult,1.05,motion-speed multiplier (High Rank),https://raw.githubusercontent.com/robomeche/MHWilds-Database/main/monster/assets/json/MHWilds_Data_compact.json.gz
rathian,MHWilds,enrage_trigger,1200,damage points (High Rank),https://raw.githubusercontent.com/robomeche/MHWilds-Database/main/monster/assets/json/MHWilds_Data_compact.json.gz
rathian,MH4U,head_stagger,190,damage,https://kiranico.com/en/mh4u/monster/rathian
rathian,MHGU,head_stagger,190,stagger threshold (raw),https://mhgu.kiranico.com/monster/464d6
rathian,MHWilds,head_stagger,440,damage points (base),https://raw.githubusercontent.com/robomeche/MHWilds-Database/main/monster/assets/json/MHWilds_Data_compact.json.gz
rathian,MH4U,hitzone_max_raw,90,hitzone %,https://kiranico.com/en/mh4u/monster/rathian
rathian,MHGU,hitzone_max_raw,90,raw hitzone percent (max over all Kiranico GU states),https://mhgu.kiranico.com/monster/464d6
rathian,MHWilds,hitzone_max_raw,75,"percent (robomeche Meat, default state max)",https://raw.githubusercontent.com/robomeche/MHWilds-Database/main/monster/assets/json/MHWilds_Data_compact.json.gz
rathian,MH4U,size_base,1654.3010486626608,cm,https://kiranico.com/en/mh4u/monster/rathian
rathian,MHGU,size_base,1654.3,cm,https://mhgu.kiranico.com/monster/464d6
rathian,MHWilds,size_base,1754.37,cm,https://wilds.mhdb.io/en/monsters
rathian,MH4U,size_gold,2034.8,cm,https://kiranico.com/en/mh4u/monster/rathian
rathian,MHGU,size_gold,2034.79,cm,https://mhgu.kiranico.com/monster/464d6
rathian,MHWilds,size_gold,2157.8752,cm,https://wilds.mhdb.io/en/monsters
rathian,MH4U,tolerance_paralysis,180,status build-up points,https://kiranico.com/en/mh4u/monster/rathian
rathian,MHGU,tolerance_paralysis,180,status build-up points,https://raw.githubusercontent.com/gatheringhallstudios/MHGenDatabase/master/app/src/main/assets/databases/mhgu.db.zip
rathian,MHWilds,tolerance_paralysis,180,status build-up points,https://raw.githubusercontent.com/robomeche/MHWilds-Database/main/monster/assets/json/MHWilds_Data_compact.json.gz
rathian,MH4U,tolerance_poison,180,status build-up points,https://kiranico.com/en/mh4u/monster/rathian
rathian,MHGU,tolerance_poison,180,status build-up points,https://raw.githubusercontent.com/gatheringhallstudios/MHGenDatabase/master/app/src/main/assets/databases/mhgu.db.zip
rathian,MHWilds,tolerance_poison,250,status build-up points,https://raw.githubusercontent.com/robomeche/MHWilds-Database/main/monster/assets/json/MHWilds_Data_compact.json.gz
rathian,MH4U,tolerance_sleep,180,status build-up points,https://kiranico.com/en/mh4u/monster/rathian
rathian,MHGU,tolerance_sleep,180,status build-up points,https://raw.githubusercontent.com/gatheringhallstudios/MHGenDatabase/master/app/src/main/assets/databases/mhgu.db.zip
rathian,MHWilds,tolerance_sleep,150,status build-up points,https://raw.githubusercontent.com/robomeche/MHWilds-Database/main/monster/assets/json/MHWilds_Data_compact.json.gz
rathian,MH4U,tolerance_stun,150,status build-up points,https://kiranico.com/en/mh4u/monster/rathian
rathian,MHGU,tolerance_stun,150,status build-up points,https://raw.githubusercontent.com/gatheringhallstudios/MHGenDatabase/master/app/src/main/assets/databases/mhgu.db.zip
rathian,MHWilds,tolerance_stun,120,stun (KO) build-up points,https://raw.githubusercontent.com/robomeche/MHWilds-Database/main/monster/assets/json/MHWilds_Data_compact.json.gz
red-khezu,MH4U,base_hp,4500,HP,https://kiranico.com/en/mh4u/monster/red-khezu
red-khezu,MH4U,enrage_attack_mult,1.4,multiplier,https://kiranico.com/en/mh4u/monster/red-khezu
red-khezu,MH4U,enrage_duration,60,seconds,https://kiranico.com/en/mh4u/monster/red-khezu
red-khezu,MH4U,enrage_speed_mult,1.3,multiplier,https://kiranico.com/en/mh4u/monster/red-khezu
red-khezu,MH4U,head_stagger,260,damage,https://kiranico.com/en/mh4u/monster/red-khezu
red-khezu,MH4U,hitzone_max_raw,75,hitzone %,https://kiranico.com/en/mh4u/monster/red-khezu
red-khezu,MH4U,size_base,871.8888888888889,cm,https://kiranico.com/en/mh4u/monster/red-khezu
red-khezu,MH4U,size_gold,994,cm,https://kiranico.com/en/mh4u/monster/red-khezu
red-khezu,MH4U,tolerance_paralysis,200,status build-up points,https://kiranico.com/en/mh4u/monster/red-khezu
red-khezu,MH4U,tolerance_poison,110,status build-up points,https://kiranico.com/en/mh4u/monster/red-khezu
red-khezu,MH4U,tolerance_sleep,200,status build-up points,https://kiranico.com/en/mh4u/monster/red-khezu
red-khezu,MH4U,tolerance_stun,200,status build-up points,https://kiranico.com/en/mh4u/monster/red-khezu
redhelm-arzuros,MHGU,base_hp,4500,HP,https://raw.githubusercontent.com/gatheringhallstudios/MHGenDatabase/master/app/src/main/assets/databases/mhgu.db.zip
redhelm-arzuros,MHGU,head_stagger,300,stagger threshold (raw),https://mhgu.kiranico.com/monster/60e36
redhelm-arzuros,MHGU,hitzone_max_raw,45,raw hitzone percent (max over all Kiranico GU states),https://mhgu.kiranico.com/monster/60e36
redhelm-arzuros,MHGU,size_base,822.34,cm,https://mhgu.kiranico.com/monster/60e36
redhelm-arzuros,MHGU,size_gold,896.35,cm,https://mhgu.kiranico.com/monster/60e36
redhelm-arzuros,MHGU,tolerance_paralysis,80,status build-up points,https://raw.githubusercontent.com/gatheringhallstudios/MHGenDatabase/master/app/src/main/assets/databases/mhgu.db.zip
redhelm-arzuros,MHGU,tolerance_poison,100,status build-up points,https://raw.githubusercontent.com/gatheringhallstudios/MHGenDatabase/master/app/src/main/assets/databases/mhgu.db.zip
redhelm-arzuros,MHGU,tolerance_sleep,80,status build-up points,https://raw.githubusercontent.com/gatheringhallstudios/MHGenDatabase/master/app/src/main/assets/databases/mhgu.db.zip
redhelm-arzuros,MHGU,tolerance_stun,200,status build-up points,https://raw.githubusercontent.com/gatheringhallstudios/MHGenDatabase/master/app/src/main/assets/databases/mhgu.db.zip
rey-dau,MHWilds,base_hp,5000,HP points,https://wilds.mhdb.io/en/monsters
rey-dau,MHWilds,enrage_attack_mult,1.15,multiplier (High Rank),https://raw.githubusercontent.com/robomeche/MHWilds-Database/main/monster/assets/json/MHWilds_Data_compact.json.gz
rey-dau,MHWilds,enrage_duration,90,seconds (High Rank),https://raw.githubusercontent.com/robomeche/MHWilds-Database/main/monster/assets/json/MHWilds_Data_compact.json.gz
rey-dau,MHWilds,enrage_speed_mult,1.12,motion-speed multiplier (High Rank),https://raw.githubusercontent.com/robomeche/MHWilds-Database/main/monster/assets/json/MHWilds_Data_compact.json.gz
rey-dau,MHWilds,enrage_trigger,2000,damage points (High Rank),https://raw.githubusercontent.com/robomeche/MHWilds-Database/main/monster/assets/json/MHWilds_Data_compact.json.gz
rey-dau,MHWilds,head_stagger,700,damage points (base),https://raw.githubusercontent.com/robomeche/MHWilds-Database/main/monster/assets/json/MHWilds_Data_compact.json.gz
rey-dau,MHWilds,hitzone_max_raw,65,"percent (robomeche Meat, default state max)",https://raw.githubusercontent.com/robomeche/MHWilds-Database/main/monster/assets/json/MHWilds_Data_compact.json.gz
rey-dau,MHWilds,size_base,2057.0854,cm,https://wilds.mhdb.io/en/monsters
rey-dau,MHWilds,size_gold,2530.215,cm,https://wilds.mhdb.io/en/monsters
rey-dau,MHWilds,tolerance_paralysis,300,status build-up points,https://raw.githubusercontent.com/robomeche/MHWilds-Database/main/monster/assets/json/MHWilds_Data_compact.json.gz
rey-dau,MHWilds,tolerance_poison,150,status build-up points,https://raw.githubusercontent.com/robomeche/MHWilds-Database/main/monster/assets/json/MHWilds_Data_compact.json.gz
rey-dau,MHWilds,tolerance_sleep,150,status build-up points,https://raw.githubusercontent.com/robomeche/MHWilds-Database/main/monster/assets/json/MHWilds_Data_compact.json.gz
rey-dau,MHWilds,tolerance_stun,150,stun (KO) build-up points,https://raw.githubusercontent.com/robomeche/MHWilds-Database/main/monster/assets/json/MHWilds_Data_compact.json.gz
risen-chameleos,MHRS,base_hp,4500,"HP (base_hp_vital, LR/HR)",https://mhrice.info/mhrice.json
risen-chameleos,MHRS,enrage_attack_mult,1.05,multiplier,https://mhrice.info/mhrice.json
risen-chameleos,MHRS,enrage_duration,90,seconds,https://mhrice.info/mhrice.json
risen-chameleos,MHRS,enrage_speed_mult,1.1,motion-rate multiplier,https://mhrice.info/mhrice.json
risen-chameleos,MHRS,enrage_trigger,1450,damage points (High Rank),https://mhrice.info/mhrice.json
risen-chameleos,MHRS,head_stagger,380,"part vital (flinch value, LR/HR)",https://mhrice.info/mhrice.json
risen-chameleos,MHRS,hitzone_max_raw,60,hitzone percent (max over all parts and phases),https://mhrice.info/mhrice.json
risen-chameleos,MHRS,move_power_max,100,raw damage (max base_damage),https://mhrice.info/mhrice.json
risen-chameleos,MHRS,size_base,2249.06,cm,https://mhrice.info/mhrice.json
risen-chameleos,MHRS,size_gold,2766.3438,cm (base_size * king_boarder),https://mhrice.info/mhrice.json
risen-chameleos,MHRS,tolerance_paralysis,300,status build-up points,https://mhrice.info/mhrice.json
risen-chameleos,MHRS,tolerance_poison,250,status build-up points,https://mhrice.info/mhrice.json
risen-chameleos,MHRS,tolerance_sleep,250,status build-up points,https://mhrice.info/mhrice.json
risen-chameleos,MHRS,tolerance_stun,200,status build-up points,https://mhrice.info/mhrice.json
risen-crimson-glow-valstrax,MHRS,base_hp,4700,"HP (base_hp_vital, LR/HR)",https://mhrice.info/mhrice.json
risen-crimson-glow-valstrax,MHRS,enrage_attack_mult,1.15,multiplier,https://mhrice.info/mhrice.json
risen-crimson-glow-valstrax,MHRS,enrage_duration,120,seconds,https://mhrice.info/mhrice.json
risen-crimson-glow-valstrax,MHRS,enrage_speed_mult,1.1,motion-rate multiplier,https://mhrice.info/mhrice.json
risen-crimson-glow-valstrax,MHRS,enrage_trigger,1050,damage points (High Rank),https://mhrice.info/mhrice.json
risen-crimson-glow-valstrax,MHRS,head_stagger,350,"part vital (flinch value, LR/HR)",https://mhrice.info/mhrice.json
risen-crimson-glow-valstrax,MHRS,hitzone_max_raw,90,hitzone percent (max over all parts and phases),https://mhrice.info/mhrice.json
risen-crimson-glow-valstrax,MHRS,move_power_max,230,raw damage (max base_damage),https://mhrice.info/mhrice.json
risen-crimson-glow-valstrax,MHRS,size_base,2040.98,cm,https://mhrice.info/mhrice.json
risen-crimson-glow-valstrax,MHRS,size_gold,2387.9465999999998,cm (base_size * king_boarder),https://mhrice.info/mhrice.json
risen-crimson-glow-valstrax,MHRS,tolerance_paralysis,300,status build-up points,https://mhrice.info/mhrice.json
risen-crimson-glow-valstrax,MHRS,tolerance_poison,250,status build-up points,https://mhrice.info/mhrice.json
risen-crimson-glow-valstrax,MHRS,tolerance_sleep,250,status build-up points,https://mhrice.info/mhrice.json
risen-crimson-glow-valstrax,MHRS,tolerance_stun,200,status build-up points,https://mhrice.info/mhrice.json
risen-kushala-daora,MHRS,base_hp,4500,"HP (base_hp_vital, LR/HR)",https://mhrice.info/mhrice.json
risen-kushala-daora,MHRS,enrage_attack_mult,1.05,multiplier,https://mhrice.info/mhrice.json
risen-kushala-daora,MHRS,enrage_duration,80,seconds,https://mhrice.info/mhrice.json
risen-kushala-daora,MHRS,enrage_speed_mult,1.05,motion-rate multiplier,https://mhrice.info/mhrice.json
risen-kushala-daora,MHRS,enrage_trigger,1450,damage points (High Rank),https://mhrice.info/mhrice.json
risen-kushala-daora,MHRS,head_stagger,320,"part vital (flinch value, LR/HR)",https://mhrice.info/mhrice.json
risen-kushala-daora,MHRS,hitzone_max_raw,60,hitzone percent (max over all parts and phases),https://mhrice.info/mhrice.json
risen-kushala-daora,MHRS,move_power_max,100,raw damage (max base_damage),https://mhrice.info/mhrice.json
risen-kushala-daora,MHRS,size_base,1913.13,cm,https://mhrice.info/mhrice.json
risen-kushala-daora,MHRS,size_gold,2353.1499,cm (base_size * king_boarder),https://mhrice.info/mhrice.json
risen-kushala-daora,MHRS,tolerance_paralysis,300,status build-up points,https://mhrice.info/mhrice.json
risen-kushala-daora,MHRS,tolerance_poison,180,status build-up points,https://mhrice.info/mhrice.json
risen-kushala-daora,MHRS,tolerance_sleep,250,status build-up points,https://mhrice.info/mhrice.json
risen-kushala-daora,MHRS,tolerance_stun,150,status build-up points,https://mhrice.info/mhrice.json
risen-shagaru-magala,MHRS,base_hp,4500,"HP (base_hp_vital, LR/HR)",https://mhrice.info/mhrice.json
risen-shagaru-magala,MHRS,enrage_attack_mult,1.1,multiplier,https://mhrice.info/mhrice.json
risen-shagaru-magala,MHRS,enrage_duration,120,seconds,https://mhrice.info/mhrice.json
risen-shagaru-magala,MHRS,enrage_speed_mult,1.08,motion-rate multiplier,https://mhrice.info/mhrice.json
risen-shagaru-magala,MHRS,enrage_trigger,800,damage points (High Rank),https://mhrice.info/mhrice.json
risen-shagaru-magala,MHRS,head_stagger,400,"part vital (flinch value, LR/HR)",https://mhrice.info/mhrice.json
risen-shagaru-magala,MHRS,hitzone_max_raw,65,hitzone percent (max over all parts and phases),https://mhrice.info/mhrice.json
risen-shagaru-magala,MHRS,move_power_max,200,raw damage (max base_damage),https://mhrice.info/mhrice.json
risen-shagaru-magala,MHRS,size_base,1735.54,cm,https://mhrice.info/mhrice.json
risen-shagaru-magala,MHRS,size_gold,2030.5818,cm (base_size * king_boarder),https://mhrice.info/mhrice.json
risen-shagaru-magala,MHRS,tolerance_paralysis,300,status build-up points,https://mhrice.info/mhrice.json
risen-shagaru-magala,MHRS,tolerance_poison,80,status build-up points,https://mhrice.info/mhrice.json
risen-shagaru-magala,MHRS,tolerance_sleep,250,status build-up points,https://mhrice.info/mhrice.json
risen-shagaru-magala,MHRS,tolerance_stun,150,status build-up points,https://mhrice.info/mhrice.json
risen-teostra,MHRS,base_hp,4300,"HP (base_hp_vital, LR/HR)",https://mhrice.info/mhrice.json
risen-teostra,MHRS,enrage_attack_mult,1.15,multiplier,https://mhrice.info/mhrice.json
risen-teostra,MHRS,enrage_duration,120,seconds,https://mhrice.info/mhrice.json
risen-teostra,MHRS,enrage_speed_mult,1.1,motion-rate multiplier,https://mhrice.info/mhrice.json
risen-teostra,MHRS,enrage_trigger,1000,damage points (High Rank),https://mhrice.info/mhrice.json
risen-teostra,MHRS,head_stagger,280,"part vital (flinch value, LR/HR)",https://mhrice.info/mhrice.json
risen-teostra,MHRS,hitzone_max_raw,55,hitzone percent (max over all parts and phases),https://mhrice.info/mhrice.json
risen-teostra,MHRS,move_power_max,70,raw damage (max base_damage),https://mhrice.info/mhrice.json
risen-teostra,MHRS,size_base,1790.15,cm,https://mhrice.info/mhrice.json
risen-teostra,MHRS,size_gold,2201.8845,cm (base_size * king_boarder),https://mhrice.info/mhrice.json
risen-teostra,MHRS,tolerance_paralysis,300,status build-up points,https://mhrice.info/mhrice.json
risen-teostra,MHRS,tolerance_poison,150,status build-up points,https://mhrice.info/mhrice.json
risen-teostra,MHRS,tolerance_sleep,250,status build-up points,https://mhrice.info/mhrice.json
risen-teostra,MHRS,tolerance_stun,150,status build-up points,https://mhrice.info/mhrice.json
rompopolo,MHWilds,base_hp,4500,HP points,https://wilds.mhdb.io/en/monsters
rompopolo,MHWilds,enrage_attack_mult,1.1,multiplier (High Rank),https://raw.githubusercontent.com/robomeche/MHWilds-Database/main/monster/assets/json/MHWilds_Data_compact.json.gz
rompopolo,MHWilds,enrage_duration,180,seconds (High Rank),https://raw.githubusercontent.com/robomeche/MHWilds-Database/main/monster/assets/json/MHWilds_Data_compact.json.gz
rompopolo,MHWilds,enrage_speed_mult,1.2,motion-speed multiplier (High Rank),https://raw.githubusercontent.com/robomeche/MHWilds-Database/main/monster/assets/json/MHWilds_Data_compact.json.gz
rompopolo,MHWilds,enrage_trigger,1800,damage points (High Rank),https://raw.githubusercontent.com/robomeche/MHWilds-Database/main/monster/assets/json/MHWilds_Data_compact.json.gz
rompopolo,MHWilds,head_stagger,750,damage points (base),https://raw.githubusercontent.com/robomeche/MHWilds-Database/main/monster/assets/json/MHWilds_Data_compact.json.gz
rompopolo,MHWilds,hitzone_max_raw,65,"percent (robomeche Meat, default state max)",https://raw.githubusercontent.com/robomeche/MHWilds-Database/main/monster/assets/json/MHWilds_Data_compact.json.gz
rompopolo,MHWilds,size_base,1197.82,cm,https://wilds.mhdb.io/en/monsters
rompopolo,MHWilds,size_gold,1473.3186,cm,https://wilds.mhdb.io/en/monsters
rompopolo,MHWilds,tolerance_paralysis,180,status build-up points,https://raw.githubusercontent.com/robomeche/MHWilds-Database/main/monster/assets/json/MHWilds_Data_compact.json.gz
rompopolo,MHWilds,tolerance_poison,250,status build-up points,https://raw.githubusercontent.com/robomeche/MHWilds-Database/main/monster/assets/json/MHWilds_Data_compact.json.gz
rompopolo,MHWilds,tolerance_sleep,150,status build-up points,https://raw.githubusercontent.com/robomeche/MHWilds-Database/main/monster/assets/json/MHWilds_Data_compact.json.gz
rompopolo,MHWilds,tolerance_stun,120,stun (KO) build-up points,https://raw.githubusercontent.com/robomeche/MHWilds-Database/main/monster/assets/json/MHWilds_Data_compact.json.gz
royal-ludroth,MHGU,base_hp,4100,HP,https://raw.githubusercontent.com/gatheringhallstudios/MHGenDatabase/master/app/src/main/assets/databases/mhgu.db.zip
royal-ludroth,MHRS,base_hp,4300,"HP (base_hp_vital, LR/HR)",https://mhrice.info/mhrice.json
royal-ludroth,MHRS,enrage_attack_mult,1.1,multiplier,https://mhrice.info/mhrice.json
royal-ludroth,MHRS,enrage_duration,120,seconds,https://mhrice.info/mhrice.json
royal-ludroth,MHRS,enrage_speed_mult,1.1,motion-rate multiplier,https://mhrice.info/mhrice.json
royal-ludroth,MHRS,enrage_trigger,1050,damage points (High Rank),https://mhrice.info/mhrice.json
royal-ludroth,MHGU,head_stagger,130,stagger threshold (raw),https://mhgu.kiranico.com/monster/6d586
royal-ludroth,MHRS,head_stagger,130,"part vital (flinch value, LR/HR)",https://mhrice.info/mhrice.json
royal-ludroth,MHGU,hitzone_max_raw,65,raw hitzone percent (max over all Kiranico GU states),https://mhgu.kiranico.com/monster/6d586
royal-ludroth,MHRS,hitzone_max_raw,65,hitzone percent (max over all parts and phases),https://mhrice.info/mhrice.json
royal-ludroth,MHRS,move_power_max,55,raw damage (max base_damage),https://mhrice.info/mhrice.json
royal-ludroth,MHGU,size_base,1545.33,cm,https://mhgu.kiranico.com/monster/6d586
royal-ludroth,MHRS,size_base,1529.26,cm,https://mhrice.info/mhrice.json
royal-ludroth,MHGU,size_gold,1900.76,cm,https://mhgu.kiranico.com/monster/6d586
royal-ludroth,MHRS,size_gold,1880.9898,cm (base_size * king_boarder),https://mhrice.info/mhrice.json
royal-ludroth,MHGU,tolerance_paralysis,180,status build-up points,https://raw.githubusercontent.com/gatheringhallstudios/MHGenDatabase/master/app/src/main/assets/databases/mhgu.db.zip
royal-ludroth,MHRS,tolerance_paralysis,180,status build-up points,https://mhrice.info/mhrice.json
royal-ludroth,MHGU,tolerance_poison,180,status build-up points,https://raw.githubusercontent.com/gatheringhallstudios/MHGenDatabase/master/app/src/main/assets/databases/mhgu.db.zip
royal-ludroth,MHRS,tolerance_poison,150,status build-up points,https://mhrice.info/mhrice.json
royal-ludroth,MHGU,tolerance_sleep,180,status build-up points,https://raw.githubusercontent.com/gatheringhallstudios/MHGenDatabase/master/app/src/main/assets/databases/mhgu.db.zip
royal-ludroth,MHRS,tolerance_sleep,150,status build-up points,https://mhrice.info/mhrice.json
royal-ludroth,MHGU,tolerance_stun,200,status build-up points,https://raw.githubusercontent.com/gatheringhallstudios/MHGenDatabase/master/app/src/main/assets/databases/mhgu.db.zip
royal-ludroth,MHRS,tolerance_stun,150,status build-up points,https://mhrice.info/mhrice.json
ruby-basarios,MH4U,base_hp,2400,HP,https://kiranico.com/en/mh4u/monster/ruby-basarios
ruby-basarios,MH4U,enrage_attack_mult,1.4,multiplier,https://kiranico.com/en/mh4u/monster/ruby-basarios
ruby-basarios,MH4U,enrage_duration,80,seconds,https://kiranico.com/en/mh4u/monster/ruby-basarios
ruby-basarios,MH4U,enrage_speed_mult,1.2,multiplier,https://kiranico.com/en/mh4u/monster/ruby-basarios
ruby-basarios,MH4U,head_stagger,100,damage,https://kiranico.com/en/mh4u/monster/ruby-basarios
ruby-basarios,MH4U,hitzone_max_raw,30,hitzone %,https://kiranico.com/en/mh4u/monster/ruby-basarios
ruby-basarios,MH4U,size_base,1426.5555555555557,cm,https://kiranico.com/en/mh4u/monster/ruby-basarios
ruby-basarios,MH4U,size_gold,1754.6,cm,https://kiranico.com/en/mh4u/monster/ruby-basarios
ruby-basarios,MH4U,tolerance_paralysis,200,status build-up points,https://kiranico.com/en/mh4u/monster/ruby-basarios
ruby-basarios,MH4U,tolerance_poison,200,status build-up points,https://kiranico.com/en/mh4u/monster/ruby-basarios
ruby-basarios,MH4U,tolerance_sleep,100,status build-up points,https://kiranico.com/en/mh4u/monster/ruby-basarios
ruby-basarios,MH4U,tolerance_stun,200,status build-up points,https://kiranico.com/en/mh4u/monster/ruby-basarios
ruiner-nergigante,MHWorld,base_hp,3700,HP,https://mhworld.kiranico.com/en/monsters/oAnim/ruiner-nergigante
ruiner-nergigante,MHWorld,enrage_attack_mult,1.05,"multiplier (Low Rank/High Rank column, not Master Rank)",https://mhworld.kiranico.com/en/monsters/oAnim/ruiner-nergigante
ruiner-nergigante,MHWorld,enrage_duration,90,"seconds (Low Rank/High Rank column, not Master Rank)",https://mhworld.kiranico.com/en/monsters/oAnim/ruiner-nergigante
ruiner-nergigante,MHWorld,enrage_speed_mult,1.05,"multiplier (Low Rank/High Rank column, not Master Rank)",https://mhworld.kiranico.com/en/monsters/oAnim/ruiner-nergigante
ruiner-nergigante,MHWorld,enrage_trigger,400,"damage points (Low Rank/High Rank column, not Master Rank)",https://mhworld.kiranico.com/en/monsters/oAnim/ruiner-nergigante
ruiner-nergigante,MHWorld,head_stagger,400,"damage (Part Breakability, exact ""Head"" row)",https://mhworld.kiranico.com/en/monsters/oAnim/ruiner-nergigante
ruiner-nergigante,MHWorld,hitzone_max_raw,90,"raw hitzone % (max sever/blunt/shot over LR/HR Physiology rows, including state-variant parts e.g. ""Head (White)"", excluding Master Rank override rows)",https://mhworld.kiranico.com/en/monsters/oAnim/ruiner-nergigante
ruiner-nergigante,MHWorld,move_power_max,110,motion value (max over Monster Attacks rows; poedb only lists a subset so is not used here),https://mhworld.kiranico.com/en/monsters/oAnim/ruiner-nergigante
ruiner-nergigante,MHWorld,size_base,1848.12,cm (poedb Base; never derived as gold/1.23 — crown thresholds are per-monster),https://mhw.poedb.tw/eng/monster/70/Ruiner%20Nergigante
ruiner-nergigante,MHWorld,size_gold,2273.19,cm (gold crown threshold),https://mhworld.kiranico.com/en/monsters/oAnim/ruiner-nergigante
ruiner-nergigante,MHWorld,tolerance_paralysis,180,status build-up points,https://mhworld.kiranico.com/en/monsters/oAnim/ruiner-nergigante
ruiner-nergigante,MHWorld,tolerance_poison,150,status build-up points,https://mhworld.kiranico.com/en/monsters/oAnim/ruiner-nergigante
ruiner-nergigante,MHWorld,tolerance_sleep,150,status build-up points,https://mhworld.kiranico.com/en/monsters/oAnim/ruiner-nergigante
ruiner-nergigante,MHWorld,tolerance_stun,200,status build-up points,https://mhworld.kiranico.com/en/monsters/oAnim/ruiner-nergigante
rust-duramboros,MH3U,enrage_duration,120,seconds,http://mh3g.org/book/doboruberuku-b.html
rust-duramboros,MH3U,head_stagger,280,damage points (village-quest base),http://mh3g.org/book/doboruberuku-b.html
rust-duramboros,MH3U,hitzone_max_raw,84,"raw hitzone % (max of cut/impact/shot, sentinels excluded)",https://raw.githubusercontent.com/dbooga/MonsterHunter3UDatabase/master/MonsterHunter3UDatabase/assets/mh3u.sqlite
rust-duramboros,MH3U,size_base,2227.42,cm,https://monsterhunterwiki.org/wiki/Rust_Duramboros_(MH3U)
rust-duramboros,MH3U,size_gold,2739.72,cm,https://monsterhunterwiki.org/wiki/Rust_Duramboros_(MH3U)
rust-duramboros,MH3U,tolerance_paralysis,180,status build-up points (village base),http://mh3g.trigwiki.jp/data/977.html
rust-duramboros,MH3U,tolerance_poison,120,status build-up points (village base),http://mh3g.trigwiki.jp/data/977.html
rust-duramboros,MH3U,tolerance_sleep,100,status build-up points (village base),http://mh3g.trigwiki.jp/data/977.html
rust-duramboros,MH3U,tolerance_stun,150,status build-up points (village base),http://mh3g.trigwiki.jp/data/977.html
rusted-kushala-daora,MH4U,base_hp,4000,HP,https://kiranico.com/en/mh4u/monster/rusted-kushala-daora
rusted-kushala-daora,MH4U,enrage_attack_mult,1.3,multiplier,https://kiranico.com/en/mh4u/monster/rusted-kushala-daora
rusted-kushala-daora,MH4U,enrage_duration,80,seconds,https://kiranico.com/en/mh4u/monster/rusted-kushala-daora
rusted-kushala-daora,MH4U,enrage_speed_mult,1.1,multiplier,https://kiranico.com/en/mh4u/monster/rusted-kushala-daora
rusted-kushala-daora,MH4U,head_stagger,260,damage,https://kiranico.com/en/mh4u/monster/rusted-kushala-daora
rusted-kushala-daora,MH4U,hitzone_max_raw,45,hitzone %,https://kiranico.com/en/mh4u/monster/rusted-kushala-daora
rusted-kushala-daora,MH4U,size_base,1801.3128313891832,cm,https://kiranico.com/en/mh4u/monster/rusted-kushala-daora
rusted-kushala-daora,MH4U,size_gold,2215.6,cm,https://kiranico.com/en/mh4u/monster/rusted-kushala-daora
rusted-kushala-daora,MH4U,tolerance_paralysis,200,status build-up points,https://kiranico.com/en/mh4u/monster/rusted-kushala-daora
rusted-kushala-daora,MH4U,tolerance_poison,150,status build-up points,https://kiranico.com/en/mh4u/monster/rusted-kushala-daora
rusted-kushala-daora,MH4U,tolerance_sleep,200,status build-up points,https://kiranico.com/en/mh4u/monster/rusted-kushala-daora
rusted-kushala-daora,MH4U,tolerance_stun,150,status build-up points,https://kiranico.com/en/mh4u/monster/rusted-kushala-daora
rustrazor-ceanataur,MHGU,base_hp,4500,HP,https://raw.githubusercontent.com/gatheringhallstudios/MHGenDatabase/master/app/src/main/assets/databases/mhgu.db.zip
rustrazor-ceanataur,MHGU,head_stagger,200,stagger threshold (raw),https://mhgu.kiranico.com/monster/6a044
rustrazor-ceanataur,MHGU,hitzone_max_raw,55,raw hitzone percent (max over all Kiranico GU states),https://mhgu.kiranico.com/monster/6a044
rustrazor-ceanataur,MHGU,size_base,688.44,cm,https://mhgu.kiranico.com/monster/6a044
rustrazor-ceanataur,MHGU,size_gold,784.82,cm,https://mhgu.kiranico.com/monster/6a044
rustrazor-ceanataur,MHGU,tolerance_paralysis,150,status build-up points,https://raw.githubusercontent.com/gatheringhallstudios/MHGenDatabase/master/app/src/main/assets/databases/mhgu.db.zip
rustrazor-ceanataur,MHGU,tolerance_poison,200,status build-up points,https://raw.githubusercontent.com/gatheringhallstudios/MHGenDatabase/master/app/src/main/assets/databases/mhgu.db.zip
rustrazor-ceanataur,MHGU,tolerance_sleep,150,status build-up points,https://raw.githubusercontent.com/gatheringhallstudios/MHGenDatabase/master/app/src/main/assets/databases/mhgu.db.zip
rustrazor-ceanataur,MHGU,tolerance_stun,120,status build-up points,https://raw.githubusercontent.com/gatheringhallstudios/MHGenDatabase/master/app/src/main/assets/databases/mhgu.db.zip
safi-jiiva,MHWorld,base_hp,20000,HP,https://mhworld.kiranico.com/en/monsters/0kVsV/safi-jiiva
safi-jiiva,MHWorld,enrage_attack_mult,1.2,"multiplier (Low Rank/High Rank column, not Master Rank)",https://mhworld.kiranico.com/en/monsters/0kVsV/safi-jiiva
safi-jiiva,MHWorld,enrage_duration,180,"seconds (Low Rank/High Rank column, not Master Rank)",https://mhworld.kiranico.com/en/monsters/0kVsV/safi-jiiva
safi-jiiva,MHWorld,enrage_speed_mult,1,"multiplier (Low Rank/High Rank column, not Master Rank)",https://mhworld.kiranico.com/en/monsters/0kVsV/safi-jiiva
safi-jiiva,MHWorld,enrage_trigger,1500,"damage points (Low Rank/High Rank column, not Master Rank)",https://mhworld.kiranico.com/en/monsters/0kVsV/safi-jiiva
safi-jiiva,MHWorld,head_stagger,750,"damage (Part Breakability, exact ""Head"" row)",https://mhworld.kiranico.com/en/monsters/0kVsV/safi-jiiva
safi-jiiva,MHWorld,hitzone_max_raw,75,"raw hitzone % (max sever/blunt/shot over LR/HR Physiology rows, including state-variant parts e.g. ""Head (White)"", excluding Master Rank override rows)",https://mhworld.kiranico.com/en/monsters/0kVsV/safi-jiiva
safi-jiiva,MHWorld,move_power_max,150,motion value (max over Monster Attacks rows; poedb only lists a subset so is not used here),https://mhworld.kiranico.com/en/monsters/0kVsV/safi-jiiva
safi-jiiva,MHWorld,size_base,4799.78,cm (poedb Base; never derived as gold/1.23 — crown thresholds are per-monster),https://mhw.poedb.tw/eng/monster/97/Safi%27jiiva
safi-jiiva,MHWorld,size_gold,5903.73,cm (gold crown threshold),https://mhworld.kiranico.com/en/monsters/0kVsV/safi-jiiva
safi-jiiva,MHWorld,tolerance_paralysis,400,status build-up points,https://mhworld.kiranico.com/en/monsters/0kVsV/safi-jiiva
safi-jiiva,MHWorld,tolerance_poison,300,status build-up points,https://mhworld.kiranico.com/en/monsters/0kVsV/safi-jiiva
safi-jiiva,MHWorld,tolerance_sleep,500,status build-up points,https://mhworld.kiranico.com/en/monsters/0kVsV/safi-jiiva
safi-jiiva,MHWorld,tolerance_stun,300,status build-up points,https://mhworld.kiranico.com/en/monsters/0kVsV/safi-jiiva
sand-barioth,MH3U,enrage_attack_mult,1.4,multiplier,http://mh3g.org/book/beriorosu-b.html
sand-barioth,MH3U,enrage_duration,60,seconds,http://mh3g.org/book/beriorosu-b.html
sand-barioth,MH3U,enrage_speed_mult,1.1,multiplier,http://mh3g.org/book/beriorosu-b.html
sand-barioth,MH3U,head_stagger,180,damage points (village-quest base),http://mh3g.org/book/beriorosu-b.html
sand-barioth,MH3U,hitzone_max_raw,70,"raw hitzone % (max of cut/impact/shot, sentinels excluded)",https://raw.githubusercontent.com/dbooga/MonsterHunter3UDatabase/master/MonsterHunter3UDatabase/assets/mh3u.sqlite
sand-barioth,MH3U,size_base,1821.7,cm,https://monsterhunterwiki.org/wiki/Sand_Barioth_(MH3U)
sand-barioth,MH3U,size_gold,2240.69,cm,https://monsterhunterwiki.org/wiki/Sand_Barioth_(MH3U)
sand-barioth,MH3U,tolerance_paralysis,180,status build-up points (village base),http://mh3g.trigwiki.jp/data/934.html
sand-barioth,MH3U,tolerance_poison,180,status build-up points (village base),http://mh3g.trigwiki.jp/data/934.html
sand-barioth,MH3U,tolerance_sleep,180,status build-up points (village base),http://mh3g.trigwiki.jp/data/934.html
sand-barioth,MH3U,tolerance_stun,130,status build-up points (village base),http://mh3g.trigwiki.jp/data/934.html
savage-deviljho,MH4U,base_hp,6000,HP,https://kiranico.com/en/mh4u/monster/savage-deviljho
savage-deviljho,MHGU,base_hp,6000,HP,https://raw.githubusercontent.com/gatheringhallstudios/MHGenDatabase/master/app/src/main/assets/databases/mhgu.db.zip
savage-deviljho,MHWorld,base_hp,3600,HP,https://mhworld.kiranico.com/en/monsters/B02Tk/savage-deviljho
savage-deviljho,MH4U,enrage_attack_mult,1.4,multiplier,https://kiranico.com/en/mh4u/monster/savage-deviljho
savage-deviljho,MHWorld,enrage_attack_mult,1.1,"multiplier (Low Rank/High Rank column, not Master Rank)",https://mhworld.kiranico.com/en/monsters/B02Tk/savage-deviljho
savage-deviljho,MH4U,enrage_duration,60,seconds,https://kiranico.com/en/mh4u/monster/savage-deviljho
savage-deviljho,MHWorld,enrage_duration,120,"seconds (Low Rank/High Rank column, not Master Rank)",https://mhworld.kiranico.com/en/monsters/B02Tk/savage-deviljho
savage-deviljho,MH4U,enrage_speed_mult,1.1,multiplier,https://kiranico.com/en/mh4u/monster/savage-deviljho
savage-deviljho,MHWorld,enrage_speed_mult,1.1,"multiplier (Low Rank/High Rank column, not Master Rank)",https://mhworld.kiranico.com/en/monsters/B02Tk/savage-deviljho
savage-deviljho,MHWorld,enrage_trigger,450,"damage points (Low Rank/High Rank column, not Master Rank)",https://mhworld.kiranico.com/en/monsters/B02Tk/savage-deviljho
savage-deviljho,MH4U,head_stagger,450,damage,https://kiranico.com/en/mh4u/monster/savage-deviljho
savage-deviljho,MHGU,head_stagger,450,stagger threshold (raw),https://mhgu.kiranico.com/monster/69446
savage-deviljho,MHWorld,head_stagger,300,"damage (Part Breakability, exact ""Head"" row)",https://mhworld.kiranico.com/en/monsters/B02Tk/savage-deviljho
savage-deviljho,MH4U,hitzone_max_raw,69,hitzone %,https://kiranico.com/en/mh4u/monster/savage-deviljho
savage-deviljho,MHGU,hitzone_max_raw,76,raw hitzone percent (max over all Kiranico GU states),https://mhgu.kiranico.com/monster/69446
savage-deviljho,MHWorld,hitzone_max_raw,60,"raw hitzone % (max sever/blunt/shot over LR/HR Physiology rows, including state-variant parts e.g. ""Head (White)"", excluding Master Rank override rows)",https://mhworld.kiranico.com/en/monsters/B02Tk/savage-deviljho
savage-deviljho,MHWorld,move_power_max,110,motion value (max over Monster Attacks rows; poedb only lists a subset so is not used here),https://mhworld.kiranico.com/en/monsters/B02Tk/savage-deviljho
savage-deviljho,MH4U,size_base,2046.7777777777776,cm,https://kiranico.com/en/mh4u/monster/savage-deviljho
savage-deviljho,MHGU,size_base,2046.8,cm,https://mhgu.kiranico.com/monster/69446
savage-deviljho,MHWorld,size_base,2063.82,cm (poedb Base; never derived as gold/1.23 — crown thresholds are per-monster),https://mhw.poedb.tw/eng/monster/64/Savage%20Deviljho
savage-deviljho,MH4U,size_gold,2619.9,cm,https://kiranico.com/en/mh4u/monster/savage-deviljho
savage-deviljho,MHGU,size_gold,2619.9,cm,https://mhgu.kiranico.com/monster/69446
savage-deviljho,MHWorld,size_gold,2476.58,cm (gold crown threshold),https://mhworld.kiranico.com/en/monsters/B02Tk/savage-deviljho
savage-deviljho,MH4U,tolerance_paralysis,180,status build-up points,https://kiranico.com/en/mh4u/monster/savage-deviljho
savage-deviljho,MHGU,tolerance_paralysis,180,status build-up points,https://raw.githubusercontent.com/gatheringhallstudios/MHGenDatabase/master/app/src/main/assets/databases/mhgu.db.zip
savage-deviljho,MHWorld,tolerance_paralysis,100,status build-up points,https://mhworld.kiranico.com/en/monsters/B02Tk/savage-deviljho
savage-deviljho,MH4U,tolerance_poison,100,status build-up points,https://kiranico.com/en/mh4u/monster/savage-deviljho
savage-deviljho,MHGU,tolerance_poison,100,status build-up points,https://raw.githubusercontent.com/gatheringhallstudios/MHGenDatabase/master/app/src/main/assets/databases/mhgu.db.zip
savage-deviljho,MHWorld,tolerance_poison,100,status build-up points,https://mhworld.kiranico.com/en/monsters/B02Tk/savage-deviljho
savage-deviljho,MH4U,tolerance_sleep,180,status build-up points,https://kiranico.com/en/mh4u/monster/savage-deviljho
savage-deviljho,MHGU,tolerance_sleep,180,status build-up points,https://raw.githubusercontent.com/gatheringhallstudios/MHGenDatabase/master/app/src/main/assets/databases/mhgu.db.zip
savage-deviljho,MHWorld,tolerance_sleep,100,status build-up points,https://mhworld.kiranico.com/en/monsters/B02Tk/savage-deviljho
savage-deviljho,MH4U,tolerance_stun,180,status build-up points,https://kiranico.com/en/mh4u/monster/savage-deviljho
savage-deviljho,MHGU,tolerance_stun,180,status build-up points,https://raw.githubusercontent.com/gatheringhallstudios/MHGenDatabase/master/app/src/main/assets/databases/mhgu.db.zip
savage-deviljho,MHWorld,tolerance_stun,150,status build-up points,https://mhworld.kiranico.com/en/monsters/B02Tk/savage-deviljho
scarred-yian-garuga,MHWorld,base_hp,3300,HP,https://mhworld.kiranico.com/en/monsters/46DhX/scarred-yian-garuga
scarred-yian-garuga,MHWorld,enrage_attack_mult,1.2,"multiplier (Low Rank/High Rank column, not Master Rank)",https://mhworld.kiranico.com/en/monsters/46DhX/scarred-yian-garuga
scarred-yian-garuga,MHWorld,enrage_duration,75,"seconds (Low Rank/High Rank column, not Master Rank)",https://mhworld.kiranico.com/en/monsters/46DhX/scarred-yian-garuga
scarred-yian-garuga,MHWorld,enrage_speed_mult,1.1,"multiplier (Low Rank/High Rank column, not Master Rank)",https://mhworld.kiranico.com/en/monsters/46DhX/scarred-yian-garuga
scarred-yian-garuga,MHWorld,enrage_trigger,450,"damage points (Low Rank/High Rank column, not Master Rank)",https://mhworld.kiranico.com/en/monsters/46DhX/scarred-yian-garuga
scarred-yian-garuga,MHWorld,hitzone_max_raw,65,"raw hitzone % (max sever/blunt/shot over LR/HR Physiology rows, including state-variant parts e.g. ""Head (White)"", excluding Master Rank override rows)",https://mhworld.kiranico.com/en/monsters/46DhX/scarred-yian-garuga
scarred-yian-garuga,MHWorld,move_power_max,90,motion value (max over Monster Attacks rows; poedb only lists a subset so is not used here),https://mhworld.kiranico.com/en/monsters/46DhX/scarred-yian-garuga
scarred-yian-garuga,MHWorld,size_base,1389.01,cm (poedb Base; never derived as gold/1.23 — crown thresholds are per-monster),https://mhw.poedb.tw/eng/monster/99/Scarred%20Yian%20Garuga
scarred-yian-garuga,MHWorld,size_gold,1708.48,cm (gold crown threshold),https://mhworld.kiranico.com/en/monsters/46DhX/scarred-yian-garuga
scarred-yian-garuga,MHWorld,tolerance_paralysis,180,status build-up points,https://mhworld.kiranico.com/en/monsters/46DhX/scarred-yian-garuga
scarred-yian-garuga,MHWorld,tolerance_poison,250,status build-up points,https://mhworld.kiranico.com/en/monsters/46DhX/scarred-yian-garuga
scarred-yian-garuga,MHWorld,tolerance_sleep,250,status build-up points,https://mhworld.kiranico.com/en/monsters/46DhX/scarred-yian-garuga
scarred-yian-garuga,MHWorld,tolerance_stun,150,status build-up points,https://mhworld.kiranico.com/en/monsters/46DhX/scarred-yian-garuga
scorned-magnamalo,MHRS,base_hp,4700,"HP (base_hp_vital, LR/HR)",https://mhrice.info/mhrice.json
scorned-magnamalo,MHRS,enrage_attack_mult,1.2,multiplier,https://mhrice.info/mhrice.json
scorned-magnamalo,MHRS,enrage_duration,80,seconds,https://mhrice.info/mhrice.json
scorned-magnamalo,MHRS,enrage_speed_mult,1.15,motion-rate multiplier,https://mhrice.info/mhrice.json
scorned-magnamalo,MHRS,enrage_trigger,900,damage points (High Rank),https://mhrice.info/mhrice.json
scorned-magnamalo,MHRS,head_stagger,200,"part vital (flinch value, LR/HR)",https://mhrice.info/mhrice.json
scorned-magnamalo,MHRS,hitzone_max_raw,75,hitzone percent (max over all parts and phases),https://mhrice.info/mhrice.json
scorned-magnamalo,MHRS,move_power_max,300,raw damage (max base_damage),https://mhrice.info/mhrice.json
scorned-magnamalo,MHRS,size_base,2002.97,cm,https://mhrice.info/mhrice.json
scorned-magnamalo,MHRS,size_gold,2343.4748999999997,cm (base_size * king_boarder),https://mhrice.info/mhrice.json
scorned-magnamalo,MHRS,tolerance_paralysis,180,status build-up points,https://mhrice.info/mhrice.json
scorned-magnamalo,MHRS,tolerance_poison,150,status build-up points,https://mhrice.info/mhrice.json
scorned-magnamalo,MHRS,tolerance_sleep,150,status build-up points,https://mhrice.info/mhrice.json
scorned-magnamalo,MHRS,tolerance_stun,100,status build-up points,https://mhrice.info/mhrice.json
seething-bazelgeuse,MHRS,base_hp,4600,"HP (base_hp_vital, LR/HR)",https://mhrice.info/mhrice.json
seething-bazelgeuse,MHRS,enrage_attack_mult,1.2,multiplier,https://mhrice.info/mhrice.json
seething-bazelgeuse,MHRS,enrage_duration,150,seconds,https://mhrice.info/mhrice.json
seething-bazelgeuse,MHRS,enrage_speed_mult,1.1,motion-rate multiplier,https://mhrice.info/mhrice.json
seething-bazelgeuse,MHRS,enrage_trigger,1100,damage points (High Rank),https://mhrice.info/mhrice.json
seething-bazelgeuse,MHRS,head_stagger,270,"part vital (flinch value, LR/HR)",https://mhrice.info/mhrice.json
seething-bazelgeuse,MHRS,hitzone_max_raw,80,hitzone percent (max over all parts and phases),https://mhrice.info/mhrice.json
seething-bazelgeuse,MHRS,move_power_max,280,raw damage (max base_damage),https://mhrice.info/mhrice.json
seething-bazelgeuse,MHRS,size_base,1928.38,cm,https://mhrice.info/mhrice.json
seething-bazelgeuse,MHRS,size_gold,2371.9074,cm (base_size * king_boarder),https://mhrice.info/mhrice.json
seething-bazelgeuse,MHRS,tolerance_paralysis,180,status build-up points,https://mhrice.info/mhrice.json
seething-bazelgeuse,MHRS,tolerance_poison,150,status build-up points,https://mhrice.info/mhrice.json
seething-bazelgeuse,MHRS,tolerance_sleep,100,status build-up points,https://mhrice.info/mhrice.json
seething-bazelgeuse,MHRS,tolerance_stun,120,status build-up points,https://mhrice.info/mhrice.json
seltas,MH4U,base_hp,2000,HP,https://kiranico.com/en/mh4u/monster/seltas
seltas,MHGU,base_hp,2000,HP,https://raw.githubusercontent.com/gatheringhallstudios/MHGenDatabase/master/app/src/main/assets/databases/mhgu.db.zip
seltas,MH4U,enrage_attack_mult,1.1,multiplier,https://kiranico.com/en/mh4u/monster/seltas
seltas,MH4U,enrage_duration,75,seconds,https://kiranico.com/en/mh4u/monster/seltas
seltas,MH4U,enrage_speed_mult,1.1,multiplier,https://kiranico.com/en/mh4u/monster/seltas
seltas,MH4U,head_stagger,180,damage,https://kiranico.com/en/mh4u/monster/seltas
seltas,MHGU,head_stagger,180,stagger threshold (raw),https://mhgu.kiranico.com/monster/6d786
seltas,MH4U,hitzone_max_raw,80,hitzone %,https://kiranico.com/en/mh4u/monster/seltas
seltas,MHGU,hitzone_max_raw,80,raw hitzone percent (max over all Kiranico GU states),https://mhgu.kiranico.com/monster/6d786
seltas,MH4U,size_base,615.9122972389144,cm,https://kiranico.com/en/mh4u/monster/seltas
seltas,MHGU,size_base,615.9,cm,https://mhgu.kiranico.com/monster/6d786
seltas,MH4U,size_gold,757.6,cm,https://kiranico.com/en/mh4u/monster/seltas
seltas,MHGU,size_gold,757.56,cm,https://mhgu.kiranico.com/monster/6d786
seltas,MH4U,tolerance_paralysis,150,status build-up points,https://kiranico.com/en/mh4u/monster/seltas
seltas,MHGU,tolerance_paralysis,150,status build-up points,https://raw.githubusercontent.com/gatheringhallstudios/MHGenDatabase/master/app/src/main/assets/databases/mhgu.db.zip
seltas,MH4U,tolerance_poison,100,status build-up points,https://kiranico.com/en/mh4u/monster/seltas
seltas,MHGU,tolerance_poison,100,status build-up points,https://raw.githubusercontent.com/gatheringhallstudios/MHGenDatabase/master/app/src/main/assets/databases/mhgu.db.zip
seltas,MH4U,tolerance_sleep,150,status build-up points,https://kiranico.com/en/mh4u/monster/seltas
seltas,MHGU,tolerance_sleep,150,status build-up points,https://raw.githubusercontent.com/gatheringhallstudios/MHGenDatabase/master/app/src/main/assets/databases/mhgu.db.zip
seltas,MH4U,tolerance_stun,120,status build-up points,https://kiranico.com/en/mh4u/monster/seltas
seltas,MHGU,tolerance_stun,120,status build-up points,https://raw.githubusercontent.com/gatheringhallstudios/MHGenDatabase/master/app/src/main/assets/databases/mhgu.db.zip
seltas-queen,MH4U,base_hp,5200,HP,https://kiranico.com/en/mh4u/monster/seltas-queen
seltas-queen,MHGU,base_hp,5200,HP,https://raw.githubusercontent.com/gatheringhallstudios/MHGenDatabase/master/app/src/main/assets/databases/mhgu.db.zip
seltas-queen,MH4U,enrage_attack_mult,1.3,multiplier,https://kiranico.com/en/mh4u/monster/seltas-queen
seltas-queen,MH4U,enrage_duration,90,seconds,https://kiranico.com/en/mh4u/monster/seltas-queen
seltas-queen,MH4U,enrage_speed_mult,1.3,multiplier,https://kiranico.com/en/mh4u/monster/seltas-queen
seltas-queen,MH4U,head_stagger,180,damage,https://kiranico.com/en/mh4u/monster/seltas-queen
seltas-queen,MHGU,head_stagger,180,stagger threshold (raw),https://mhgu.kiranico.com/monster/65376
seltas-queen,MH4U,hitzone_max_raw,80,hitzone %,https://kiranico.com/en/mh4u/monster/seltas-queen
seltas-queen,MHGU,hitzone_max_raw,80,raw hitzone percent (max over all Kiranico GU states),https://mhgu.kiranico.com/monster/65376
seltas-queen,MH4U,size_base,1444.785711480303,cm,https://kiranico.com/en/mh4u/monster/seltas-queen
seltas-queen,MHGU,size_base,1444.8,cm,https://mhgu.kiranico.com/monster/65376
seltas-queen,MH4U,size_gold,1777.1,cm,https://kiranico.com/en/mh4u/monster/seltas-queen
seltas-queen,MHGU,size_gold,1777.1,cm,https://mhgu.kiranico.com/monster/65376
seltas-queen,MH4U,tolerance_paralysis,200,status build-up points,https://kiranico.com/en/mh4u/monster/seltas-queen
seltas-queen,MHGU,tolerance_paralysis,200,status build-up points,https://raw.githubusercontent.com/gatheringhallstudios/MHGenDatabase/master/app/src/main/assets/databases/mhgu.db.zip
seltas-queen,MH4U,tolerance_poison,180,status build-up points,https://kiranico.com/en/mh4u/monster/seltas-queen
seltas-queen,MHGU,tolerance_poison,180,status build-up points,https://raw.githubusercontent.com/gatheringhallstudios/MHGenDatabase/master/app/src/main/assets/databases/mhgu.db.zip
seltas-queen,MH4U,tolerance_sleep,200,status build-up points,https://kiranico.com/en/mh4u/monster/seltas-queen
seltas-queen,MHGU,tolerance_sleep,200,status build-up points,https://raw.githubusercontent.com/gatheringhallstudios/MHGenDatabase/master/app/src/main/assets/databases/mhgu.db.zip
seltas-queen,MH4U,tolerance_stun,200,status build-up points,https://kiranico.com/en/mh4u/monster/seltas-queen
seltas-queen,MHGU,tolerance_stun,200,status build-up points,https://raw.githubusercontent.com/gatheringhallstudios/MHGenDatabase/master/app/src/main/assets/databases/mhgu.db.zip
seregios,MH4U,base_hp,4200,HP,https://kiranico.com/en/mh4u/monster/seregios
seregios,MHGU,base_hp,4200,HP,https://raw.githubusercontent.com/gatheringhallstudios/MHGenDatabase/master/app/src/main/assets/databases/mhgu.db.zip
seregios,MHWilds,base_hp,5500,HP points,https://wilds.mhdb.io/en/monsters
seregios,MH4U,enrage_attack_mult,1.3,multiplier,https://kiranico.com/en/mh4u/monster/seregios
seregios,MHWilds,enrage_attack_mult,1.15,multiplier (High Rank),https://raw.githubusercontent.com/robomeche/MHWilds-Database/main/monster/assets/json/MHWilds_Data_compact.json.gz
seregios,MH4U,enrage_duration,80,seconds,https://kiranico.com/en/mh4u/monster/seregios
seregios,MHWilds,enrage_duration,100,seconds (High Rank),https://raw.githubusercontent.com/robomeche/MHWilds-Database/main/monster/assets/json/MHWilds_Data_compact.json.gz
seregios,MH4U,enrage_speed_mult,1.2,multiplier,https://kiranico.com/en/mh4u/monster/seregios
seregios,MHWilds,enrage_speed_mult,1.05,motion-speed multiplier (High Rank),https://raw.githubusercontent.com/robomeche/MHWilds-Database/main/monster/assets/json/MHWilds_Data_compact.json.gz
seregios,MHWilds,enrage_trigger,1500,damage points (High Rank),https://raw.githubusercontent.com/robomeche/MHWilds-Database/main/monster/assets/json/MHWilds_Data_compact.json.gz
seregios,MH4U,head_stagger,220,damage,https://kiranico.com/en/mh4u/monster/seregios
seregios,MHGU,head_stagger,200,stagger threshold (raw),https://mhgu.kiranico.com/monster/67eb6
seregios,MHWilds,head_stagger,350,damage points (base),https://raw.githubusercontent.com/robomeche/MHWilds-Database/main/monster/assets/json/MHWilds_Data_compact.json.gz
seregios,MH4U,hitzone_max_raw,60,hitzone %,https://kiranico.com/en/mh4u/monster/seregios
seregios,MHGU,hitzone_max_raw,60,raw hitzone percent (max over all Kiranico GU states),https://mhgu.kiranico.com/monster/67eb6
seregios,MHWilds,hitzone_max_raw,55,"percent (robomeche Meat, default state max)",https://raw.githubusercontent.com/robomeche/MHWilds-Database/main/monster/assets/json/MHWilds_Data_compact.json.gz
seregios,MH4U,size_base,1728.111111111111,cm,https://kiranico.com/en/mh4u/monster/seregios
seregios,MHGU,size_base,1728.1,cm,https://mhgu.kiranico.com/monster/67eb6
seregios,MHWilds,size_base,1730.27,cm,https://wilds.mhdb.io/en/monsters
seregios,MH4U,size_gold,1883.6,cm,https://kiranico.com/en/mh4u/monster/seregios
seregios,MHGU,size_gold,1970.03,cm,https://mhgu.kiranico.com/monster/67eb6
seregios,MHWilds,size_gold,2128.2322,cm,https://wilds.mhdb.io/en/monsters
seregios,MH4U,tolerance_paralysis,180,status build-up points,https://kiranico.com/en/mh4u/monster/seregios
seregios,MHGU,tolerance_paralysis,180,status build-up points,https://raw.githubusercontent.com/gatheringhallstudios/MHGenDatabase/master/app/src/main/assets/databases/mhgu.db.zip
seregios,MHWilds,tolerance_paralysis,300,status build-up points,https://raw.githubusercontent.com/robomeche/MHWilds-Database/main/monster/assets/json/MHWilds_Data_compact.json.gz
seregios,MH4U,tolerance_poison,180,status build-up points,https://kiranico.com/en/mh4u/monster/seregios
seregios,MHGU,tolerance_poison,180,status build-up points,https://raw.githubusercontent.com/gatheringhallstudios/MHGenDatabase/master/app/src/main/assets/databases/mhgu.db.zip
seregios,MHWilds,tolerance_poison,150,status build-up points,https://raw.githubusercontent.com/robomeche/MHWilds-Database/main/monster/assets/json/MHWilds_Data_compact.json.gz
seregios,MH4U,tolerance_sleep,180,status build-up points,https://kiranico.com/en/mh4u/monster/seregios
seregios,MHGU,tolerance_sleep,180,status build-up points,https://raw.githubusercontent.com/gatheringhallstudios/MHGenDatabase/master/app/src/main/assets/databases/mhgu.db.zip
seregios,MHWilds,tolerance_sleep,150,status build-up points,https://raw.githubusercontent.com/robomeche/MHWilds-Database/main/monster/assets/json/MHWilds_Data_compact.json.gz
seregios,MH4U,tolerance_stun,150,status build-up points,https://kiranico.com/en/mh4u/monster/seregios
seregios,MHGU,tolerance_stun,150,status build-up points,https://raw.githubusercontent.com/gatheringhallstudios/MHGenDatabase/master/app/src/main/assets/databases/mhgu.db.zip
seregios,MHWilds,tolerance_stun,120,stun (KO) build-up points,https://raw.githubusercontent.com/robomeche/MHWilds-Database/main/monster/assets/json/MHWilds_Data_compact.json.gz
shagaru-magala,MH4U,base_hp,5500,HP,https://kiranico.com/en/mh4u/monster/shagaru-magala
shagaru-magala,MHGU,base_hp,5500,HP,https://raw.githubusercontent.com/gatheringhallstudios/MHGenDatabase/master/app/src/main/assets/databases/mhgu.db.zip
shagaru-magala,MHRS,base_hp,4500,"HP (base_hp_vital, LR/HR)",https://mhrice.info/mhrice.json
shagaru-magala,MH4U,enrage_attack_mult,1.4,multiplier,https://kiranico.com/en/mh4u/monster/shagaru-magala
shagaru-magala,MHRS,enrage_attack_mult,1.1,multiplier,https://mhrice.info/mhrice.json
shagaru-magala,MH4U,enrage_duration,120,seconds,https://kiranico.com/en/mh4u/monster/shagaru-magala
shagaru-magala,MHRS,enrage_duration,120,seconds,https://mhrice.info/mhrice.json
shagaru-magala,MH4U,enrage_speed_mult,1.2,multiplier,https://kiranico.com/en/mh4u/monster/shagaru-magala
shagaru-magala,MHRS,enrage_speed_mult,1.08,motion-rate multiplier,https://mhrice.info/mhrice.json
shagaru-magala,MHRS,enrage_trigger,800,damage points (High Rank),https://mhrice.info/mhrice.json
shagaru-magala,MH4U,head_stagger,300,damage,https://kiranico.com/en/mh4u/monster/shagaru-magala
shagaru-magala,MHGU,head_stagger,300,stagger threshold (raw),https://mhgu.kiranico.com/monster/68946
shagaru-magala,MHRS,head_stagger,300,"part vital (flinch value, LR/HR)",https://mhrice.info/mhrice.json
shagaru-magala,MH4U,hitzone_max_raw,65,hitzone %,https://kiranico.com/en/mh4u/monster/shagaru-magala
shagaru-magala,MHGU,hitzone_max_raw,65,raw hitzone percent (max over all Kiranico GU states),https://mhgu.kiranico.com/monster/68946
shagaru-magala,MHRS,hitzone_max_raw,65,hitzone percent (max over all parts and phases),https://mhrice.info/mhrice.json
shagaru-magala,MHRS,move_power_max,100,raw damage (max base_damage),https://mhrice.info/mhrice.json
shagaru-magala,MH4U,size_base,1778.111111111111,cm,https://kiranico.com/en/mh4u/monster/shagaru-magala
shagaru-magala,MHGU,size_base,1778.1,cm,https://mhgu.kiranico.com/monster/68946
shagaru-magala,MHRS,size_base,1735.54,cm,https://mhrice.info/mhrice.json
shagaru-magala,MH4U,size_gold,2187.1,cm,https://kiranico.com/en/mh4u/monster/shagaru-magala
shagaru-magala,MHGU,size_gold,2187.06,cm,https://mhgu.kiranico.com/monster/68946
shagaru-magala,MHRS,size_gold,2030.5818,cm (base_size * king_boarder),https://mhrice.info/mhrice.json
shagaru-magala,MH4U,tolerance_paralysis,180,status build-up points,https://kiranico.com/en/mh4u/monster/shagaru-magala
shagaru-magala,MHGU,tolerance_paralysis,180,status build-up points,https://raw.githubusercontent.com/gatheringhallstudios/MHGenDatabase/master/app/src/main/assets/databases/mhgu.db.zip
shagaru-magala,MHRS,tolerance_paralysis,300,status build-up points,https://mhrice.info/mhrice.json
shagaru-magala,MH4U,tolerance_poison,180,status build-up points,https://kiranico.com/en/mh4u/monster/shagaru-magala
shagaru-magala,MHGU,tolerance_poison,180,status build-up points,https://raw.githubusercontent.com/gatheringhallstudios/MHGenDatabase/master/app/src/main/assets/databases/mhgu.db.zip
shagaru-magala,MHRS,tolerance_poison,80,status build-up points,https://mhrice.info/mhrice.json
shagaru-magala,MH4U,tolerance_sleep,200,status build-up points,https://kiranico.com/en/mh4u/monster/shagaru-magala
shagaru-magala,MHGU,tolerance_sleep,200,status build-up points,https://raw.githubusercontent.com/gatheringhallstudios/MHGenDatabase/master/app/src/main/assets/databases/mhgu.db.zip
shagaru-magala,MHRS,tolerance_sleep,250,status build-up points,https://mhrice.info/mhrice.json
shagaru-magala,MH4U,tolerance_stun,200,status build-up points,https://kiranico.com/en/mh4u/monster/shagaru-magala
shagaru-magala,MHGU,tolerance_stun,200,status build-up points,https://raw.githubusercontent.com/gatheringhallstudios/MHGenDatabase/master/app/src/main/assets/databases/mhgu.db.zip
shagaru-magala,MHRS,tolerance_stun,150,status build-up points,https://mhrice.info/mhrice.json
shah-dalamadur,MH4U,base_hp,17600,HP,https://kiranico.com/en/mh4u/monster/shah-dalamadur
shah-dalamadur,MH4U,enrage_attack_mult,1.3,multiplier,https://kiranico.com/en/mh4u/monster/shah-dalamadur
shah-dalamadur,MH4U,enrage_duration,70,seconds,https://kiranico.com/en/mh4u/monster/shah-dalamadur
shah-dalamadur,MH4U,enrage_speed_mult,1,multiplier,https://kiranico.com/en/mh4u/monster/shah-dalamadur
shah-dalamadur,MH4U,hitzone_max_raw,160,hitzone %,https://kiranico.com/en/mh4u/monster/shah-dalamadur
shara-ishvalda,MHWorld,base_hp,5300,HP,https://mhworld.kiranico.com/en/monsters/8mvfA/shara-ishvalda
shara-ishvalda,MHWorld,enrage_attack_mult,1.2,"multiplier (Low Rank/High Rank column, not Master Rank)",https://mhworld.kiranico.com/en/monsters/8mvfA/shara-ishvalda
shara-ishvalda,MHWorld,enrage_duration,120,"seconds (Low Rank/High Rank column, not Master Rank)",https://mhworld.kiranico.com/en/monsters/8mvfA/shara-ishvalda
shara-ishvalda,MHWorld,enrage_speed_mult,1,"multiplier (Low Rank/High Rank column, not Master Rank)",https://mhworld.kiranico.com/en/monsters/8mvfA/shara-ishvalda
shara-ishvalda,MHWorld,enrage_trigger,1200,"damage points (Low Rank/High Rank column, not Master Rank)",https://mhworld.kiranico.com/en/monsters/8mvfA/shara-ishvalda
shara-ishvalda,MHWorld,head_stagger,580,"damage (Part Breakability, exact ""Head"" row)",https://mhworld.kiranico.com/en/monsters/8mvfA/shara-ishvalda
shara-ishvalda,MHWorld,hitzone_max_raw,75,"raw hitzone % (max sever/blunt/shot over LR/HR Physiology rows, including state-variant parts e.g. ""Head (White)"", excluding Master Rank override rows)",https://mhworld.kiranico.com/en/monsters/8mvfA/shara-ishvalda
shara-ishvalda,MHWorld,move_power_max,140,motion value (max over Monster Attacks rows; poedb only lists a subset so is not used here),https://mhworld.kiranico.com/en/monsters/8mvfA/shara-ishvalda
shara-ishvalda,MHWorld,size_base,2910.91,cm (poedb Base; never derived as gold/1.23 — crown thresholds are per-monster),https://mhw.poedb.tw/eng/monster/81/Shara%20Ishvalda
shara-ishvalda,MHWorld,size_gold,3580.42,cm (gold crown threshold),https://mhworld.kiranico.com/en/monsters/8mvfA/shara-ishvalda
shara-ishvalda,MHWorld,tolerance_paralysis,300,status build-up points,https://mhworld.kiranico.com/en/monsters/8mvfA/shara-ishvalda
shara-ishvalda,MHWorld,tolerance_poison,250,status build-up points,https://mhworld.kiranico.com/en/monsters/8mvfA/shara-ishvalda
shara-ishvalda,MHWorld,tolerance_stun,200,status build-up points,https://mhworld.kiranico.com/en/monsters/8mvfA/shara-ishvalda
shen-gaoren,MHFU,base_hp,14000,"HP points (raw, min of appear[].health across quests)",https://raw.githubusercontent.com/Kolyn090/mhfu-db/394b2f99a9d56c83153d9dc045e207334bbd1095/Monsters/stats.json
shen-gaoren,MHFU,enrage_attack_mult,1.5,multiplier (x),https://raw.githubusercontent.com/Kolyn090/mhfu-db/394b2f99a9d56c83153d9dc045e207334bbd1095/Monsters/stats.json
shen-gaoren,MHFU,head_stagger,400,flinch/stagger damage threshold (raw),https://raw.githubusercontent.com/Kolyn090/mhfu-db/394b2f99a9d56c83153d9dc045e207334bbd1095/Monsters/basic-parts-duration.json
shen-gaoren,MHFU,hitzone_max_raw,45,"percent (raw hitzone, external non-conditional parts, max of slash/strike/shooting)",https://raw.githubusercontent.com/Kolyn090/mhfu-db/394b2f99a9d56c83153d9dc045e207334bbd1095/Monsters/weapon-effectiveness.json
shogun-ceanataur,MHGU,base_hp,4000,HP,https://raw.githubusercontent.com/gatheringhallstudios/MHGenDatabase/master/app/src/main/assets/databases/mhgu.db.zip
shogun-ceanataur,MHRS,base_hp,4000,"HP (base_hp_vital, LR/HR)",https://mhrice.info/mhrice.json
shogun-ceanataur,MHRS,enrage_attack_mult,1.2,multiplier,https://mhrice.info/mhrice.json
shogun-ceanataur,MHRS,enrage_duration,90,seconds,https://mhrice.info/mhrice.json
shogun-ceanataur,MHRS,enrage_speed_mult,1.15,motion-rate multiplier,https://mhrice.info/mhrice.json
shogun-ceanataur,MHRS,enrage_trigger,1150,damage points (High Rank),https://mhrice.info/mhrice.json
shogun-ceanataur,MHGU,head_stagger,170,stagger threshold (raw),https://mhgu.kiranico.com/monster/6bb96
shogun-ceanataur,MHRS,head_stagger,200,"part vital (flinch value, LR/HR)",https://mhrice.info/mhrice.json
shogun-ceanataur,MHGU,hitzone_max_raw,50,raw hitzone percent (max over all Kiranico GU states),https://mhgu.kiranico.com/monster/6bb96
shogun-ceanataur,MHRS,hitzone_max_raw,50,hitzone percent (max over all parts and phases),https://mhrice.info/mhrice.json
shogun-ceanataur,MHRS,move_power_max,70,raw damage (max base_damage),https://mhrice.info/mhrice.json
shogun-ceanataur,MHGU,size_base,597.99,cm,https://mhgu.kiranico.com/monster/6bb96
shogun-ceanataur,MHRS,size_base,596.24,cm,https://mhrice.info/mhrice.json
shogun-ceanataur,MHGU,size_gold,735.53,cm,https://mhgu.kiranico.com/monster/6bb96
shogun-ceanataur,MHRS,size_gold,733.3752,cm (base_size * king_boarder),https://mhrice.info/mhrice.json
shogun-ceanataur,MHGU,tolerance_paralysis,125,status build-up points,https://raw.githubusercontent.com/gatheringhallstudios/MHGenDatabase/master/app/src/main/assets/databases/mhgu.db.zip
shogun-ceanataur,MHRS,tolerance_paralysis,180,status build-up points,https://mhrice.info/mhrice.json
shogun-ceanataur,MHGU,tolerance_poison,200,status build-up points,https://raw.githubusercontent.com/gatheringhallstudios/MHGenDatabase/master/app/src/main/assets/databases/mhgu.db.zip
shogun-ceanataur,MHRS,tolerance_poison,150,status build-up points,https://mhrice.info/mhrice.json
shogun-ceanataur,MHGU,tolerance_sleep,150,status build-up points,https://raw.githubusercontent.com/gatheringhallstudios/MHGenDatabase/master/app/src/main/assets/databases/mhgu.db.zip
shogun-ceanataur,MHRS,tolerance_sleep,150,status build-up points,https://mhrice.info/mhrice.json
shogun-ceanataur,MHGU,tolerance_stun,120,status build-up points,https://raw.githubusercontent.com/gatheringhallstudios/MHGenDatabase/master/app/src/main/assets/databases/mhgu.db.zip
shogun-ceanataur,MHRS,tolerance_stun,120,status build-up points,https://mhrice.info/mhrice.json
shrieking-legiana,MHWorld,base_hp,3000,HP,https://mhworld.kiranico.com/en/monsters/Dm5tZ/shrieking-legiana
shrieking-legiana,MHWorld,enrage_attack_mult,1.1,"multiplier (Low Rank/High Rank column, not Master Rank)",https://mhworld.kiranico.com/en/monsters/Dm5tZ/shrieking-legiana
shrieking-legiana,MHWorld,enrage_duration,100,"seconds (Low Rank/High Rank column, not Master Rank)",https://mhworld.kiranico.com/en/monsters/Dm5tZ/shrieking-legiana
shrieking-legiana,MHWorld,enrage_speed_mult,1.1,"multiplier (Low Rank/High Rank column, not Master Rank)",https://mhworld.kiranico.com/en/monsters/Dm5tZ/shrieking-legiana
shrieking-legiana,MHWorld,enrage_trigger,600,"damage points (Low Rank/High Rank column, not Master Rank)",https://mhworld.kiranico.com/en/monsters/Dm5tZ/shrieking-legiana
shrieking-legiana,MHWorld,head_stagger,210,"damage (Part Breakability, exact ""Head"" row)",https://mhworld.kiranico.com/en/monsters/Dm5tZ/shrieking-legiana
shrieking-legiana,MHWorld,hitzone_max_raw,70,"raw hitzone % (max sever/blunt/shot over LR/HR Physiology rows, including state-variant parts e.g. ""Head (White)"", excluding Master Rank override rows)",https://mhworld.kiranico.com/en/monsters/Dm5tZ/shrieking-legiana
shrieking-legiana,MHWorld,move_power_max,75,motion value (max over Monster Attacks rows; poedb only lists a subset so is not used here),https://mhworld.kiranico.com/en/monsters/Dm5tZ/shrieking-legiana
shrieking-legiana,MHWorld,size_base,1831.69,cm (poedb Base; never derived as gold/1.23 — crown thresholds are per-monster),https://mhw.poedb.tw/eng/monster/73/Shrieking%20Legiana
shrieking-legiana,MHWorld,size_gold,2252.98,cm (gold crown threshold),https://mhworld.kiranico.com/en/monsters/Dm5tZ/shrieking-legiana
shrieking-legiana,MHWorld,tolerance_paralysis,180,status build-up points,https://mhworld.kiranico.com/en/monsters/Dm5tZ/shrieking-legiana
shrieking-legiana,MHWorld,tolerance_poison,80,status build-up points,https://mhworld.kiranico.com/en/monsters/Dm5tZ/shrieking-legiana
shrieking-legiana,MHWorld,tolerance_sleep,150,status build-up points,https://mhworld.kiranico.com/en/monsters/Dm5tZ/shrieking-legiana
shrieking-legiana,MHWorld,tolerance_stun,150,status build-up points,https://mhworld.kiranico.com/en/monsters/Dm5tZ/shrieking-legiana
shrouded-nerscylla,MH4U,base_hp,3900,HP,https://kiranico.com/en/mh4u/monster/shrouded-nerscylla
shrouded-nerscylla,MH4U,enrage_attack_mult,1.4,multiplier,https://kiranico.com/en/mh4u/monster/shrouded-nerscylla
shrouded-nerscylla,MH4U,enrage_duration,90,seconds,https://kiranico.com/en/mh4u/monster/shrouded-nerscylla
shrouded-nerscylla,MH4U,enrage_speed_mult,1.1,multiplier,https://kiranico.com/en/mh4u/monster/shrouded-nerscylla
shrouded-nerscylla,MH4U,head_stagger,100,damage,https://kiranico.com/en/mh4u/monster/shrouded-nerscylla
shrouded-nerscylla,MH4U,hitzone_max_raw,65,hitzone %,https://kiranico.com/en/mh4u/monster/shrouded-nerscylla
shrouded-nerscylla,MH4U,size_base,998.8888888888889,cm,https://kiranico.com/en/mh4u/monster/shrouded-nerscylla
shrouded-nerscylla,MH4U,size_gold,1178.7,cm,https://kiranico.com/en/mh4u/monster/shrouded-nerscylla
shrouded-nerscylla,MH4U,tolerance_paralysis,110,status build-up points,https://kiranico.com/en/mh4u/monster/shrouded-nerscylla
shrouded-nerscylla,MH4U,tolerance_poison,180,status build-up points,https://kiranico.com/en/mh4u/monster/shrouded-nerscylla
shrouded-nerscylla,MH4U,tolerance_sleep,200,status build-up points,https://kiranico.com/en/mh4u/monster/shrouded-nerscylla
shrouded-nerscylla,MH4U,tolerance_stun,120,status build-up points,https://kiranico.com/en/mh4u/monster/shrouded-nerscylla
silver-rathalos,MH4U,base_hp,4900,HP,https://kiranico.com/en/mh4u/monster/silver-rathalos
silver-rathalos,MHGU,base_hp,4900,HP,https://raw.githubusercontent.com/gatheringhallstudios/MHGenDatabase/master/app/src/main/assets/databases/mhgu.db.zip
silver-rathalos,MHRS,base_hp,4500,"HP (base_hp_vital, LR/HR)",https://mhrice.info/mhrice.json
silver-rathalos,MH4U,enrage_attack_mult,1.3,multiplier,https://kiranico.com/en/mh4u/monster/silver-rathalos
silver-rathalos,MHRS,enrage_attack_mult,1.2,multiplier,https://mhrice.info/mhrice.json
silver-rathalos,MH4U,enrage_duration,120,seconds,https://kiranico.com/en/mh4u/monster/silver-rathalos
silver-rathalos,MHRS,enrage_duration,80,seconds,https://mhrice.info/mhrice.json
silver-rathalos,MH4U,enrage_speed_mult,1.2,multiplier,https://kiranico.com/en/mh4u/monster/silver-rathalos
silver-rathalos,MHRS,enrage_speed_mult,1.15,motion-rate multiplier,https://mhrice.info/mhrice.json
silver-rathalos,MHRS,enrage_trigger,800,damage points (High Rank),https://mhrice.info/mhrice.json
silver-rathalos,MH4U,head_stagger,200,damage,https://kiranico.com/en/mh4u/monster/silver-rathalos
silver-rathalos,MHGU,head_stagger,200,stagger threshold (raw),https://mhgu.kiranico.com/monster/06036
silver-rathalos,MHRS,head_stagger,290,"part vital (flinch value, LR/HR)",https://mhrice.info/mhrice.json
silver-rathalos,MH4U,hitzone_max_raw,55,hitzone %,https://kiranico.com/en/mh4u/monster/silver-rathalos
silver-rathalos,MHGU,hitzone_max_raw,55,raw hitzone percent (max over all Kiranico GU states),https://mhgu.kiranico.com/monster/06036
silver-rathalos,MHRS,hitzone_max_raw,70,hitzone percent (max over all parts and phases),https://mhrice.info/mhrice.json
silver-rathalos,MHRS,move_power_max,200,raw damage (max base_damage),https://mhrice.info/mhrice.json
silver-rathalos,MH4U,size_base,1844.4444444444443,cm,https://kiranico.com/en/mh4u/monster/silver-rathalos
silver-rathalos,MHGU,size_base,1711.3,cm,https://mhgu.kiranico.com/monster/06036
silver-rathalos,MHRS,size_base,1704.22,cm,https://mhrice.info/mhrice.json
silver-rathalos,MH4U,size_gold,2104.9,cm,https://kiranico.com/en/mh4u/monster/silver-rathalos
silver-rathalos,MHGU,size_gold,2104.9,cm,https://mhgu.kiranico.com/monster/06036
silver-rathalos,MHRS,size_gold,2096.1906,cm (base_size * king_boarder),https://mhrice.info/mhrice.json
silver-rathalos,MH4U,tolerance_paralysis,180,status build-up points,https://kiranico.com/en/mh4u/monster/silver-rathalos
silver-rathalos,MHGU,tolerance_paralysis,180,status build-up points,https://raw.githubusercontent.com/gatheringhallstudios/MHGenDatabase/master/app/src/main/assets/databases/mhgu.db.zip
silver-rathalos,MHRS,tolerance_paralysis,180,status build-up points,https://mhrice.info/mhrice.json
silver-rathalos,MH4U,tolerance_poison,180,status build-up points,https://kiranico.com/en/mh4u/monster/silver-rathalos
silver-rathalos,MHGU,tolerance_poison,180,status build-up points,https://raw.githubusercontent.com/gatheringhallstudios/MHGenDatabase/master/app/src/main/assets/databases/mhgu.db.zip
silver-rathalos,MHRS,tolerance_poison,250,status build-up points,https://mhrice.info/mhrice.json
silver-rathalos,MH4U,tolerance_sleep,180,status build-up points,https://kiranico.com/en/mh4u/monster/silver-rathalos
silver-rathalos,MHGU,tolerance_sleep,180,status build-up points,https://raw.githubusercontent.com/gatheringhallstudios/MHGenDatabase/master/app/src/main/assets/databases/mhgu.db.zip
silver-rathalos,MHRS,tolerance_sleep,150,status build-up points,https://mhrice.info/mhrice.json
silver-rathalos,MH4U,tolerance_stun,100,status build-up points,https://kiranico.com/en/mh4u/monster/silver-rathalos
silver-rathalos,MHGU,tolerance_stun,100,status build-up points,https://raw.githubusercontent.com/gatheringhallstudios/MHGenDatabase/master/app/src/main/assets/databases/mhgu.db.zip
silver-rathalos,MHRS,tolerance_stun,200,status build-up points,https://mhrice.info/mhrice.json
silverwind-nargacuga,MHGU,base_hp,5000,HP,https://raw.githubusercontent.com/gatheringhallstudios/MHGenDatabase/master/app/src/main/assets/databases/mhgu.db.zip
silverwind-nargacuga,MHGU,head_stagger,200,stagger threshold (raw),https://mhgu.kiranico.com/monster/63506
silverwind-nargacuga,MHGU,hitzone_max_raw,60,raw hitzone percent (max over all Kiranico GU states),https://mhgu.kiranico.com/monster/63506
silverwind-nargacuga,MHGU,size_base,1702.33,cm,https://mhgu.kiranico.com/monster/63506
silverwind-nargacuga,MHGU,size_gold,2093.87,cm,https://mhgu.kiranico.com/monster/63506
silverwind-nargacuga,MHGU,tolerance_paralysis,180,status build-up points,https://raw.githubusercontent.com/gatheringhallstudios/MHGenDatabase/master/app/src/main/assets/databases/mhgu.db.zip
silverwind-nargacuga,MHGU,tolerance_poison,180,status build-up points,https://raw.githubusercontent.com/gatheringhallstudios/MHGenDatabase/master/app/src/main/assets/databases/mhgu.db.zip
silverwind-nargacuga,MHGU,tolerance_sleep,180,status build-up points,https://raw.githubusercontent.com/gatheringhallstudios/MHGenDatabase/master/app/src/main/assets/databases/mhgu.db.zip
silverwind-nargacuga,MHGU,tolerance_stun,200,status build-up points,https://raw.githubusercontent.com/gatheringhallstudios/MHGenDatabase/master/app/src/main/assets/databases/mhgu.db.zip
snowbaron-lagombi,MHGU,base_hp,4500,HP,https://raw.githubusercontent.com/gatheringhallstudios/MHGenDatabase/master/app/src/main/assets/databases/mhgu.db.zip
snowbaron-lagombi,MHGU,head_stagger,300,stagger threshold (raw),https://mhgu.kiranico.com/monster/6db86
snowbaron-lagombi,MHGU,hitzone_max_raw,45,raw hitzone percent (max over all Kiranico GU states),https://mhgu.kiranico.com/monster/6db86
snowbaron-lagombi,MHGU,size_base,639.49,cm,https://mhgu.kiranico.com/monster/6db86
snowbaron-lagombi,MHGU,size_gold,786.57,cm,https://mhgu.kiranico.com/monster/6db86
snowbaron-lagombi,MHGU,tolerance_paralysis,100,status build-up points,https://raw.githubusercontent.com/gatheringhallstudios/MHGenDatabase/master/app/src/main/assets/databases/mhgu.db.zip
snowbaron-lagombi,MHGU,tolerance_poison,150,status build-up points,https://raw.githubusercontent.com/gatheringhallstudios/MHGenDatabase/master/app/src/main/assets/databases/mhgu.db.zip
snowbaron-lagombi,MHGU,tolerance_sleep,200,status build-up points,https://raw.githubusercontent.com/gatheringhallstudios/MHGenDatabase/master/app/src/main/assets/databases/mhgu.db.zip
snowbaron-lagombi,MHGU,tolerance_stun,100,status build-up points,https://raw.githubusercontent.com/gatheringhallstudios/MHGenDatabase/master/app/src/main/assets/databases/mhgu.db.zip
somnacanth,MHRS,base_hp,4500,"HP (base_hp_vital, LR/HR)",https://mhrice.info/mhrice.json
somnacanth,MHRS,enrage_attack_mult,1.1,multiplier,https://mhrice.info/mhrice.json
somnacanth,MHRS,enrage_duration,90,seconds,https://mhrice.info/mhrice.json
somnacanth,MHRS,enrage_speed_mult,1.1,motion-rate multiplier,https://mhrice.info/mhrice.json
somnacanth,MHRS,enrage_trigger,1250,damage points (High Rank),https://mhrice.info/mhrice.json
somnacanth,MHRS,head_stagger,200,"part vital (flinch value, LR/HR)",https://mhrice.info/mhrice.json
somnacanth,MHRS,hitzone_max_raw,70,hitzone percent (max over all parts and phases),https://mhrice.info/mhrice.json
somnacanth,MHRS,move_power_max,80,raw damage (max base_damage),https://mhrice.info/mhrice.json
somnacanth,MHRS,size_base,1545,cm,https://mhrice.info/mhrice.json
somnacanth,MHRS,size_gold,1900.35,cm (base_size * king_boarder),https://mhrice.info/mhrice.json
somnacanth,MHRS,tolerance_paralysis,180,status build-up points,https://mhrice.info/mhrice.json
somnacanth,MHRS,tolerance_poison,150,status build-up points,https://mhrice.info/mhrice.json
somnacanth,MHRS,tolerance_sleep,250,status build-up points,https://mhrice.info/mhrice.json
somnacanth,MHRS,tolerance_stun,120,status build-up points,https://mhrice.info/mhrice.json
soulseer-mizutsune,MHGU,base_hp,5200,HP,https://raw.githubusercontent.com/gatheringhallstudios/MHGenDatabase/master/app/src/main/assets/databases/mhgu.db.zip
soulseer-mizutsune,MHGU,head_stagger,300,stagger threshold (raw),https://mhgu.kiranico.com/monster/6bbe8
soulseer-mizutsune,MHGU,hitzone_max_raw,52,raw hitzone percent (max over all Kiranico GU states),https://mhgu.kiranico.com/monster/6bbe8
soulseer-mizutsune,MHGU,size_base,2428.5,cm,https://mhgu.kiranico.com/monster/6bbe8
soulseer-mizutsune,MHGU,size_gold,2768.49,cm,https://mhgu.kiranico.com/monster/6bbe8
soulseer-mizutsune,MHGU,tolerance_paralysis,200,status build-up points,https://raw.githubusercontent.com/gatheringhallstudios/MHGenDatabase/master/app/src/main/assets/databases/mhgu.db.zip
soulseer-mizutsune,MHGU,tolerance_poison,180,status build-up points,https://raw.githubusercontent.com/gatheringhallstudios/MHGenDatabase/master/app/src/main/assets/databases/mhgu.db.zip
soulseer-mizutsune,MHGU,tolerance_sleep,180,status build-up points,https://raw.githubusercontent.com/gatheringhallstudios/MHGenDatabase/master/app/src/main/assets/databases/mhgu.db.zip
soulseer-mizutsune,MHGU,tolerance_stun,200,status build-up points,https://raw.githubusercontent.com/gatheringhallstudios/MHGenDatabase/master/app/src/main/assets/databases/mhgu.db.zip
steel-uragaan,MH3U,enrage_attack_mult,1.3,multiplier,http://mh3g.org/book/uragankin-b.html
steel-uragaan,MH3U,enrage_duration,90,seconds,http://mh3g.org/book/uragankin-b.html
steel-uragaan,MH3U,enrage_speed_mult,1.1,multiplier,http://mh3g.org/book/uragankin-b.html
steel-uragaan,MH3U,head_stagger,280,damage points (village-quest base),http://mh3g.org/book/uragankin-b.html
steel-uragaan,MH3U,hitzone_max_raw,55,"raw hitzone % (max of cut/impact/shot, sentinels excluded)",https://raw.githubusercontent.com/dbooga/MonsterHunter3UDatabase/master/MonsterHunter3UDatabase/assets/mh3u.sqlite
steel-uragaan,MH3U,size_base,2090.3,cm,https://monsterhunterwiki.org/wiki/Steel_Uragaan_(MH3U)
steel-uragaan,MH3U,size_gold,2571.06,cm,https://monsterhunterwiki.org/wiki/Steel_Uragaan_(MH3U)
steel-uragaan,MH3U,tolerance_paralysis,250,status build-up points (village base),http://mh3g.trigwiki.jp/data/922.html
steel-uragaan,MH3U,tolerance_poison,150,status build-up points (village base),http://mh3g.trigwiki.jp/data/922.html
steel-uragaan,MH3U,tolerance_sleep,250,status build-up points (village base),http://mh3g.trigwiki.jp/data/922.html
steel-uragaan,MH3U,tolerance_stun,180,status build-up points (village base),http://mh3g.trigwiki.jp/data/922.html
stonefist-hermitaur,MHGU,base_hp,5500,HP,https://raw.githubusercontent.com/gatheringhallstudios/MHGenDatabase/master/app/src/main/assets/databases/mhgu.db.zip
stonefist-hermitaur,MHGU,head_stagger,170,stagger threshold (raw),https://mhgu.kiranico.com/monster/67db6
stonefist-hermitaur,MHGU,hitzone_max_raw,55,raw hitzone percent (max over all Kiranico GU states),https://mhgu.kiranico.com/monster/67db6
stonefist-hermitaur,MHGU,size_base,1494.73,cm,https://mhgu.kiranico.com/monster/67db6
stonefist-hermitaur,MHGU,size_gold,1778.73,cm,https://mhgu.kiranico.com/monster/67db6
stonefist-hermitaur,MHGU,tolerance_paralysis,125,status build-up points,https://raw.githubusercontent.com/gatheringhallstudios/MHGenDatabase/master/app/src/main/assets/databases/mhgu.db.zip
stonefist-hermitaur,MHGU,tolerance_poison,200,status build-up points,https://raw.githubusercontent.com/gatheringhallstudios/MHGenDatabase/master/app/src/main/assets/databases/mhgu.db.zip
stonefist-hermitaur,MHGU,tolerance_sleep,150,status build-up points,https://raw.githubusercontent.com/gatheringhallstudios/MHGenDatabase/master/app/src/main/assets/databases/mhgu.db.zip
stonefist-hermitaur,MHGU,tolerance_stun,120,status build-up points,https://raw.githubusercontent.com/gatheringhallstudios/MHGenDatabase/master/app/src/main/assets/databases/mhgu.db.zip
stygian-zinogre,MH4U,base_hp,5100,HP,https://kiranico.com/en/mh4u/monster/stygian-zinogre
stygian-zinogre,MHWorld,base_hp,3000,HP,https://mhworld.kiranico.com/en/monsters/vmKTW/stygian-zinogre
stygian-zinogre,MH4U,enrage_attack_mult,1.3,multiplier,https://kiranico.com/en/mh4u/monster/stygian-zinogre
stygian-zinogre,MHWorld,enrage_attack_mult,1.15,"multiplier (Low Rank/High Rank column, not Master Rank)",https://mhworld.kiranico.com/en/monsters/vmKTW/stygian-zinogre
stygian-zinogre,MH4U,enrage_duration,100,seconds,https://kiranico.com/en/mh4u/monster/stygian-zinogre
stygian-zinogre,MHWorld,enrage_duration,135,"seconds (Low Rank/High Rank column, not Master Rank)",https://mhworld.kiranico.com/en/monsters/vmKTW/stygian-zinogre
stygian-zinogre,MH4U,enrage_speed_mult,1.1,multiplier,https://kiranico.com/en/mh4u/monster/stygian-zinogre
stygian-zinogre,MHWorld,enrage_speed_mult,1.05,"multiplier (Low Rank/High Rank column, not Master Rank)",https://mhworld.kiranico.com/en/monsters/vmKTW/stygian-zinogre
stygian-zinogre,MHWorld,enrage_trigger,200,"damage points (Low Rank/High Rank column, not Master Rank)",https://mhworld.kiranico.com/en/monsters/vmKTW/stygian-zinogre
stygian-zinogre,MH4U,head_stagger,260,damage,https://kiranico.com/en/mh4u/monster/stygian-zinogre
stygian-zinogre,MHWorld,head_stagger,300,"damage (Part Breakability, exact ""Head"" row)",https://mhworld.kiranico.com/en/monsters/vmKTW/stygian-zinogre
stygian-zinogre,MH4U,hitzone_max_raw,63,hitzone %,https://kiranico.com/en/mh4u/monster/stygian-zinogre
stygian-zinogre,MHWorld,hitzone_max_raw,55,"raw hitzone % (max sever/blunt/shot over LR/HR Physiology rows, including state-variant parts e.g. ""Head (White)"", excluding Master Rank override rows)",https://mhworld.kiranico.com/en/monsters/vmKTW/stygian-zinogre
stygian-zinogre,MHWorld,move_power_max,70,motion value (max over Monster Attacks rows; poedb only lists a subset so is not used here),https://mhworld.kiranico.com/en/monsters/vmKTW/stygian-zinogre
stygian-zinogre,MH4U,size_base,1568.5555555555557,cm,https://kiranico.com/en/mh4u/monster/stygian-zinogre
stygian-zinogre,MHWorld,size_base,1743.49,cm (poedb Base; never derived as gold/1.23 — crown thresholds are per-monster),https://mhw.poedb.tw/eng/monster/95/Stygian%20Zinogre
stygian-zinogre,MH4U,size_gold,1790.1,cm,https://kiranico.com/en/mh4u/monster/stygian-zinogre
stygian-zinogre,MHWorld,size_gold,2144.49,cm (gold crown threshold),https://mhworld.kiranico.com/en/monsters/vmKTW/stygian-zinogre
stygian-zinogre,MH4U,tolerance_paralysis,180,status build-up points,https://kiranico.com/en/mh4u/monster/stygian-zinogre
stygian-zinogre,MHWorld,tolerance_paralysis,180,status build-up points,https://mhworld.kiranico.com/en/monsters/vmKTW/stygian-zinogre
stygian-zinogre,MH4U,tolerance_poison,180,status build-up points,https://kiranico.com/en/mh4u/monster/stygian-zinogre
stygian-zinogre,MHWorld,tolerance_poison,150,status build-up points,https://mhworld.kiranico.com/en/monsters/vmKTW/stygian-zinogre
stygian-zinogre,MH4U,tolerance_sleep,180,status build-up points,https://kiranico.com/en/mh4u/monster/stygian-zinogre
stygian-zinogre,MHWorld,tolerance_sleep,150,status build-up points,https://mhworld.kiranico.com/en/monsters/vmKTW/stygian-zinogre
stygian-zinogre,MH4U,tolerance_stun,150,status build-up points,https://kiranico.com/en/mh4u/monster/stygian-zinogre
stygian-zinogre,MHWorld,tolerance_stun,150,status build-up points,https://mhworld.kiranico.com/en/monsters/vmKTW/stygian-zinogre
teostra,MH4U,base_hp,5300,HP,https://kiranico.com/en/mh4u/monster/teostra
teostra,MHGU,base_hp,5300,HP,https://raw.githubusercontent.com/gatheringhallstudios/MHGenDatabase/master/app/src/main/assets/databases/mhgu.db.zip
teostra,MHRS,base_hp,4300,"HP (base_hp_vital, LR/HR)",https://mhrice.info/mhrice.json
teostra,MH4U,enrage_attack_mult,1.2,multiplier,https://kiranico.com/en/mh4u/monster/teostra
teostra,MHRS,enrage_attack_mult,1.15,multiplier,https://mhrice.info/mhrice.json
teostra,MH4U,enrage_duration,100,seconds,https://kiranico.com/en/mh4u/monster/teostra
teostra,MHRS,enrage_duration,120,seconds,https://mhrice.info/mhrice.json
teostra,MH4U,enrage_speed_mult,1.2,multiplier,https://kiranico.com/en/mh4u/monster/teostra
teostra,MHRS,enrage_speed_mult,1.1,motion-rate multiplier,https://mhrice.info/mhrice.json
teostra,MHRS,enrage_trigger,1000,damage points (High Rank),https://mhrice.info/mhrice.json
teostra,MH4U,head_stagger,320,damage,https://kiranico.com/en/mh4u/monster/teostra
teostra,MHGU,head_stagger,320,stagger threshold (raw),https://mhgu.kiranico.com/monster/65a76
teostra,MHRS,head_stagger,280,"part vital (flinch value, LR/HR)",https://mhrice.info/mhrice.json
teostra,MH4U,hitzone_max_raw,60,hitzone %,https://kiranico.com/en/mh4u/monster/teostra
teostra,MHGU,hitzone_max_raw,65,raw hitzone percent (max over all Kiranico GU states),https://mhgu.kiranico.com/monster/65a76
teostra,MHRS,hitzone_max_raw,55,hitzone percent (max over all parts and phases),https://mhrice.info/mhrice.json
teostra,MHRS,move_power_max,65,raw damage (max base_damage),https://mhrice.info/mhrice.json
teostra,MH4U,size_base,1739.7777777777776,cm,https://kiranico.com/en/mh4u/monster/teostra
teostra,MHGU,size_base,1739.8,cm,https://mhgu.kiranico.com/monster/65a76
teostra,MHRS,size_base,1790.15,cm,https://mhrice.info/mhrice.json
teostra,MH4U,size_gold,2140,cm,https://kiranico.com/en/mh4u/monster/teostra
teostra,MHGU,size_gold,2139.95,cm,https://mhgu.kiranico.com/monster/65a76
teostra,MHRS,size_gold,2201.8845,cm (base_size * king_boarder),https://mhrice.info/mhrice.json
teostra,MH4U,tolerance_paralysis,200,status build-up points,https://kiranico.com/en/mh4u/monster/teostra
teostra,MHGU,tolerance_paralysis,200,status build-up points,https://raw.githubusercontent.com/gatheringhallstudios/MHGenDatabase/master/app/src/main/assets/databases/mhgu.db.zip
teostra,MHRS,tolerance_paralysis,300,status build-up points,https://mhrice.info/mhrice.json
teostra,MH4U,tolerance_poison,180,status build-up points,https://kiranico.com/en/mh4u/monster/teostra
teostra,MHGU,tolerance_poison,180,status build-up points,https://raw.githubusercontent.com/gatheringhallstudios/MHGenDatabase/master/app/src/main/assets/databases/mhgu.db.zip
teostra,MHRS,tolerance_poison,150,status build-up points,https://mhrice.info/mhrice.json
teostra,MH4U,tolerance_sleep,200,status build-up points,https://kiranico.com/en/mh4u/monster/teostra
teostra,MHGU,tolerance_sleep,200,status build-up points,https://raw.githubusercontent.com/gatheringhallstudios/MHGenDatabase/master/app/src/main/assets/databases/mhgu.db.zip
teostra,MHRS,tolerance_sleep,250,status build-up points,https://mhrice.info/mhrice.json
teostra,MH4U,tolerance_stun,150,status build-up points,https://kiranico.com/en/mh4u/monster/teostra
teostra,MHGU,tolerance_stun,150,status build-up points,https://raw.githubusercontent.com/gatheringhallstudios/MHGenDatabase/master/app/src/main/assets/databases/mhgu.db.zip
teostra,MHRS,tolerance_stun,150,status build-up points,https://mhrice.info/mhrice.json
terra-shogun-ceanataur,MHFU,base_hp,2960,"HP points (raw, min of appear[].health across quests)",https://raw.githubusercontent.com/Kolyn090/mhfu-db/394b2f99a9d56c83153d9dc045e207334bbd1095/Monsters/stats.json
terra-shogun-ceanataur,MHFU,enrage_attack_mult,1.4,multiplier (x),https://raw.githubusercontent.com/Kolyn090/mhfu-db/394b2f99a9d56c83153d9dc045e207334bbd1095/Monsters/stats.json
terra-shogun-ceanataur,MHFU,head_stagger,150,flinch/stagger damage threshold (raw),https://raw.githubusercontent.com/Kolyn090/mhfu-db/394b2f99a9d56c83153d9dc045e207334bbd1095/Monsters/basic-parts-duration.json
terra-shogun-ceanataur,MHFU,hitzone_max_raw,55,"percent (raw hitzone, external non-conditional parts, max of slash/strike/shooting)",https://raw.githubusercontent.com/Kolyn090/mhfu-db/394b2f99a9d56c83153d9dc045e207334bbd1095/Monsters/weapon-effectiveness.json
terra-shogun-ceanataur,MHFU,size_base,863,cm,https://raw.githubusercontent.com/Kolyn090/mhfu-db/394b2f99a9d56c83153d9dc045e207334bbd1095/Monsters/size.json
terra-shogun-ceanataur,MHFU,size_gold,1035.6,cm,https://raw.githubusercontent.com/Kolyn090/mhfu-db/394b2f99a9d56c83153d9dc045e207334bbd1095/Monsters/size.json
terra-shogun-ceanataur,MHFU,tolerance_paralysis,125,status build-up points,https://raw.githubusercontent.com/Kolyn090/mhfu-db/394b2f99a9d56c83153d9dc045e207334bbd1095/Monsters/status-effectiveness.json
terra-shogun-ceanataur,MHFU,tolerance_poison,200,status build-up points,https://raw.githubusercontent.com/Kolyn090/mhfu-db/394b2f99a9d56c83153d9dc045e207334bbd1095/Monsters/status-effectiveness.json
terra-shogun-ceanataur,MHFU,tolerance_sleep,150,status build-up points,https://raw.githubusercontent.com/Kolyn090/mhfu-db/394b2f99a9d56c83153d9dc045e207334bbd1095/Monsters/status-effectiveness.json
terra-shogun-ceanataur,MHFU,tolerance_stun,100,status build-up points,https://raw.githubusercontent.com/Kolyn090/mhfu-db/394b2f99a9d56c83153d9dc045e207334bbd1095/Monsters/status-effectiveness.json
tetranadon,MHRS,base_hp,4500,"HP (base_hp_vital, LR/HR)",https://mhrice.info/mhrice.json
tetranadon,MHRS,enrage_attack_mult,1.1,multiplier,https://mhrice.info/mhrice.json
tetranadon,MHRS,enrage_duration,90,seconds,https://mhrice.info/mhrice.json
tetranadon,MHRS,enrage_speed_mult,1.1,motion-rate multiplier,https://mhrice.info/mhrice.json
tetranadon,MHRS,enrage_trigger,1450,damage points (High Rank),https://mhrice.info/mhrice.json
tetranadon,MHRS,head_stagger,300,"part vital (flinch value, LR/HR)",https://mhrice.info/mhrice.json
tetranadon,MHRS,hitzone_max_raw,70,hitzone percent (max over all parts and phases),https://mhrice.info/mhrice.json
tetranadon,MHRS,move_power_max,80,raw damage (max base_damage),https://mhrice.info/mhrice.json
tetranadon,MHRS,size_base,964.99,cm,https://mhrice.info/mhrice.json
tetranadon,MHRS,size_gold,1186.9377,cm (base_size * king_boarder),https://mhrice.info/mhrice.json
tetranadon,MHRS,tolerance_paralysis,130,status build-up points,https://mhrice.info/mhrice.json
tetranadon,MHRS,tolerance_poison,150,status build-up points,https://mhrice.info/mhrice.json
tetranadon,MHRS,tolerance_sleep,150,status build-up points,https://mhrice.info/mhrice.json
tetranadon,MHRS,tolerance_stun,120,status build-up points,https://mhrice.info/mhrice.json
tetsucabra,MH4U,base_hp,4000,HP,https://kiranico.com/en/mh4u/monster/tetsucabra
tetsucabra,MHGU,base_hp,4000,HP,https://raw.githubusercontent.com/gatheringhallstudios/MHGenDatabase/master/app/src/main/assets/databases/mhgu.db.zip
tetsucabra,MH4U,enrage_attack_mult,1.3,multiplier,https://kiranico.com/en/mh4u/monster/tetsucabra
tetsucabra,MH4U,enrage_duration,90,seconds,https://kiranico.com/en/mh4u/monster/tetsucabra
tetsucabra,MH4U,enrage_speed_mult,1.2,multiplier,https://kiranico.com/en/mh4u/monster/tetsucabra
tetsucabra,MH4U,head_stagger,220,damage,https://kiranico.com/en/mh4u/monster/tetsucabra
tetsucabra,MHGU,head_stagger,220,stagger threshold (raw),https://mhgu.kiranico.com/monster/63906
tetsucabra,MH4U,hitzone_max_raw,60,hitzone %,https://kiranico.com/en/mh4u/monster/tetsucabra
tetsucabra,MHGU,hitzone_max_raw,85,raw hitzone percent (max over all Kiranico GU states),https://mhgu.kiranico.com/monster/63906
tetsucabra,MH4U,size_base,1265.7920741526257,cm,https://kiranico.com/en/mh4u/monster/tetsucabra
tetsucabra,MHGU,size_base,1265.8,cm,https://mhgu.kiranico.com/monster/63906
tetsucabra,MH4U,size_gold,1556.9,cm,https://kiranico.com/en/mh4u/monster/tetsucabra
tetsucabra,MHGU,size_gold,1556.93,cm,https://mhgu.kiranico.com/monster/63906
tetsucabra,MH4U,tolerance_paralysis,200,status build-up points,https://kiranico.com/en/mh4u/monster/tetsucabra
tetsucabra,MHGU,tolerance_paralysis,200,status build-up points,https://raw.githubusercontent.com/gatheringhallstudios/MHGenDatabase/master/app/src/main/assets/databases/mhgu.db.zip
tetsucabra,MH4U,tolerance_poison,100,status build-up points,https://kiranico.com/en/mh4u/monster/tetsucabra
tetsucabra,MHGU,tolerance_poison,100,status build-up points,https://raw.githubusercontent.com/gatheringhallstudios/MHGenDatabase/master/app/src/main/assets/databases/mhgu.db.zip
tetsucabra,MH4U,tolerance_sleep,150,status build-up points,https://kiranico.com/en/mh4u/monster/tetsucabra
tetsucabra,MHGU,tolerance_sleep,150,status build-up points,https://raw.githubusercontent.com/gatheringhallstudios/MHGenDatabase/master/app/src/main/assets/databases/mhgu.db.zip
tetsucabra,MH4U,tolerance_stun,200,status build-up points,https://kiranico.com/en/mh4u/monster/tetsucabra
tetsucabra,MHGU,tolerance_stun,200,status build-up points,https://raw.githubusercontent.com/gatheringhallstudios/MHGenDatabase/master/app/src/main/assets/databases/mhgu.db.zip
thunder-serpent-narwa,MHRS,base_hp,8300,"HP (base_hp_vital, LR/HR)",https://mhrice.info/mhrice.json
thunder-serpent-narwa,MHRS,enrage_attack_mult,1.2,multiplier,https://mhrice.info/mhrice.json
thunder-serpent-narwa,MHRS,enrage_duration,180,seconds,https://mhrice.info/mhrice.json
thunder-serpent-narwa,MHRS,enrage_speed_mult,1.15,motion-rate multiplier,https://mhrice.info/mhrice.json
thunder-serpent-narwa,MHRS,enrage_trigger,900,damage points (High Rank),https://mhrice.info/mhrice.json
thunder-serpent-narwa,MHRS,head_stagger,0,"part vital (flinch value, LR/HR)",https://mhrice.info/mhrice.json
thunder-serpent-narwa,MHRS,hitzone_max_raw,90,hitzone percent (max over all parts and phases),https://mhrice.info/mhrice.json
thunder-serpent-narwa,MHRS,move_power_max,224,raw damage (max base_damage),https://mhrice.info/mhrice.json
thunder-serpent-narwa,MHRS,size_base,3875.05,cm,https://mhrice.info/mhrice.json
thunder-serpent-narwa,MHRS,size_gold,4766.3115,cm (base_size * king_boarder),https://mhrice.info/mhrice.json
thunder-serpent-narwa,MHRS,tolerance_paralysis,300,status build-up points,https://mhrice.info/mhrice.json
thunder-serpent-narwa,MHRS,tolerance_poison,250,status build-up points,https://mhrice.info/mhrice.json
thunder-serpent-narwa,MHRS,tolerance_sleep,300,status build-up points,https://mhrice.info/mhrice.json
thunder-serpent-narwa,MHRS,tolerance_stun,300,status build-up points,https://mhrice.info/mhrice.json
thunderlord-zinogre,MHGU,base_hp,5800,HP,https://raw.githubusercontent.com/gatheringhallstudios/MHGenDatabase/master/app/src/main/assets/databases/mhgu.db.zip
thunderlord-zinogre,MHGU,head_stagger,380,stagger threshold (raw),https://mhgu.kiranico.com/monster/6e0b6
thunderlord-zinogre,MHGU,hitzone_max_raw,65,raw hitzone percent (max over all Kiranico GU states),https://mhgu.kiranico.com/monster/6e0b6
thunderlord-zinogre,MHGU,size_base,1534.46,cm,https://mhgu.kiranico.com/monster/6e0b6
thunderlord-zinogre,MHGU,size_gold,1887.39,cm,https://mhgu.kiranico.com/monster/6e0b6
thunderlord-zinogre,MHGU,tolerance_paralysis,180,status build-up points,https://raw.githubusercontent.com/gatheringhallstudios/MHGenDatabase/master/app/src/main/assets/databases/mhgu.db.zip
thunderlord-zinogre,MHGU,tolerance_poison,180,status build-up points,https://raw.githubusercontent.com/gatheringhallstudios/MHGenDatabase/master/app/src/main/assets/databases/mhgu.db.zip
thunderlord-zinogre,MHGU,tolerance_sleep,180,status build-up points,https://raw.githubusercontent.com/gatheringhallstudios/MHGenDatabase/master/app/src/main/assets/databases/mhgu.db.zip
thunderlord-zinogre,MHGU,tolerance_stun,150,status build-up points,https://raw.githubusercontent.com/gatheringhallstudios/MHGenDatabase/master/app/src/main/assets/databases/mhgu.db.zip
tidal-najarala,MH4U,base_hp,4850,HP,https://kiranico.com/en/mh4u/monster/tidal-najarala
tidal-najarala,MH4U,enrage_attack_mult,1.3,multiplier,https://kiranico.com/en/mh4u/monster/tidal-najarala
tidal-najarala,MH4U,enrage_duration,80,seconds,https://kiranico.com/en/mh4u/monster/tidal-najarala
tidal-najarala,MH4U,enrage_speed_mult,1.2,multiplier,https://kiranico.com/en/mh4u/monster/tidal-najarala
tidal-najarala,MH4U,head_stagger,80,damage,https://kiranico.com/en/mh4u/monster/tidal-najarala
tidal-najarala,MH4U,hitzone_max_raw,60,hitzone %,https://kiranico.com/en/mh4u/monster/tidal-najarala
tidal-najarala,MH4U,size_base,4370.444444444444,cm,https://kiranico.com/en/mh4u/monster/tidal-najarala
tidal-najarala,MH4U,size_gold,4987.7,cm,https://kiranico.com/en/mh4u/monster/tidal-najarala
tidal-najarala,MH4U,tolerance_paralysis,400,status build-up points,https://kiranico.com/en/mh4u/monster/tidal-najarala
tidal-najarala,MH4U,tolerance_poison,230,status build-up points,https://kiranico.com/en/mh4u/monster/tidal-najarala
tidal-najarala,MH4U,tolerance_sleep,180,status build-up points,https://kiranico.com/en/mh4u/monster/tidal-najarala
tidal-najarala,MH4U,tolerance_stun,110,status build-up points,https://kiranico.com/en/mh4u/monster/tidal-najarala
tigerstripe-zamtrios,MH4U,base_hp,5000,HP,https://kiranico.com/en/mh4u/monster/tigerstripe-zamtrios
tigerstripe-zamtrios,MH4U,enrage_attack_mult,1.3,multiplier,https://kiranico.com/en/mh4u/monster/tigerstripe-zamtrios
tigerstripe-zamtrios,MH4U,enrage_duration,100,seconds,https://kiranico.com/en/mh4u/monster/tigerstripe-zamtrios
tigerstripe-zamtrios,MH4U,enrage_speed_mult,1.2,multiplier,https://kiranico.com/en/mh4u/monster/tigerstripe-zamtrios
tigerstripe-zamtrios,MH4U,head_stagger,240,damage,https://kiranico.com/en/mh4u/monster/tigerstripe-zamtrios
tigerstripe-zamtrios,MH4U,hitzone_max_raw,45,hitzone %,https://kiranico.com/en/mh4u/monster/tigerstripe-zamtrios
tigerstripe-zamtrios,MH4U,size_base,1637.7777777777778,cm,https://kiranico.com/en/mh4u/monster/tigerstripe-zamtrios
tigerstripe-zamtrios,MH4U,size_gold,1869.1,cm,https://kiranico.com/en/mh4u/monster/tigerstripe-zamtrios
tigerstripe-zamtrios,MH4U,tolerance_paralysis,200,status build-up points,https://kiranico.com/en/mh4u/monster/tigerstripe-zamtrios
tigerstripe-zamtrios,MH4U,tolerance_poison,150,status build-up points,https://kiranico.com/en/mh4u/monster/tigerstripe-zamtrios
tigerstripe-zamtrios,MH4U,tolerance_sleep,150,status build-up points,https://kiranico.com/en/mh4u/monster/tigerstripe-zamtrios
tigerstripe-zamtrios,MH4U,tolerance_stun,200,status build-up points,https://kiranico.com/en/mh4u/monster/tigerstripe-zamtrios
tigrex,MH4U,base_hp,5000,HP,https://kiranico.com/en/mh4u/monster/tigrex
tigrex,MHGU,base_hp,5000,HP,https://raw.githubusercontent.com/gatheringhallstudios/MHGenDatabase/master/app/src/main/assets/databases/mhgu.db.zip
tigrex,MHRS,base_hp,4500,"HP (base_hp_vital, LR/HR)",https://mhrice.info/mhrice.json
tigrex,MH4U,enrage_attack_mult,1.3,multiplier,https://kiranico.com/en/mh4u/monster/tigrex
tigrex,MHRS,enrage_attack_mult,1.1,multiplier,https://mhrice.info/mhrice.json
tigrex,MH4U,enrage_duration,80,seconds,https://kiranico.com/en/mh4u/monster/tigrex
tigrex,MHRS,enrage_duration,120,seconds,https://mhrice.info/mhrice.json
tigrex,MH4U,enrage_speed_mult,1.3,multiplier,https://kiranico.com/en/mh4u/monster/tigrex
tigrex,MHRS,enrage_speed_mult,1.1,motion-rate multiplier,https://mhrice.info/mhrice.json
tigrex,MHRS,enrage_trigger,800,damage points (High Rank),https://mhrice.info/mhrice.json
tigrex,MH4U,head_stagger,220,damage,https://kiranico.com/en/mh4u/monster/tigrex
tigrex,MHGU,head_stagger,220,stagger threshold (raw),https://mhgu.kiranico.com/monster/68746
tigrex,MHRS,head_stagger,280,"part vital (flinch value, LR/HR)",https://mhrice.info/mhrice.json
tigrex,MH4U,hitzone_max_raw,65,hitzone %,https://kiranico.com/en/mh4u/monster/tigrex
tigrex,MHGU,hitzone_max_raw,70,raw hitzone percent (max over all Kiranico GU states),https://mhgu.kiranico.com/monster/68746
tigrex,MHRS,hitzone_max_raw,70,hitzone percent (max over all parts and phases),https://mhrice.info/mhrice.json
tigrex,MHRS,move_power_max,108,raw damage (max base_damage),https://mhrice.info/mhrice.json
tigrex,MH4U,size_base,1735.400534150269,cm,https://kiranico.com/en/mh4u/monster/tigrex
tigrex,MHGU,size_base,1735.4,cm,https://mhgu.kiranico.com/monster/68746
tigrex,MHRS,size_base,1941.89,cm,https://mhrice.info/mhrice.json
tigrex,MH4U,size_gold,2134.5,cm,https://kiranico.com/en/mh4u/monster/tigrex
tigrex,MHGU,size_gold,2134.54,cm,https://mhgu.kiranico.com/monster/68746
tigrex,MHRS,size_gold,2388.5247,cm (base_size * king_boarder),https://mhrice.info/mhrice.json
tigrex,MH4U,tolerance_paralysis,200,status build-up points,https://kiranico.com/en/mh4u/monster/tigrex
tigrex,MHGU,tolerance_paralysis,200,status build-up points,https://raw.githubusercontent.com/gatheringhallstudios/MHGenDatabase/master/app/src/main/assets/databases/mhgu.db.zip
tigrex,MHRS,tolerance_paralysis,180,status build-up points,https://mhrice.info/mhrice.json
tigrex,MH4U,tolerance_poison,180,status build-up points,https://kiranico.com/en/mh4u/monster/tigrex
tigrex,MHGU,tolerance_poison,180,status build-up points,https://raw.githubusercontent.com/gatheringhallstudios/MHGenDatabase/master/app/src/main/assets/databases/mhgu.db.zip
tigrex,MHRS,tolerance_poison,150,status build-up points,https://mhrice.info/mhrice.json
tigrex,MH4U,tolerance_sleep,180,status build-up points,https://kiranico.com/en/mh4u/monster/tigrex
tigrex,MHGU,tolerance_sleep,180,status build-up points,https://raw.githubusercontent.com/gatheringhallstudios/MHGenDatabase/master/app/src/main/assets/databases/mhgu.db.zip
tigrex,MHRS,tolerance_sleep,150,status build-up points,https://mhrice.info/mhrice.json
tigrex,MH4U,tolerance_stun,200,status build-up points,https://kiranico.com/en/mh4u/monster/tigrex
tigrex,MHGU,tolerance_stun,200,status build-up points,https://raw.githubusercontent.com/gatheringhallstudios/MHGenDatabase/master/app/src/main/assets/databases/mhgu.db.zip
tigrex,MHRS,tolerance_stun,150,status build-up points,https://mhrice.info/mhrice.json
tobi-kadachi,MHRS,base_hp,5200,"HP (base_hp_vital, LR/HR)",https://mhrice.info/mhrice.json
tobi-kadachi,MHRS,enrage_attack_mult,1.1,multiplier,https://mhrice.info/mhrice.json
tobi-kadachi,MHRS,enrage_duration,80,seconds,https://mhrice.info/mhrice.json
tobi-kadachi,MHRS,enrage_speed_mult,1.1,motion-rate multiplier,https://mhrice.info/mhrice.json
tobi-kadachi,MHRS,enrage_trigger,1000,damage points (High Rank),https://mhrice.info/mhrice.json
tobi-kadachi,MHRS,head_stagger,280,"part vital (flinch value, LR/HR)",https://mhrice.info/mhrice.json
tobi-kadachi,MHRS,hitzone_max_raw,65,hitzone percent (max over all parts and phases),https://mhrice.info/mhrice.json
tobi-kadachi,MHRS,move_power_max,70,raw damage (max base_damage),https://mhrice.info/mhrice.json
tobi-kadachi,MHRS,size_base,1300.52,cm,https://mhrice.info/mhrice.json
tobi-kadachi,MHRS,size_gold,1599.6396,cm (base_size * king_boarder),https://mhrice.info/mhrice.json
tobi-kadachi,MHRS,tolerance_paralysis,180,status build-up points,https://mhrice.info/mhrice.json
tobi-kadachi,MHRS,tolerance_poison,100,status build-up points,https://mhrice.info/mhrice.json
tobi-kadachi,MHRS,tolerance_sleep,150,status build-up points,https://mhrice.info/mhrice.json
tobi-kadachi,MHRS,tolerance_stun,150,status build-up points,https://mhrice.info/mhrice.json
tzitzi-ya-ku,MHWorld,base_hp,2650,HP,https://mhworld.kiranico.com/en/monsters/WQvu8/tzitzi-ya-ku
tzitzi-ya-ku,MHWorld,enrage_attack_mult,1.2,"multiplier (Low Rank/High Rank column, not Master Rank)",https://mhworld.kiranico.com/en/monsters/WQvu8/tzitzi-ya-ku
tzitzi-ya-ku,MHWorld,enrage_duration,100,"seconds (Low Rank/High Rank column, not Master Rank)",https://mhworld.kiranico.com/en/monsters/WQvu8/tzitzi-ya-ku
tzitzi-ya-ku,MHWorld,enrage_speed_mult,1.1,"multiplier (Low Rank/High Rank column, not Master Rank)",https://mhworld.kiranico.com/en/monsters/WQvu8/tzitzi-ya-ku
tzitzi-ya-ku,MHWorld,enrage_trigger,500,"damage points (Low Rank/High Rank column, not Master Rank)",https://mhworld.kiranico.com/en/monsters/WQvu8/tzitzi-ya-ku
tzitzi-ya-ku,MHWorld,head_stagger,160,"damage (Part Breakability, exact ""Head"" row)",https://mhworld.kiranico.com/en/monsters/WQvu8/tzitzi-ya-ku
tzitzi-ya-ku,MHWorld,hitzone_max_raw,75,"raw hitzone % (max sever/blunt/shot over LR/HR Physiology rows, including state-variant parts e.g. ""Head (White)"", excluding Master Rank override rows)",https://mhworld.kiranico.com/en/monsters/WQvu8/tzitzi-ya-ku
tzitzi-ya-ku,MHWorld,move_power_max,60,motion value (max over Monster Attacks rows; poedb only lists a subset so is not used here),https://mhworld.kiranico.com/en/monsters/WQvu8/tzitzi-ya-ku
tzitzi-ya-ku,MHWorld,size_base,894.04,cm (poedb Base; never derived as gold/1.23 — crown thresholds are per-monster),https://mhw.poedb.tw/eng/monster/28/Tzitzi-Ya-Ku
tzitzi-ya-ku,MHWorld,size_gold,1099.67,cm (gold crown threshold),https://mhworld.kiranico.com/en/monsters/WQvu8/tzitzi-ya-ku
tzitzi-ya-ku,MHWorld,tolerance_paralysis,180,status build-up points,https://mhworld.kiranico.com/en/monsters/WQvu8/tzitzi-ya-ku
tzitzi-ya-ku,MHWorld,tolerance_poison,150,status build-up points,https://mhworld.kiranico.com/en/monsters/WQvu8/tzitzi-ya-ku
tzitzi-ya-ku,MHWorld,tolerance_sleep,150,status build-up points,https://mhworld.kiranico.com/en/monsters/WQvu8/tzitzi-ya-ku
tzitzi-ya-ku,MHWorld,tolerance_stun,120,status build-up points,https://mhworld.kiranico.com/en/monsters/WQvu8/tzitzi-ya-ku
ukanlos,MH4U,base_hp,7000,HP,https://kiranico.com/en/mh4u/monster/ukanlos
ukanlos,MHGU,base_hp,7000,HP,https://raw.githubusercontent.com/gatheringhallstudios/MHGenDatabase/master/app/src/main/assets/databases/mhgu.db.zip
ukanlos,MH4U,enrage_attack_mult,1.4,multiplier,https://kiranico.com/en/mh4u/monster/ukanlos
ukanlos,MH4U,enrage_duration,60,seconds,https://kiranico.com/en/mh4u/monster/ukanlos
ukanlos,MH4U,enrage_speed_mult,1.3,multiplier,https://kiranico.com/en/mh4u/monster/ukanlos
ukanlos,MH4U,head_stagger,300,damage,https://kiranico.com/en/mh4u/monster/ukanlos
ukanlos,MHGU,head_stagger,270,stagger threshold (raw),https://mhgu.kiranico.com/monster/640d6
ukanlos,MH4U,hitzone_max_raw,65,hitzone %,https://kiranico.com/en/mh4u/monster/ukanlos
ukanlos,MHGU,hitzone_max_raw,70,raw hitzone percent (max over all Kiranico GU states),https://mhgu.kiranico.com/monster/640d6
ukanlos,MHGU,size_base,3186.6,cm,https://mhgu.kiranico.com/monster/640d6
ukanlos,MH4U,tolerance_paralysis,350,status build-up points,https://kiranico.com/en/mh4u/monster/ukanlos
ukanlos,MHGU,tolerance_paralysis,350,status build-up points,https://raw.githubusercontent.com/gatheringhallstudios/MHGenDatabase/master/app/src/main/assets/databases/mhgu.db.zip
ukanlos,MH4U,tolerance_poison,400,status build-up points,https://kiranico.com/en/mh4u/monster/ukanlos
ukanlos,MHGU,tolerance_poison,400,status build-up points,https://raw.githubusercontent.com/gatheringhallstudios/MHGenDatabase/master/app/src/main/assets/databases/mhgu.db.zip
ukanlos,MH4U,tolerance_sleep,350,status build-up points,https://kiranico.com/en/mh4u/monster/ukanlos
ukanlos,MHGU,tolerance_sleep,350,status build-up points,https://raw.githubusercontent.com/gatheringhallstudios/MHGenDatabase/master/app/src/main/assets/databases/mhgu.db.zip
ukanlos,MH4U,tolerance_stun,250,status build-up points,https://kiranico.com/en/mh4u/monster/ukanlos
ukanlos,MHGU,tolerance_stun,250,status build-up points,https://raw.githubusercontent.com/gatheringhallstudios/MHGenDatabase/master/app/src/main/assets/databases/mhgu.db.zip
uragaan,MHGU,base_hp,4300,HP,https://raw.githubusercontent.com/gatheringhallstudios/MHGenDatabase/master/app/src/main/assets/databases/mhgu.db.zip
uragaan,MHWorld,base_hp,4300,HP,https://mhworld.kiranico.com/en/monsters/z99fb/uragaan
uragaan,MHWorld,enrage_attack_mult,1.1,"multiplier (Low Rank/High Rank column, not Master Rank)",https://mhworld.kiranico.com/en/monsters/z99fb/uragaan
uragaan,MHWorld,enrage_duration,120,"seconds (Low Rank/High Rank column, not Master Rank)",https://mhworld.kiranico.com/en/monsters/z99fb/uragaan
uragaan,MHWorld,enrage_speed_mult,1.15,"multiplier (Low Rank/High Rank column, not Master Rank)",https://mhworld.kiranico.com/en/monsters/z99fb/uragaan
uragaan,MHWorld,enrage_trigger,450,"damage points (Low Rank/High Rank column, not Master Rank)",https://mhworld.kiranico.com/en/monsters/z99fb/uragaan
uragaan,MHGU,head_stagger,250,stagger threshold (raw),https://mhgu.kiranico.com/monster/65076
uragaan,MHWorld,head_stagger,250,"damage (Part Breakability, exact ""Head"" row)",https://mhworld.kiranico.com/en/monsters/z99fb/uragaan
uragaan,MHGU,hitzone_max_raw,55,raw hitzone percent (max over all Kiranico GU states),https://mhgu.kiranico.com/monster/65076
uragaan,MHWorld,hitzone_max_raw,80,"raw hitzone % (max sever/blunt/shot over LR/HR Physiology rows, including state-variant parts e.g. ""Head (White)"", excluding Master Rank override rows)",https://mhworld.kiranico.com/en/monsters/z99fb/uragaan
uragaan,MHWorld,move_power_max,100,motion value (max over Monster Attacks rows; poedb only lists a subset so is not used here),https://mhworld.kiranico.com/en/monsters/z99fb/uragaan
uragaan,MHGU,size_base,2085.42,cm,https://mhgu.kiranico.com/monster/65076
uragaan,MHWorld,size_base,2058.63,cm (poedb Base; never derived as gold/1.23 — crown thresholds are per-monster),https://mhw.poedb.tw/eng/monster/22/Uragaan
uragaan,MHGU,size_gold,2565.07,cm,https://mhgu.kiranico.com/monster/65076
uragaan,MHWorld,size_gold,2470.36,cm (gold crown threshold),https://mhworld.kiranico.com/en/monsters/z99fb/uragaan
uragaan,MHGU,tolerance_paralysis,200,status build-up points,https://raw.githubusercontent.com/gatheringhallstudios/MHGenDatabase/master/app/src/main/assets/databases/mhgu.db.zip
uragaan,MHWorld,tolerance_paralysis,180,status build-up points,https://mhworld.kiranico.com/en/monsters/z99fb/uragaan
uragaan,MHGU,tolerance_poison,150,status build-up points,https://raw.githubusercontent.com/gatheringhallstudios/MHGenDatabase/master/app/src/main/assets/databases/mhgu.db.zip
uragaan,MHWorld,tolerance_poison,180,status build-up points,https://mhworld.kiranico.com/en/monsters/z99fb/uragaan
uragaan,MHGU,tolerance_sleep,250,status build-up points,https://raw.githubusercontent.com/gatheringhallstudios/MHGenDatabase/master/app/src/main/assets/databases/mhgu.db.zip
uragaan,MHWorld,tolerance_sleep,250,status build-up points,https://mhworld.kiranico.com/en/monsters/z99fb/uragaan
uragaan,MHGU,tolerance_stun,180,status build-up points,https://raw.githubusercontent.com/gatheringhallstudios/MHGenDatabase/master/app/src/main/assets/databases/mhgu.db.zip
uragaan,MHWorld,tolerance_stun,120,status build-up points,https://mhworld.kiranico.com/en/monsters/z99fb/uragaan
uth-duna,MHWilds,base_hp,5500,HP points,https://wilds.mhdb.io/en/monsters
uth-duna,MHWilds,enrage_attack_mult,1.1,multiplier (High Rank),https://raw.githubusercontent.com/robomeche/MHWilds-Database/main/monster/assets/json/MHWilds_Data_compact.json.gz
uth-duna,MHWilds,enrage_duration,90,seconds (High Rank),https://raw.githubusercontent.com/robomeche/MHWilds-Database/main/monster/assets/json/MHWilds_Data_compact.json.gz
uth-duna,MHWilds,enrage_speed_mult,1.1,motion-speed multiplier (High Rank),https://raw.githubusercontent.com/robomeche/MHWilds-Database/main/monster/assets/json/MHWilds_Data_compact.json.gz
uth-duna,MHWilds,enrage_trigger,1200,damage points (High Rank),https://raw.githubusercontent.com/robomeche/MHWilds-Database/main/monster/assets/json/MHWilds_Data_compact.json.gz
uth-duna,MHWilds,head_stagger,450,damage points (base),https://raw.githubusercontent.com/robomeche/MHWilds-Database/main/monster/assets/json/MHWilds_Data_compact.json.gz
uth-duna,MHWilds,hitzone_max_raw,90,"percent (robomeche Meat, default state max)",https://raw.githubusercontent.com/robomeche/MHWilds-Database/main/monster/assets/json/MHWilds_Data_compact.json.gz
uth-duna,MHWilds,size_base,2979.2935,cm,https://wilds.mhdb.io/en/monsters
uth-duna,MHWilds,size_gold,3366.6016,cm,https://wilds.mhdb.io/en/monsters
uth-duna,MHWilds,tolerance_paralysis,180,status build-up points,https://raw.githubusercontent.com/robomeche/MHWilds-Database/main/monster/assets/json/MHWilds_Data_compact.json.gz
uth-duna,MHWilds,tolerance_poison,150,status build-up points,https://raw.githubusercontent.com/robomeche/MHWilds-Database/main/monster/assets/json/MHWilds_Data_compact.json.gz
uth-duna,MHWilds,tolerance_sleep,150,status build-up points,https://raw.githubusercontent.com/robomeche/MHWilds-Database/main/monster/assets/json/MHWilds_Data_compact.json.gz
uth-duna,MHWilds,tolerance_stun,150,stun (KO) build-up points,https://raw.githubusercontent.com/robomeche/MHWilds-Database/main/monster/assets/json/MHWilds_Data_compact.json.gz
vaal-hazak,MHWorld,base_hp,4700,HP,https://mhworld.kiranico.com/en/monsters/9mMsb/vaal-hazak
vaal-hazak,MHWorld,enrage_attack_mult,1.1,"multiplier (Low Rank/High Rank column, not Master Rank)",https://mhworld.kiranico.com/en/monsters/9mMsb/vaal-hazak
vaal-hazak,MHWorld,enrage_duration,60,"seconds (Low Rank/High Rank column, not Master Rank)",https://mhworld.kiranico.com/en/monsters/9mMsb/vaal-hazak
vaal-hazak,MHWorld,enrage_speed_mult,1.05,"multiplier (Low Rank/High Rank column, not Master Rank)",https://mhworld.kiranico.com/en/monsters/9mMsb/vaal-hazak
vaal-hazak,MHWorld,enrage_trigger,600,"damage points (Low Rank/High Rank column, not Master Rank)",https://mhworld.kiranico.com/en/monsters/9mMsb/vaal-hazak
vaal-hazak,MHWorld,head_stagger,300,"damage (Part Breakability, exact ""Head"" row)",https://mhworld.kiranico.com/en/monsters/9mMsb/vaal-hazak
vaal-hazak,MHWorld,hitzone_max_raw,80,"raw hitzone % (max sever/blunt/shot over LR/HR Physiology rows, including state-variant parts e.g. ""Head (White)"", excluding Master Rank override rows)",https://mhworld.kiranico.com/en/monsters/9mMsb/vaal-hazak
vaal-hazak,MHWorld,move_power_max,120,motion value (max over Monster Attacks rows; poedb only lists a subset so is not used here),https://mhworld.kiranico.com/en/monsters/9mMsb/vaal-hazak
vaal-hazak,MHWorld,size_base,2095.4,cm (poedb Base; never derived as gold/1.23 — crown thresholds are per-monster),https://mhw.poedb.tw/eng/monster/36/Vaal%20Hazak
vaal-hazak,MHWorld,size_gold,2577.34,cm (gold crown threshold),https://mhworld.kiranico.com/en/monsters/9mMsb/vaal-hazak
vaal-hazak,MHWorld,tolerance_paralysis,300,status build-up points,https://mhworld.kiranico.com/en/monsters/9mMsb/vaal-hazak
vaal-hazak,MHWorld,tolerance_poison,250,status build-up points,https://mhworld.kiranico.com/en/monsters/9mMsb/vaal-hazak
vaal-hazak,MHWorld,tolerance_sleep,250,status build-up points,https://mhworld.kiranico.com/en/monsters/9mMsb/vaal-hazak
vaal-hazak,MHWorld,tolerance_stun,200,status build-up points,https://mhworld.kiranico.com/en/monsters/9mMsb/vaal-hazak
valstrax,MHGU,base_hp,4800,HP,https://raw.githubusercontent.com/gatheringhallstudios/MHGenDatabase/master/app/src/main/assets/databases/mhgu.db.zip
valstrax,MHGU,head_stagger,250,stagger threshold (raw),https://mhgu.kiranico.com/monster/63ddd
valstrax,MHGU,hitzone_max_raw,60,raw hitzone percent (max over all Kiranico GU states),https://mhgu.kiranico.com/monster/63ddd
valstrax,MHGU,size_base,2267.35,cm,https://mhgu.kiranico.com/monster/63ddd
valstrax,MHGU,size_gold,2675.47,cm,https://mhgu.kiranico.com/monster/63ddd
valstrax,MHGU,tolerance_paralysis,200,status build-up points,https://raw.githubusercontent.com/gatheringhallstudios/MHGenDatabase/master/app/src/main/assets/databases/mhgu.db.zip
valstrax,MHGU,tolerance_poison,150,status build-up points,https://raw.githubusercontent.com/gatheringhallstudios/MHGenDatabase/master/app/src/main/assets/databases/mhgu.db.zip
valstrax,MHGU,tolerance_sleep,200,status build-up points,https://raw.githubusercontent.com/gatheringhallstudios/MHGenDatabase/master/app/src/main/assets/databases/mhgu.db.zip
valstrax,MHGU,tolerance_stun,180,status build-up points,https://raw.githubusercontent.com/gatheringhallstudios/MHGenDatabase/master/app/src/main/assets/databases/mhgu.db.zip
velkhana,MHRS,base_hp,5000,"HP (base_hp_vital, LR/HR)",https://mhrice.info/mhrice.json
velkhana,MHRS,enrage_attack_mult,1.1,multiplier,https://mhrice.info/mhrice.json
velkhana,MHRS,enrage_duration,90,seconds,https://mhrice.info/mhrice.json
velkhana,MHRS,enrage_speed_mult,1.05,motion-rate multiplier,https://mhrice.info/mhrice.json
velkhana,MHRS,enrage_trigger,0,damage points (High Rank),https://mhrice.info/mhrice.json
velkhana,MHRS,head_stagger,350,"part vital (flinch value, LR/HR)",https://mhrice.info/mhrice.json
velkhana,MHRS,hitzone_max_raw,55,hitzone percent (max over all parts and phases),https://mhrice.info/mhrice.json
velkhana,MHRS,move_power_max,18,raw damage (max base_damage),https://mhrice.info/mhrice.json
velkhana,MHRS,size_base,2596.05,cm,https://mhrice.info/mhrice.json
velkhana,MHRS,size_gold,3193.1415,cm (base_size * king_boarder),https://mhrice.info/mhrice.json
velkhana,MHRS,tolerance_paralysis,300,status build-up points,https://mhrice.info/mhrice.json
velkhana,MHRS,tolerance_poison,250,status build-up points,https://mhrice.info/mhrice.json
velkhana,MHRS,tolerance_sleep,250,status build-up points,https://mhrice.info/mhrice.json
velkhana,MHRS,tolerance_stun,200,status build-up points,https://mhrice.info/mhrice.json
velocidrome,MH4U,base_hp,2000,HP,https://kiranico.com/en/mh4u/monster/velocidrome
velocidrome,MHGU,base_hp,2000,HP,https://raw.githubusercontent.com/gatheringhallstudios/MHGenDatabase/master/app/src/main/assets/databases/mhgu.db.zip
velocidrome,MH4U,enrage_attack_mult,1.4,multiplier,https://kiranico.com/en/mh4u/monster/velocidrome
velocidrome,MH4U,enrage_duration,60,seconds,https://kiranico.com/en/mh4u/monster/velocidrome
velocidrome,MH4U,enrage_speed_mult,1.1,multiplier,https://kiranico.com/en/mh4u/monster/velocidrome
velocidrome,MH4U,head_stagger,90,damage,https://kiranico.com/en/mh4u/monster/velocidrome
velocidrome,MHGU,head_stagger,90,stagger threshold (raw),https://mhgu.kiranico.com/monster/64dd6
velocidrome,MH4U,hitzone_max_raw,85,hitzone %,https://kiranico.com/en/mh4u/monster/velocidrome
velocidrome,MHGU,hitzone_max_raw,85,raw hitzone percent (max over all Kiranico GU states),https://mhgu.kiranico.com/monster/64dd6
velocidrome,MH4U,size_base,868.2025057931738,cm,https://kiranico.com/en/mh4u/monster/velocidrome
velocidrome,MHGU,size_base,868.2,cm,https://mhgu.kiranico.com/monster/64dd6
velocidrome,MH4U,size_gold,1067.9,cm,https://kiranico.com/en/mh4u/monster/velocidrome
velocidrome,MHGU,size_gold,1067.89,cm,https://mhgu.kiranico.com/monster/64dd6
velocidrome,MH4U,tolerance_paralysis,80,status build-up points,https://kiranico.com/en/mh4u/monster/velocidrome
velocidrome,MHGU,tolerance_paralysis,80,status build-up points,https://raw.githubusercontent.com/gatheringhallstudios/MHGenDatabase/master/app/src/main/assets/databases/mhgu.db.zip
velocidrome,MH4U,tolerance_poison,80,status build-up points,https://kiranico.com/en/mh4u/monster/velocidrome
velocidrome,MHGU,tolerance_poison,80,status build-up points,https://raw.githubusercontent.com/gatheringhallstudios/MHGenDatabase/master/app/src/main/assets/databases/mhgu.db.zip
velocidrome,MH4U,tolerance_sleep,70,status build-up points,https://kiranico.com/en/mh4u/monster/velocidrome
velocidrome,MHGU,tolerance_sleep,70,status build-up points,https://raw.githubusercontent.com/gatheringhallstudios/MHGenDatabase/master/app/src/main/assets/databases/mhgu.db.zip
velocidrome,MH4U,tolerance_stun,80,status build-up points,https://kiranico.com/en/mh4u/monster/velocidrome
velocidrome,MHGU,tolerance_stun,80,status build-up points,https://raw.githubusercontent.com/gatheringhallstudios/MHGenDatabase/master/app/src/main/assets/databases/mhgu.db.zip
vespoid-queen,MHFU,base_hp,1800,"HP points (raw, min of appear[].health across quests)",https://raw.githubusercontent.com/Kolyn090/mhfu-db/394b2f99a9d56c83153d9dc045e207334bbd1095/Monsters/stats.json
vespoid-queen,MHFU,enrage_attack_mult,1.5,multiplier (x),https://raw.githubusercontent.com/Kolyn090/mhfu-db/394b2f99a9d56c83153d9dc045e207334bbd1095/Monsters/stats.json
vespoid-queen,MHFU,hitzone_max_raw,100,"percent (raw hitzone, external non-conditional parts, max of slash/strike/shooting)",https://raw.githubusercontent.com/Kolyn090/mhfu-db/394b2f99a9d56c83153d9dc045e207334bbd1095/Monsters/weapon-effectiveness.json
vespoid-queen,MHFU,tolerance_paralysis,100,status build-up points,https://raw.githubusercontent.com/Kolyn090/mhfu-db/394b2f99a9d56c83153d9dc045e207334bbd1095/Monsters/status-effectiveness.json
vespoid-queen,MHFU,tolerance_poison,100,status build-up points,https://raw.githubusercontent.com/Kolyn090/mhfu-db/394b2f99a9d56c83153d9dc045e207334bbd1095/Monsters/status-effectiveness.json
vespoid-queen,MHFU,tolerance_sleep,200,status build-up points,https://raw.githubusercontent.com/Kolyn090/mhfu-db/394b2f99a9d56c83153d9dc045e207334bbd1095/Monsters/status-effectiveness.json
violet-mizutsune,MHRS,base_hp,4600,"HP (base_hp_vital, LR/HR)",https://mhrice.info/mhrice.json
violet-mizutsune,MHRS,enrage_attack_mult,1.2,multiplier,https://mhrice.info/mhrice.json
violet-mizutsune,MHRS,enrage_duration,100,seconds,https://mhrice.info/mhrice.json
violet-mizutsune,MHRS,enrage_speed_mult,1.15,motion-rate multiplier,https://mhrice.info/mhrice.json
violet-mizutsune,MHRS,enrage_trigger,1150,damage points (High Rank),https://mhrice.info/mhrice.json
violet-mizutsune,MHRS,head_stagger,270,"part vital (flinch value, LR/HR)",https://mhrice.info/mhrice.json
violet-mizutsune,MHRS,hitzone_max_raw,63,hitzone percent (max over all parts and phases),https://mhrice.info/mhrice.json
violet-mizutsune,MHRS,move_power_max,120,raw damage (max base_damage),https://mhrice.info/mhrice.json
violet-mizutsune,MHRS,size_base,1832.1,cm,https://mhrice.info/mhrice.json
violet-mizutsune,MHRS,size_gold,2253.4829999999997,cm (base_size * king_boarder),https://mhrice.info/mhrice.json
violet-mizutsune,MHRS,tolerance_paralysis,180,status build-up points,https://mhrice.info/mhrice.json
violet-mizutsune,MHRS,tolerance_poison,150,status build-up points,https://mhrice.info/mhrice.json
violet-mizutsune,MHRS,tolerance_sleep,150,status build-up points,https://mhrice.info/mhrice.json
violet-mizutsune,MHRS,tolerance_stun,150,status build-up points,https://mhrice.info/mhrice.json
viper-tobi-kadachi,MHWorld,base_hp,2900,HP,https://mhworld.kiranico.com/en/monsters/2mJUK/viper-tobi-kadachi
viper-tobi-kadachi,MHWorld,enrage_attack_mult,1.2,"multiplier (Low Rank/High Rank column, not Master Rank)",https://mhworld.kiranico.com/en/monsters/2mJUK/viper-tobi-kadachi
viper-tobi-kadachi,MHWorld,enrage_duration,100,"seconds (Low Rank/High Rank column, not Master Rank)",https://mhworld.kiranico.com/en/monsters/2mJUK/viper-tobi-kadachi
viper-tobi-kadachi,MHWorld,enrage_speed_mult,1.04,"multiplier (Low Rank/High Rank column, not Master Rank)",https://mhworld.kiranico.com/en/monsters/2mJUK/viper-tobi-kadachi
viper-tobi-kadachi,MHWorld,enrage_trigger,600,"damage points (Low Rank/High Rank column, not Master Rank)",https://mhworld.kiranico.com/en/monsters/2mJUK/viper-tobi-kadachi
viper-tobi-kadachi,MHWorld,head_stagger,250,"damage (Part Breakability, exact ""Head"" row)",https://mhworld.kiranico.com/en/monsters/2mJUK/viper-tobi-kadachi
viper-tobi-kadachi,MHWorld,hitzone_max_raw,65,"raw hitzone % (max sever/blunt/shot over LR/HR Physiology rows, including state-variant parts e.g. ""Head (White)"", excluding Master Rank override rows)",https://mhworld.kiranico.com/en/monsters/2mJUK/viper-tobi-kadachi
viper-tobi-kadachi,MHWorld,move_power_max,80,motion value (max over Monster Attacks rows; poedb only lists a subset so is not used here),https://mhworld.kiranico.com/en/monsters/2mJUK/viper-tobi-kadachi
viper-tobi-kadachi,MHWorld,size_base,1300.52,cm (poedb Base; never derived as gold/1.23 — crown thresholds are per-monster),https://mhw.poedb.tw/eng/monster/71/Viper%20Tobi-Kadachi
viper-tobi-kadachi,MHWorld,size_gold,1560.62,cm (gold crown threshold),https://mhworld.kiranico.com/en/monsters/2mJUK/viper-tobi-kadachi
viper-tobi-kadachi,MHWorld,tolerance_paralysis,300,status build-up points,https://mhworld.kiranico.com/en/monsters/2mJUK/viper-tobi-kadachi
viper-tobi-kadachi,MHWorld,tolerance_poison,250,status build-up points,https://mhworld.kiranico.com/en/monsters/2mJUK/viper-tobi-kadachi
viper-tobi-kadachi,MHWorld,tolerance_sleep,150,status build-up points,https://mhworld.kiranico.com/en/monsters/2mJUK/viper-tobi-kadachi
viper-tobi-kadachi,MHWorld,tolerance_stun,150,status build-up points,https://mhworld.kiranico.com/en/monsters/2mJUK/viper-tobi-kadachi
volvidon,MHGU,base_hp,3800,HP,https://raw.githubusercontent.com/gatheringhallstudios/MHGenDatabase/master/app/src/main/assets/databases/mhgu.db.zip
volvidon,MHRS,base_hp,3800,"HP (base_hp_vital, LR/HR)",https://mhrice.info/mhrice.json
volvidon,MHRS,enrage_attack_mult,1.3,multiplier,https://mhrice.info/mhrice.json
volvidon,MHRS,enrage_duration,60,seconds,https://mhrice.info/mhrice.json
volvidon,MHRS,enrage_speed_mult,1.1,motion-rate multiplier,https://mhrice.info/mhrice.json
volvidon,MHRS,enrage_trigger,450,damage points (High Rank),https://mhrice.info/mhrice.json
volvidon,MHRS,head_stagger,180,"part vital (flinch value, LR/HR)",https://mhrice.info/mhrice.json
volvidon,MHGU,hitzone_max_raw,75,raw hitzone percent (max over all Kiranico GU states),https://mhgu.kiranico.com/monster/674b6
volvidon,MHRS,hitzone_max_raw,75,hitzone percent (max over all parts and phases),https://mhrice.info/mhrice.json
volvidon,MHRS,move_power_max,120,raw damage (max base_damage),https://mhrice.info/mhrice.json
volvidon,MHGU,size_base,696.68,cm,https://mhgu.kiranico.com/monster/674b6
volvidon,MHRS,size_base,687.29,cm,https://mhrice.info/mhrice.json
volvidon,MHGU,size_gold,856.92,cm,https://mhgu.kiranico.com/monster/674b6
volvidon,MHRS,size_gold,845.3666999999999,cm (base_size * king_boarder),https://mhrice.info/mhrice.json
volvidon,MHGU,tolerance_paralysis,200,status build-up points,https://raw.githubusercontent.com/gatheringhallstudios/MHGenDatabase/master/app/src/main/assets/databases/mhgu.db.zip
volvidon,MHRS,tolerance_paralysis,180,status build-up points,https://mhrice.info/mhrice.json
volvidon,MHGU,tolerance_poison,150,status build-up points,https://raw.githubusercontent.com/gatheringhallstudios/MHGenDatabase/master/app/src/main/assets/databases/mhgu.db.zip
volvidon,MHRS,tolerance_poison,150,status build-up points,https://mhrice.info/mhrice.json
volvidon,MHGU,tolerance_sleep,200,status build-up points,https://raw.githubusercontent.com/gatheringhallstudios/MHGenDatabase/master/app/src/main/assets/databases/mhgu.db.zip
volvidon,MHRS,tolerance_sleep,150,status build-up points,https://mhrice.info/mhrice.json
volvidon,MHGU,tolerance_stun,100,status build-up points,https://raw.githubusercontent.com/gatheringhallstudios/MHGenDatabase/master/app/src/main/assets/databases/mhgu.db.zip
volvidon,MHRS,tolerance_stun,100,status build-up points,https://mhrice.info/mhrice.json
white-monoblos,MH4U,base_hp,6000,HP,https://kiranico.com/en/mh4u/monster/white-monoblos
white-monoblos,MH4U,enrage_attack_mult,1.5,multiplier,https://kiranico.com/en/mh4u/monster/white-monoblos
white-monoblos,MH4U,enrage_duration,80,seconds,https://kiranico.com/en/mh4u/monster/white-monoblos
white-monoblos,MH4U,enrage_speed_mult,1.4,multiplier,https://kiranico.com/en/mh4u/monster/white-monoblos
white-monoblos,MH4U,head_stagger,120,damage,https://kiranico.com/en/mh4u/monster/white-monoblos
white-monoblos,MH4U,hitzone_max_raw,80,hitzone %,https://kiranico.com/en/mh4u/monster/white-monoblos
white-monoblos,MH4U,size_base,2331.8888888888887,cm,https://kiranico.com/en/mh4u/monster/white-monoblos
white-monoblos,MH4U,size_gold,2661.2,cm,https://kiranico.com/en/mh4u/monster/white-monoblos
white-monoblos,MH4U,tolerance_paralysis,150,status build-up points,https://kiranico.com/en/mh4u/monster/white-monoblos
white-monoblos,MH4U,tolerance_poison,100,status build-up points,https://kiranico.com/en/mh4u/monster/white-monoblos
white-monoblos,MH4U,tolerance_sleep,150,status build-up points,https://kiranico.com/en/mh4u/monster/white-monoblos
white-monoblos,MH4U,tolerance_stun,100,status build-up points,https://kiranico.com/en/mh4u/monster/white-monoblos
wind-serpent-ibushi,MHRS,base_hp,5000,"HP (base_hp_vital, LR/HR)",https://mhrice.info/mhrice.json
wind-serpent-ibushi,MHRS,enrage_attack_mult,1.2,multiplier,https://mhrice.info/mhrice.json
wind-serpent-ibushi,MHRS,enrage_duration,120,seconds,https://mhrice.info/mhrice.json
wind-serpent-ibushi,MHRS,enrage_speed_mult,1.2,motion-rate multiplier,https://mhrice.info/mhrice.json
wind-serpent-ibushi,MHRS,enrage_trigger,1350,damage points (High Rank),https://mhrice.info/mhrice.json
wind-serpent-ibushi,MHRS,head_stagger,340,"part vital (flinch value, LR/HR)",https://mhrice.info/mhrice.json
wind-serpent-ibushi,MHRS,hitzone_max_raw,80,hitzone percent (max over all parts and phases),https://mhrice.info/mhrice.json
wind-serpent-ibushi,MHRS,move_power_max,100,raw damage (max base_damage),https://mhrice.info/mhrice.json
wind-serpent-ibushi,MHRS,size_base,3068.6,cm,https://mhrice.info/mhrice.json
wind-serpent-ibushi,MHRS,size_gold,3774.3779999999997,cm (base_size * king_boarder),https://mhrice.info/mhrice.json
wind-serpent-ibushi,MHRS,tolerance_paralysis,180,status build-up points,https://mhrice.info/mhrice.json
wind-serpent-ibushi,MHRS,tolerance_poison,150,status build-up points,https://mhrice.info/mhrice.json
wind-serpent-ibushi,MHRS,tolerance_sleep,150,status build-up points,https://mhrice.info/mhrice.json
wind-serpent-ibushi,MHRS,tolerance_stun,120,status build-up points,https://mhrice.info/mhrice.json
xeno-jiiva,MHWorld,base_hp,7500,HP,https://mhworld.kiranico.com/en/monsters/wA8F8/xeno-jiiva
xeno-jiiva,MHWorld,enrage_attack_mult,1.05,"multiplier (Low Rank/High Rank column, not Master Rank)",https://mhworld.kiranico.com/en/monsters/wA8F8/xeno-jiiva
xeno-jiiva,MHWorld,enrage_duration,100,"seconds (Low Rank/High Rank column, not Master Rank)",https://mhworld.kiranico.com/en/monsters/wA8F8/xeno-jiiva
xeno-jiiva,MHWorld,enrage_speed_mult,1.1,"multiplier (Low Rank/High Rank column, not Master Rank)",https://mhworld.kiranico.com/en/monsters/wA8F8/xeno-jiiva
xeno-jiiva,MHWorld,enrage_trigger,500,"damage points (Low Rank/High Rank column, not Master Rank)",https://mhworld.kiranico.com/en/monsters/wA8F8/xeno-jiiva
xeno-jiiva,MHWorld,head_stagger,400,"damage (Part Breakability, exact ""Head"" row)",https://mhworld.kiranico.com/en/monsters/wA8F8/xeno-jiiva
xeno-jiiva,MHWorld,hitzone_max_raw,100,"raw hitzone % (max sever/blunt/shot over LR/HR Physiology rows, including state-variant parts e.g. ""Head (White)"", excluding Master Rank override rows)",https://mhworld.kiranico.com/en/monsters/wA8F8/xeno-jiiva
xeno-jiiva,MHWorld,move_power_max,110,motion value (max over Monster Attacks rows; poedb only lists a subset so is not used here),https://mhworld.kiranico.com/en/monsters/wA8F8/xeno-jiiva
xeno-jiiva,MHWorld,size_base,4509.1,cm (poedb Base; never derived as gold/1.23 — crown thresholds are per-monster),https://mhw.poedb.tw/eng/monster/26/Xeno%27jiiva
xeno-jiiva,MHWorld,size_gold,5546.19,cm (gold crown threshold),https://mhworld.kiranico.com/en/monsters/wA8F8/xeno-jiiva
xeno-jiiva,MHWorld,tolerance_paralysis,300,status build-up points,https://mhworld.kiranico.com/en/monsters/wA8F8/xeno-jiiva
xeno-jiiva,MHWorld,tolerance_poison,300,status build-up points,https://mhworld.kiranico.com/en/monsters/wA8F8/xeno-jiiva
xeno-jiiva,MHWorld,tolerance_stun,200,status build-up points,https://mhworld.kiranico.com/en/monsters/wA8F8/xeno-jiiva
xu-wu,MHWilds,base_hp,4500,HP points,https://wilds.mhdb.io/en/monsters
xu-wu,MHWilds,enrage_attack_mult,1.3,multiplier (High Rank),https://raw.githubusercontent.com/robomeche/MHWilds-Database/main/monster/assets/json/MHWilds_Data_compact.json.gz
xu-wu,MHWilds,enrage_duration,90,seconds (High Rank),https://raw.githubusercontent.com/robomeche/MHWilds-Database/main/monster/assets/json/MHWilds_Data_compact.json.gz
xu-wu,MHWilds,enrage_speed_mult,1.1,motion-speed multiplier (High Rank),https://raw.githubusercontent.com/robomeche/MHWilds-Database/main/monster/assets/json/MHWilds_Data_compact.json.gz
xu-wu,MHWilds,enrage_trigger,600,damage points (High Rank),https://raw.githubusercontent.com/robomeche/MHWilds-Database/main/monster/assets/json/MHWilds_Data_compact.json.gz
xu-wu,MHWilds,head_stagger,300,damage points (base),https://raw.githubusercontent.com/robomeche/MHWilds-Database/main/monster/assets/json/MHWilds_Data_compact.json.gz
xu-wu,MHWilds,hitzone_max_raw,100,"percent (robomeche Meat, default state max)",https://raw.githubusercontent.com/robomeche/MHWilds-Database/main/monster/assets/json/MHWilds_Data_compact.json.gz
xu-wu,MHWilds,size_base,1396.3015,cm,https://wilds.mhdb.io/en/monsters
xu-wu,MHWilds,size_gold,1717.4509,cm,https://wilds.mhdb.io/en/monsters
xu-wu,MHWilds,tolerance_paralysis,180,status build-up points,https://raw.githubusercontent.com/robomeche/MHWilds-Database/main/monster/assets/json/MHWilds_Data_compact.json.gz
xu-wu,MHWilds,tolerance_poison,100,status build-up points,https://raw.githubusercontent.com/robomeche/MHWilds-Database/main/monster/assets/json/MHWilds_Data_compact.json.gz
xu-wu,MHWilds,tolerance_sleep,250,status build-up points,https://raw.githubusercontent.com/robomeche/MHWilds-Database/main/monster/assets/json/MHWilds_Data_compact.json.gz
xu-wu,MHWilds,tolerance_stun,120,stun (KO) build-up points,https://raw.githubusercontent.com/robomeche/MHWilds-Database/main/monster/assets/json/MHWilds_Data_compact.json.gz
yama-tsukami,MHFU,base_hp,18666,"HP points (raw, min of appear[].health across quests)",https://raw.githubusercontent.com/Kolyn090/mhfu-db/394b2f99a9d56c83153d9dc045e207334bbd1095/Monsters/stats.json
yama-tsukami,MHFU,enrage_attack_mult,1.5,multiplier (x),https://raw.githubusercontent.com/Kolyn090/mhfu-db/394b2f99a9d56c83153d9dc045e207334bbd1095/Monsters/stats.json
yama-tsukami,MHFU,head_stagger,400,flinch/stagger damage threshold (raw),https://raw.githubusercontent.com/Kolyn090/mhfu-db/394b2f99a9d56c83153d9dc045e207334bbd1095/Monsters/basic-parts-duration.json
yama-tsukami,MHFU,hitzone_max_raw,90,"percent (raw hitzone, external non-conditional parts, max of slash/strike/shooting)",https://raw.githubusercontent.com/Kolyn090/mhfu-db/394b2f99a9d56c83153d9dc045e207334bbd1095/Monsters/weapon-effectiveness.json
yian-garuga,MH4U,base_hp,4200,HP,https://kiranico.com/en/mh4u/monster/yian-garuga
yian-garuga,MHGU,base_hp,4200,HP,https://raw.githubusercontent.com/gatheringhallstudios/MHGenDatabase/master/app/src/main/assets/databases/mhgu.db.zip
yian-garuga,MHWorld,base_hp,3150,HP,https://mhworld.kiranico.com/en/monsters/jXmhm/yian-garuga
yian-garuga,MH4U,enrage_attack_mult,1.2,multiplier,https://kiranico.com/en/mh4u/monster/yian-garuga
yian-garuga,MHWorld,enrage_attack_mult,1.2,"multiplier (Low Rank/High Rank column, not Master Rank)",https://mhworld.kiranico.com/en/monsters/jXmhm/yian-garuga
yian-garuga,MH4U,enrage_duration,80,seconds,https://kiranico.com/en/mh4u/monster/yian-garuga
yian-garuga,MHWorld,enrage_duration,75,"seconds (Low Rank/High Rank column, not Master Rank)",https://mhworld.kiranico.com/en/monsters/jXmhm/yian-garuga
yian-garuga,MH4U,enrage_speed_mult,1.3,multiplier,https://kiranico.com/en/mh4u/monster/yian-garuga
yian-garuga,MHWorld,enrage_speed_mult,1.1,"multiplier (Low Rank/High Rank column, not Master Rank)",https://mhworld.kiranico.com/en/monsters/jXmhm/yian-garuga
yian-garuga,MHWorld,enrage_trigger,450,"damage points (Low Rank/High Rank column, not Master Rank)",https://mhworld.kiranico.com/en/monsters/jXmhm/yian-garuga
yian-garuga,MH4U,head_stagger,160,damage,https://kiranico.com/en/mh4u/monster/yian-garuga
yian-garuga,MHGU,head_stagger,130,stagger threshold (raw),https://mhgu.kiranico.com/monster/60736
yian-garuga,MH4U,hitzone_max_raw,65,hitzone %,https://kiranico.com/en/mh4u/monster/yian-garuga
yian-garuga,MHGU,hitzone_max_raw,65,raw hitzone percent (max over all Kiranico GU states),https://mhgu.kiranico.com/monster/60736
yian-garuga,MHWorld,hitzone_max_raw,65,"raw hitzone % (max sever/blunt/shot over LR/HR Physiology rows, including state-variant parts e.g. ""Head (White)"", excluding Master Rank override rows)",https://mhworld.kiranico.com/en/monsters/jXmhm/yian-garuga
yian-garuga,MHWorld,move_power_max,90,motion value (max over Monster Attacks rows; poedb only lists a subset so is not used here),https://mhworld.kiranico.com/en/monsters/jXmhm/yian-garuga
yian-garuga,MH4U,size_base,1395.576843014807,cm,https://kiranico.com/en/mh4u/monster/yian-garuga
yian-garuga,MHGU,size_base,1395.6,cm,https://mhgu.kiranico.com/monster/60736
yian-garuga,MHWorld,size_base,1389.01,cm (poedb Base; never derived as gold/1.23 — crown thresholds are per-monster),https://mhw.poedb.tw/eng/monster/90/Yian%20Garuga
yian-garuga,MH4U,size_gold,1716.6,cm,https://kiranico.com/en/mh4u/monster/yian-garuga
yian-garuga,MHGU,size_gold,1716.59,cm,https://mhgu.kiranico.com/monster/60736
yian-garuga,MHWorld,size_gold,1708.48,cm (gold crown threshold),https://mhworld.kiranico.com/en/monsters/jXmhm/yian-garuga
yian-garuga,MH4U,tolerance_paralysis,200,status build-up points,https://kiranico.com/en/mh4u/monster/yian-garuga
yian-garuga,MHGU,tolerance_paralysis,200,status build-up points,https://raw.githubusercontent.com/gatheringhallstudios/MHGenDatabase/master/app/src/main/assets/databases/mhgu.db.zip
yian-garuga,MHWorld,tolerance_paralysis,180,status build-up points,https://mhworld.kiranico.com/en/monsters/jXmhm/yian-garuga
yian-garuga,MHWorld,tolerance_poison,250,status build-up points,https://mhworld.kiranico.com/en/monsters/jXmhm/yian-garuga
yian-garuga,MH4U,tolerance_sleep,150,status build-up points,https://kiranico.com/en/mh4u/monster/yian-garuga
yian-garuga,MHGU,tolerance_sleep,150,status build-up points,https://raw.githubusercontent.com/gatheringhallstudios/MHGenDatabase/master/app/src/main/assets/databases/mhgu.db.zip
yian-garuga,MHWorld,tolerance_sleep,250,status build-up points,https://mhworld.kiranico.com/en/monsters/jXmhm/yian-garuga
yian-garuga,MH4U,tolerance_stun,150,status build-up points,https://kiranico.com/en/mh4u/monster/yian-garuga
yian-garuga,MHGU,tolerance_stun,150,status build-up points,https://raw.githubusercontent.com/gatheringhallstudios/MHGenDatabase/master/app/src/main/assets/databases/mhgu.db.zip
yian-garuga,MHWorld,tolerance_stun,150,status build-up points,https://mhworld.kiranico.com/en/monsters/jXmhm/yian-garuga
yian-kut-ku,MH4U,base_hp,3800,HP,https://kiranico.com/en/mh4u/monster/yian-kut-ku
yian-kut-ku,MHGU,base_hp,3800,HP,https://raw.githubusercontent.com/gatheringhallstudios/MHGenDatabase/master/app/src/main/assets/databases/mhgu.db.zip
yian-kut-ku,MHWilds,base_hp,3800,HP points,https://wilds.mhdb.io/en/monsters
yian-kut-ku,MH4U,enrage_attack_mult,1.2,multiplier,https://kiranico.com/en/mh4u/monster/yian-kut-ku
yian-kut-ku,MHWilds,enrage_attack_mult,1.2,multiplier (High Rank),https://raw.githubusercontent.com/robomeche/MHWilds-Database/main/monster/assets/json/MHWilds_Data_compact.json.gz
yian-kut-ku,MH4U,enrage_duration,70,seconds,https://kiranico.com/en/mh4u/monster/yian-kut-ku
yian-kut-ku,MHWilds,enrage_duration,80,seconds (High Rank),https://raw.githubusercontent.com/robomeche/MHWilds-Database/main/monster/assets/json/MHWilds_Data_compact.json.gz
yian-kut-ku,MH4U,enrage_speed_mult,1.2,multiplier,https://kiranico.com/en/mh4u/monster/yian-kut-ku
yian-kut-ku,MHWilds,enrage_speed_mult,1.15,motion-speed multiplier (High Rank),https://raw.githubusercontent.com/robomeche/MHWilds-Database/main/monster/assets/json/MHWilds_Data_compact.json.gz
yian-kut-ku,MHWilds,enrage_trigger,1000,damage points (High Rank),https://raw.githubusercontent.com/robomeche/MHWilds-Database/main/monster/assets/json/MHWilds_Data_compact.json.gz
yian-kut-ku,MH4U,head_stagger,160,damage,https://kiranico.com/en/mh4u/monster/yian-kut-ku
yian-kut-ku,MHGU,head_stagger,130,stagger threshold (raw),https://mhgu.kiranico.com/monster/a67b6
yian-kut-ku,MHWilds,head_stagger,520,damage points (base),https://raw.githubusercontent.com/robomeche/MHWilds-Database/main/monster/assets/json/MHWilds_Data_compact.json.gz
yian-kut-ku,MH4U,hitzone_max_raw,80,hitzone %,https://kiranico.com/en/mh4u/monster/yian-kut-ku
yian-kut-ku,MHGU,hitzone_max_raw,80,raw hitzone percent (max over all Kiranico GU states),https://mhgu.kiranico.com/monster/a67b6
yian-kut-ku,MHWilds,hitzone_max_raw,80,"percent (robomeche Meat, default state max)",https://raw.githubusercontent.com/robomeche/MHWilds-Database/main/monster/assets/json/MHWilds_Data_compact.json.gz
yian-kut-ku,MH4U,size_base,898.5940457955304,cm,https://kiranico.com/en/mh4u/monster/yian-kut-ku
yian-kut-ku,MHGU,size_base,898.6,cm,https://mhgu.kiranico.com/monster/a67b6
yian-kut-ku,MHWilds,size_base,994.5472,cm,https://wilds.mhdb.io/en/monsters
yian-kut-ku,MH4U,size_gold,1105.3,cm,https://kiranico.com/en/mh4u/monster/yian-kut-ku
yian-kut-ku,MHGU,size_gold,1105.28,cm,https://mhgu.kiranico.com/monster/a67b6
yian-kut-ku,MHWilds,size_gold,1223.2931,cm,https://wilds.mhdb.io/en/monsters
yian-kut-ku,MH4U,tolerance_paralysis,100,status build-up points,https://kiranico.com/en/mh4u/monster/yian-kut-ku
yian-kut-ku,MHGU,tolerance_paralysis,100,status build-up points,https://raw.githubusercontent.com/gatheringhallstudios/MHGenDatabase/master/app/src/main/assets/databases/mhgu.db.zip
yian-kut-ku,MHWilds,tolerance_paralysis,180,status build-up points,https://raw.githubusercontent.com/robomeche/MHWilds-Database/main/monster/assets/json/MHWilds_Data_compact.json.gz
yian-kut-ku,MH4U,tolerance_poison,100,status build-up points,https://kiranico.com/en/mh4u/monster/yian-kut-ku
yian-kut-ku,MHGU,tolerance_poison,100,status build-up points,https://raw.githubusercontent.com/gatheringhallstudios/MHGenDatabase/master/app/src/main/assets/databases/mhgu.db.zip
yian-kut-ku,MHWilds,tolerance_poison,150,status build-up points,https://raw.githubusercontent.com/robomeche/MHWilds-Database/main/monster/assets/json/MHWilds_Data_compact.json.gz
yian-kut-ku,MH4U,tolerance_sleep,110,status build-up points,https://kiranico.com/en/mh4u/monster/yian-kut-ku
yian-kut-ku,MHGU,tolerance_sleep,110,status build-up points,https://raw.githubusercontent.com/gatheringhallstudios/MHGenDatabase/master/app/src/main/assets/databases/mhgu.db.zip
yian-kut-ku,MHWilds,tolerance_sleep,150,status build-up points,https://raw.githubusercontent.com/robomeche/MHWilds-Database/main/monster/assets/json/MHWilds_Data_compact.json.gz
yian-kut-ku,MH4U,tolerance_stun,120,status build-up points,https://kiranico.com/en/mh4u/monster/yian-kut-ku
yian-kut-ku,MHGU,tolerance_stun,120,status build-up points,https://raw.githubusercontent.com/gatheringhallstudios/MHGenDatabase/master/app/src/main/assets/databases/mhgu.db.zip
yian-kut-ku,MHWilds,tolerance_stun,120,stun (KO) build-up points,https://raw.githubusercontent.com/robomeche/MHWilds-Database/main/monster/assets/json/MHWilds_Data_compact.json.gz
zamtrios,MH4U,base_hp,5200,HP,https://kiranico.com/en/mh4u/monster/zamtrios
zamtrios,MHGU,base_hp,5200,HP,https://raw.githubusercontent.com/gatheringhallstudios/MHGenDatabase/master/app/src/main/assets/databases/mhgu.db.zip
zamtrios,MH4U,enrage_attack_mult,1.3,multiplier,https://kiranico.com/en/mh4u/monster/zamtrios
zamtrios,MH4U,enrage_duration,100,seconds,https://kiranico.com/en/mh4u/monster/zamtrios
zamtrios,MH4U,enrage_speed_mult,1.2,multiplier,https://kiranico.com/en/mh4u/monster/zamtrios
zamtrios,MH4U,head_stagger,240,damage,https://kiranico.com/en/mh4u/monster/zamtrios
zamtrios,MHGU,head_stagger,240,stagger threshold (raw),https://mhgu.kiranico.com/monster/6e7b6
zamtrios,MH4U,hitzone_max_raw,45,hitzone %,https://kiranico.com/en/mh4u/monster/zamtrios
zamtrios,MHGU,hitzone_max_raw,75,raw hitzone percent (max over all Kiranico GU states),https://mhgu.kiranico.com/monster/6e7b6
zamtrios,MH4U,size_base,1519.5714229606065,cm,https://kiranico.com/en/mh4u/monster/zamtrios
zamtrios,MHGU,size_base,1519.6,cm,https://mhgu.kiranico.com/monster/6e7b6
zamtrios,MH4U,size_gold,1869.1,cm,https://kiranico.com/en/mh4u/monster/zamtrios
zamtrios,MHGU,size_gold,1869.11,cm,https://mhgu.kiranico.com/monster/6e7b6
zamtrios,MH4U,tolerance_paralysis,200,status build-up points,https://kiranico.com/en/mh4u/monster/zamtrios
zamtrios,MHGU,tolerance_paralysis,200,status build-up points,https://raw.githubusercontent.com/gatheringhallstudios/MHGenDatabase/master/app/src/main/assets/databases/mhgu.db.zip
zamtrios,MH4U,tolerance_poison,150,status build-up points,https://kiranico.com/en/mh4u/monster/zamtrios
zamtrios,MHGU,tolerance_poison,150,status build-up points,https://raw.githubusercontent.com/gatheringhallstudios/MHGenDatabase/master/app/src/main/assets/databases/mhgu.db.zip
zamtrios,MH4U,tolerance_sleep,150,status build-up points,https://kiranico.com/en/mh4u/monster/zamtrios
zamtrios,MHGU,tolerance_sleep,150,status build-up points,https://raw.githubusercontent.com/gatheringhallstudios/MHGenDatabase/master/app/src/main/assets/databases/mhgu.db.zip
zamtrios,MH4U,tolerance_stun,200,status build-up points,https://kiranico.com/en/mh4u/monster/zamtrios
zamtrios,MHGU,tolerance_stun,200,status build-up points,https://raw.githubusercontent.com/gatheringhallstudios/MHGenDatabase/master/app/src/main/assets/databases/mhgu.db.zip
zinogre,MH4U,base_hp,5300,HP,https://kiranico.com/en/mh4u/monster/zinogre
zinogre,MHGU,base_hp,5300,HP,https://raw.githubusercontent.com/gatheringhallstudios/MHGenDatabase/master/app/src/main/assets/databases/mhgu.db.zip
zinogre,MHRS,base_hp,4500,"HP (base_hp_vital, LR/HR)",https://mhrice.info/mhrice.json
zinogre,MH4U,enrage_attack_mult,1.2,multiplier,https://kiranico.com/en/mh4u/monster/zinogre
zinogre,MHRS,enrage_attack_mult,1.2,multiplier,https://mhrice.info/mhrice.json
zinogre,MH4U,enrage_duration,80,seconds,https://kiranico.com/en/mh4u/monster/zinogre
zinogre,MHRS,enrage_duration,70,seconds,https://mhrice.info/mhrice.json
zinogre,MH4U,enrage_speed_mult,1.1,multiplier,https://kiranico.com/en/mh4u/monster/zinogre
zinogre,MHRS,enrage_speed_mult,1.1,motion-rate multiplier,https://mhrice.info/mhrice.json
zinogre,MHRS,enrage_trigger,1050,damage points (High Rank),https://mhrice.info/mhrice.json
zinogre,MH4U,head_stagger,280,damage,https://kiranico.com/en/mh4u/monster/zinogre
zinogre,MHGU,head_stagger,280,stagger threshold (raw),https://mhgu.kiranico.com/monster/647d6
zinogre,MHRS,head_stagger,300,"part vital (flinch value, LR/HR)",https://mhrice.info/mhrice.json
zinogre,MH4U,hitzone_max_raw,70,hitzone %,https://kiranico.com/en/mh4u/monster/zinogre
zinogre,MHGU,hitzone_max_raw,70,raw hitzone percent (max over all Kiranico GU states),https://mhgu.kiranico.com/monster/647d6
zinogre,MHRS,hitzone_max_raw,70,hitzone percent (max over all parts and phases),https://mhrice.info/mhrice.json
zinogre,MHRS,move_power_max,80,raw damage (max base_damage),https://mhrice.info/mhrice.json
zinogre,MH4U,size_base,1455.400534150269,cm,https://kiranico.com/en/mh4u/monster/zinogre
zinogre,MHGU,size_base,1455.4,cm,https://mhgu.kiranico.com/monster/647d6
zinogre,MHRS,size_base,1540.66,cm,https://mhrice.info/mhrice.json
zinogre,MH4U,size_gold,1790.1,cm,https://kiranico.com/en/mh4u/monster/zinogre
zinogre,MHGU,size_gold,1790.14,cm,https://mhgu.kiranico.com/monster/647d6
zinogre,MHRS,size_gold,1895.0118,cm (base_size * king_boarder),https://mhrice.info/mhrice.json
zinogre,MH4U,tolerance_paralysis,180,status build-up points,https://kiranico.com/en/mh4u/monster/zinogre
zinogre,MHGU,tolerance_paralysis,180,status build-up points,https://raw.githubusercontent.com/gatheringhallstudios/MHGenDatabase/master/app/src/main/assets/databases/mhgu.db.zip
zinogre,MHRS,tolerance_paralysis,300,status build-up points,https://mhrice.info/mhrice.json
zinogre,MH4U,tolerance_poison,180,status build-up points,https://kiranico.com/en/mh4u/monster/zinogre
zinogre,MHGU,tolerance_poison,180,status build-up points,https://raw.githubusercontent.com/gatheringhallstudios/MHGenDatabase/master/app/src/main/assets/databases/mhgu.db.zip
zinogre,MHRS,tolerance_poison,150,status build-up points,https://mhrice.info/mhrice.json
zinogre,MH4U,tolerance_sleep,180,status build-up points,https://kiranico.com/en/mh4u/monster/zinogre
zinogre,MHGU,tolerance_sleep,180,status build-up points,https://raw.githubusercontent.com/gatheringhallstudios/MHGenDatabase/master/app/src/main/assets/databases/mhgu.db.zip
zinogre,MHRS,tolerance_sleep,150,status build-up points,https://mhrice.info/mhrice.json
zinogre,MH4U,tolerance_stun,150,status build-up points,https://kiranico.com/en/mh4u/monster/zinogre
zinogre,MHGU,tolerance_stun,150,status build-up points,https://raw.githubusercontent.com/gatheringhallstudios/MHGenDatabase/master/app/src/main/assets/databases/mhgu.db.zip
zinogre,MHRS,tolerance_stun,150,status build-up points,https://mhrice.info/mhrice.json
zoh-shia,MHWilds,base_hp,9000,HP points,https://wilds.mhdb.io/en/monsters
zoh-shia,MHWilds,enrage_attack_mult,1.1,multiplier (High Rank),https://raw.githubusercontent.com/robomeche/MHWilds-Database/main/monster/assets/json/MHWilds_Data_compact.json.gz
zoh-shia,MHWilds,enrage_duration,120,seconds (High Rank),https://raw.githubusercontent.com/robomeche/MHWilds-Database/main/monster/assets/json/MHWilds_Data_compact.json.gz
zoh-shia,MHWilds,enrage_speed_mult,1.08,motion-speed multiplier (High Rank),https://raw.githubusercontent.com/robomeche/MHWilds-Database/main/monster/assets/json/MHWilds_Data_compact.json.gz
zoh-shia,MHWilds,enrage_trigger,1500,damage points (High Rank),https://raw.githubusercontent.com/robomeche/MHWilds-Database/main/monster/assets/json/MHWilds_Data_compact.json.gz
zoh-shia,MHWilds,head_stagger,500,damage points (base),https://raw.githubusercontent.com/robomeche/MHWilds-Database/main/monster/assets/json/MHWilds_Data_compact.json.gz
zoh-shia,MHWilds,hitzone_max_raw,85,"percent (robomeche Meat, default state max)",https://raw.githubusercontent.com/robomeche/MHWilds-Database/main/monster/assets/json/MHWilds_Data_compact.json.gz
zoh-shia,MHWilds,size_base,4623.598,cm,https://wilds.mhdb.io/en/monsters
zoh-shia,MHWilds,size_gold,5687.026,cm,https://wilds.mhdb.io/en/monsters
zoh-shia,MHWilds,tolerance_paralysis,180,status build-up points,https://raw.githubusercontent.com/robomeche/MHWilds-Database/main/monster/assets/json/MHWilds_Data_compact.json.gz
zoh-shia,MHWilds,tolerance_poison,150,status build-up points,https://raw.githubusercontent.com/robomeche/MHWilds-Database/main/monster/assets/json/MHWilds_Data_compact.json.gz
zoh-shia,MHWilds,tolerance_sleep,150,status build-up points,https://raw.githubusercontent.com/robomeche/MHWilds-Database/main/monster/assets/json/MHWilds_Data_compact.json.gz
zoh-shia,MHWilds,tolerance_stun,150,stun (KO) build-up points,https://raw.githubusercontent.com/robomeche/MHWilds-Database/main/monster/assets/json/MHWilds_Data_compact.json.gz
zorah-magdaros,MHWorld,base_hp,12000,HP,https://mhworld.kiranico.com/en/monsters/EmVcV/zorah-magdaros
zorah-magdaros,MHWorld,enrage_attack_mult,1,"multiplier (Low Rank/High Rank column, not Master Rank)",https://mhworld.kiranico.com/en/monsters/EmVcV/zorah-magdaros
zorah-magdaros,MHWorld,enrage_duration,0,"seconds (Low Rank/High Rank column, not Master Rank)",https://mhworld.kiranico.com/en/monsters/EmVcV/zorah-magdaros
zorah-magdaros,MHWorld,enrage_speed_mult,1,"multiplier (Low Rank/High Rank column, not Master Rank)",https://mhworld.kiranico.com/en/monsters/EmVcV/zorah-magdaros
zorah-magdaros,MHWorld,enrage_trigger,0,"damage points (Low Rank/High Rank column, not Master Rank)",https://mhworld.kiranico.com/en/monsters/EmVcV/zorah-magdaros
zorah-magdaros,MHWorld,head_stagger,400,"damage (Part Breakability, exact ""Head"" row)",https://mhworld.kiranico.com/en/monsters/EmVcV/zorah-magdaros
zorah-magdaros,MHWorld,hitzone_max_raw,80,"raw hitzone % (max sever/blunt/shot over LR/HR Physiology rows, including state-variant parts e.g. ""Head (White)"", excluding Master Rank override rows)",https://mhworld.kiranico.com/en/monsters/EmVcV/zorah-magdaros
zorah-magdaros,MHWorld,move_power_max,100,motion value (max over Monster Attacks rows; poedb only lists a subset so is not used here),https://mhworld.kiranico.com/en/monsters/EmVcV/zorah-magdaros
zorah-magdaros,MHWorld,size_base,25764.59,cm (poedb Base; never derived as gold/1.23 — crown thresholds are per-monster),https://mhw.poedb.tw/eng/monster/4/Zorah%20Magdaros
zorah-magdaros,MHWorld,size_gold,31690.45,cm (gold crown threshold),https://mhworld.kiranico.com/en/monsters/EmVcV/zorah-magdaros
